CREATE DATABASE  IF NOT EXISTS `SmartBuildings` /*!40100 DEFAULT CHARACTER SET utf8mb4 COLLATE utf8mb4_0900_ai_ci */ /*!80016 DEFAULT ENCRYPTION='N' */;
USE `SmartBuildings`;

-- Database: Smart Buildings
-- ------------------------------------------------------
-- Server version	8.0.29-0ubuntu0.20.04.3

/*!40101 SET @OLD_CHARACTER_SET_CLIENT=@@CHARACTER_SET_CLIENT */;
/*!40101 SET @OLD_CHARACTER_SET_RESULTS=@@CHARACTER_SET_RESULTS */;
/*!40101 SET @OLD_COLLATION_CONNECTION=@@COLLATION_CONNECTION */;
/*!50503 SET NAMES utf8 */;
/*!40103 SET @OLD_TIME_ZONE=@@TIME_ZONE */;
/*!40103 SET TIME_ZONE='+00:00' */;
/*!40014 SET @OLD_UNIQUE_CHECKS=@@UNIQUE_CHECKS, UNIQUE_CHECKS=0 */;
/*!40014 SET @OLD_FOREIGN_KEY_CHECKS=@@FOREIGN_KEY_CHECKS, FOREIGN_KEY_CHECKS=0 */;
/*!40101 SET @OLD_SQL_MODE=@@SQL_MODE, SQL_MODE='NO_AUTO_VALUE_ON_ZERO' */;
/*!40111 SET @OLD_SQL_NOTES=@@SQL_NOTES, SQL_NOTES=0 */;

--
-- Table structure for table `Alert1D`
--

DROP TABLE IF EXISTS `Alert1D`;
/*!40101 SET @saved_cs_client     = @@character_set_client */;
/*!50503 SET character_set_client = utf8mb4 */;
CREATE TABLE `Alert1D` (
  `Scostamento` float NOT NULL DEFAULT '0',
  `Timestamp` timestamp NOT NULL,
  `CodiceSensore` int unsigned NOT NULL,
  PRIMARY KEY (`Timestamp`,`CodiceSensore`),
  CONSTRAINT `fk_Alert1D_Registrazione1D1` FOREIGN KEY (`Timestamp`, `CodiceSensore`) REFERENCES `Registrazione1D` (`Timestamp`, `CodiceSensore`) ON DELETE CASCADE ON UPDATE CASCADE
) ENGINE=InnoDB DEFAULT CHARSET=utf8mb4 COLLATE=utf8mb4_0900_ai_ci;
/*!40101 SET character_set_client = @saved_cs_client */;

--
-- Dumping data for table `Alert1D`
--

LOCK TABLES `Alert1D` WRITE;
/*!40000 ALTER TABLE `Alert1D` DISABLE KEYS */;
INSERT INTO `Alert1D` VALUES (0.86,'2022-07-27 17:05:21',9),(0.0128572,'2022-07-27 17:34:28',7),(0.34,'2022-07-27 17:38:44',16),(0.59,'2022-07-27 20:18:10',4),(0.269999,'2022-07-27 20:51:25',11),(0.110001,'2022-07-27 21:07:53',14),(0.65,'2022-07-27 23:05:28',9),(0.169999,'2022-07-28 02:22:30',13),(0.88,'2022-07-28 03:53:55',16),(0.72,'2022-07-28 04:53:56',16),(0.500002,'2022-07-28 05:38:02',14),(0.2,'2022-07-28 09:53:35',15),(0.0135714,'2022-07-28 11:32:59',3),(0.550002,'2022-07-28 11:38:09',14),(0.483571,'2022-07-28 15:20:19',8),(0.38,'2022-07-28 16:16:46',0),(0.939999,'2022-07-28 17:06:19',10);
/*!40000 ALTER TABLE `Alert1D` ENABLE KEYS */;
UNLOCK TABLES;

--
-- Table structure for table `Alert2D`
--

DROP TABLE IF EXISTS `Alert2D`;
/*!40101 SET @saved_cs_client     = @@character_set_client */;
/*!50503 SET character_set_client = utf8mb4 */;
CREATE TABLE `Alert2D` (
  `ScostamentoX` float NOT NULL DEFAULT '0',
  `ScostamentoY` float NOT NULL DEFAULT '0',
  `Timestamp` timestamp NOT NULL,
  `CodiceSensore` int unsigned NOT NULL,
  PRIMARY KEY (`Timestamp`,`CodiceSensore`),
  CONSTRAINT `fk_Alert2D_Registrazione2D1` FOREIGN KEY (`Timestamp`, `CodiceSensore`) REFERENCES `Registrazione2D` (`Timestamp`, `CodiceSensore`) ON DELETE CASCADE ON UPDATE CASCADE
) ENGINE=InnoDB DEFAULT CHARSET=utf8mb4 COLLATE=utf8mb4_0900_ai_ci;
/*!40101 SET character_set_client = @saved_cs_client */;

--
-- Dumping data for table `Alert2D`
--

LOCK TABLES `Alert2D` WRITE;
/*!40000 ALTER TABLE `Alert2D` DISABLE KEYS */;
INSERT INTO `Alert2D` VALUES (0,0.09,'2022-07-28 18:40:14',3),(0.92,0.08,'2022-07-28 18:40:56',5),(0.89,0,'2022-07-28 18:41:18',6),(0.85,0,'2022-07-28 18:41:39',7),(0,0.22,'2022-07-28 18:42:01',8),(0.61,0,'2022-07-28 18:54:31',1),(0.4,0,'2022-07-28 18:55:14',3),(0,0.7,'2022-07-28 18:55:57',5),(0,0.32,'2022-07-28 18:56:40',7),(0,0.76,'2022-07-28 19:09:31',1),(0,0.9,'2022-07-28 19:09:53',2),(0.17,0,'2022-07-28 19:10:14',3),(0.0300001,0,'2022-07-28 19:10:35',4),(0,0.13,'2022-07-28 19:11:18',6),(0.56,0.44,'2022-07-28 19:11:40',7),(0,0.46,'2022-07-28 19:12:01',8),(0,0.06,'2022-07-28 19:24:53',2),(0.0200001,0,'2022-07-28 19:25:36',4),(0.42,0.69,'2022-07-28 19:26:40',7),(0.06,0.99,'2022-07-28 19:39:32',1),(0.15,0,'2022-07-28 19:39:53',2),(0.72,0,'2022-07-28 19:40:14',3),(0,0.99,'2022-07-28 19:40:57',5),(0.38,0,'2022-07-28 19:41:19',6),(0.12,0,'2022-07-28 19:54:11',0),(0,0.84,'2022-07-28 19:55:15',3),(0,0.01,'2022-07-28 19:56:19',6),(0.34,0,'2022-07-28 20:09:11',0),(0.42,0,'2022-07-28 20:10:36',4),(0,0.36,'2022-07-28 20:10:58',5),(0.59,0.23,'2022-07-28 20:11:41',7),(0,0.51,'2022-07-28 20:12:02',8),(0.96,0.34,'2022-07-28 20:24:11',0),(0,0.85,'2022-07-28 20:25:15',3),(0.29,0,'2022-07-28 20:25:37',4),(0.69,0.22,'2022-07-28 20:25:58',5),(0.46,0.39,'2022-07-28 20:39:33',1),(0.63,0,'2022-07-28 20:40:58',5),(0,0.6,'2022-07-28 20:41:20',6),(0,0.26,'2022-07-28 20:41:41',7),(0.36,0.86,'2022-07-28 20:42:03',8),(0,0.94,'2022-07-28 20:54:33',1),(0.67,0,'2022-07-28 20:54:54',2),(0,0.57,'2022-07-28 20:55:16',3),(0,0.19,'2022-07-28 20:55:37',4),(0.35,0,'2022-07-28 20:55:58',5),(0,0,'2022-07-28 20:56:41',7),(0,0.15,'2022-07-28 20:57:03',8),(0.66,0,'2022-07-28 21:09:33',1),(0.79,0,'2022-07-28 21:09:55',2),(0.08,0,'2022-07-28 21:10:16',3),(0,0.37,'2022-07-28 21:11:20',6),(0,0.82,'2022-07-28 21:24:12',0),(0.46,0.12,'2022-07-28 21:24:55',2),(0.01,0.43,'2022-07-28 21:25:16',3),(0.32,0,'2022-07-28 21:25:37',4),(0,0.77,'2022-07-28 21:26:20',6),(0.0500001,0,'2022-07-28 21:26:42',7),(0.58,0.65,'2022-07-28 21:40:59',5),(0,0.85,'2022-07-28 21:41:42',7),(0,0.08,'2022-07-28 21:54:55',2),(0,0.81,'2022-07-28 21:56:42',7),(0,0.51,'2022-07-28 22:09:13',0),(0.48,0,'2022-07-28 22:09:55',2),(0.7,0.84,'2022-07-28 22:10:17',3),(0,0.48,'2022-07-28 22:10:38',4),(0.98,0.72,'2022-07-28 22:10:59',5),(0,0.2,'2022-07-28 22:24:13',0),(0,0.3,'2022-07-28 22:26:00',5),(0,0.69,'2022-07-28 22:26:21',6),(0,0.49,'2022-07-28 22:26:43',7),(0.44,0,'2022-07-28 22:39:34',1),(0.21,0,'2022-07-28 22:40:17',3),(0,0.52,'2022-07-28 22:40:38',4),(0,0.12,'2022-07-28 22:41:21',6),(0.67,0.00999998,'2022-07-28 22:54:35',1),(0,0.75,'2022-07-28 22:55:39',4),(0.68,0,'2022-07-28 22:56:00',5),(0,0.75,'2022-07-28 22:56:21',6),(0.45,0,'2022-07-28 22:56:43',7),(0,0.61,'2022-07-28 23:09:14',0),(0,0.22,'2022-07-28 23:10:39',4),(0,0.85,'2022-07-28 23:11:00',5),(0,0.64,'2022-07-28 23:11:43',7),(0,0.69,'2022-07-28 23:24:35',1),(0.2,0,'2022-07-28 23:24:56',2),(0.73,0,'2022-07-28 23:26:00',5),(0,0.78,'2022-07-28 23:26:22',6),(0,0.42,'2022-07-28 23:26:44',7),(0,0.18,'2022-07-28 23:39:14',0),(0.36,0.44,'2022-07-28 23:39:35',1),(0,0.93,'2022-07-28 23:41:44',7),(0.37,0,'2022-07-28 23:54:36',1),(0.73,0,'2022-07-28 23:54:57',2),(0.96,0,'2022-07-28 23:55:39',4),(0,0.23,'2022-07-28 23:56:22',6),(0.64,0,'2022-07-28 23:57:05',8),(0.24,0,'2022-07-29 00:09:57',2),(0.07,0,'2022-07-29 00:11:01',5),(0,0.39,'2022-07-29 00:11:23',6),(0,0.87,'2022-07-29 00:12:06',8),(0,0.27,'2022-07-29 00:24:15',0),(0,0.12,'2022-07-29 00:24:36',1),(0.88,0,'2022-07-29 00:39:36',1),(0.35,0,'2022-07-29 00:40:40',4),(0.97,0,'2022-07-29 00:41:45',7),(0,0.24,'2022-07-29 00:42:06',8),(0.52,0,'2022-07-29 00:56:45',7),(0.07,0,'2022-07-29 01:09:15',0),(0,0.66,'2022-07-29 01:09:37',1),(0.77,0,'2022-07-29 01:10:40',4),(0,0.28,'2022-07-29 01:24:16',0),(0.05,0,'2022-07-29 01:25:19',3),(0,0.01,'2022-07-29 01:26:46',7),(0.05,0,'2022-07-29 01:39:58',2),(0,0.3,'2022-07-29 01:40:41',4),(0,0.04,'2022-07-29 01:41:24',6),(0.91,0,'2022-07-29 01:42:07',8),(0,0.01,'2022-07-29 01:54:16',0),(0,0,'2022-07-29 01:55:20',3),(0.56,0.56,'2022-07-29 01:56:03',5),(0,0.12,'2022-07-29 01:57:07',8),(0,0.6,'2022-07-29 02:09:16',0),(0.11,0,'2022-07-29 02:09:59',2),(0,0.08,'2022-07-29 02:11:24',6),(0.49,0,'2022-07-29 02:24:16',0),(0.77,0.59,'2022-07-29 02:24:38',1),(0,0.76,'2022-07-29 02:24:59',2),(0.27,0,'2022-07-29 02:27:08',8),(0,0.66,'2022-07-29 02:39:17',0),(0,0.42,'2022-07-29 02:39:59',2),(0.47,0.02,'2022-07-29 02:54:38',1),(0.41,0,'2022-07-29 02:54:59',2),(0.8,0.72,'2022-07-29 02:56:03',5),(0,0.24,'2022-07-29 02:57:08',8),(0.76,0,'2022-07-29 03:10:42',4),(0,0.48,'2022-07-29 03:11:25',6),(0.82,0,'2022-07-29 03:11:47',7),(0,0.08,'2022-07-29 03:24:39',1),(0.73,0.5,'2022-07-29 03:25:00',2),(0.12,0,'2022-07-29 03:26:04',5),(0.2,0,'2022-07-29 03:26:47',7),(0.8,0,'2022-07-29 03:27:08',8),(0.27,0,'2022-07-29 03:39:39',1),(0.21,0,'2022-07-29 03:40:21',3),(0,0.82,'2022-07-29 03:41:04',5),(0,0.79,'2022-07-29 03:41:47',7),(0,0.0999999,'2022-07-29 03:42:09',8),(0.44,0,'2022-07-29 03:55:00',2),(0.86,0,'2022-07-29 03:55:22',3),(0.55,0.93,'2022-07-29 03:56:04',5),(0.43,0.47,'2022-07-29 03:56:26',6),(0,0.38,'2022-07-29 03:56:48',7),(0.98,0,'2022-07-29 04:09:18',0),(0.41,0.41,'2022-07-29 04:10:01',2),(0.81,0.5,'2022-07-29 04:10:22',3),(0.0800001,0.97,'2022-07-29 04:10:43',4),(0,0.77,'2022-07-29 04:24:18',0),(0.34,0,'2022-07-29 04:24:39',1),(0,0.92,'2022-07-29 04:25:01',2),(0,0.0999999,'2022-07-29 04:27:09',8),(0,0.88,'2022-07-29 04:40:22',3),(0,0.28,'2022-07-29 04:40:44',4),(0.45,0,'2022-07-29 04:41:05',5),(0,0.26,'2022-07-29 04:41:26',6),(0.56,0,'2022-07-29 04:54:40',1),(0,0.26,'2022-07-29 04:55:44',4),(0,0.64,'2022-07-29 04:56:05',5),(0.37,0.69,'2022-07-29 05:10:01',2),(0,0.12,'2022-07-29 05:10:23',3),(0.73,0.19,'2022-07-29 05:11:05',5),(0.14,0,'2022-07-29 05:11:27',6),(0.5,0,'2022-07-29 05:12:10',8),(0,0.45,'2022-07-29 05:25:23',3),(0.87,0,'2022-07-29 05:25:44',4),(0.33,0,'2022-07-29 05:26:27',6),(0.61,0,'2022-07-29 05:26:49',7),(0.34,0,'2022-07-29 05:27:10',8),(0.4,0.22,'2022-07-29 05:40:02',2),(0.85,0,'2022-07-29 05:40:23',3),(0.5,0,'2022-07-29 05:40:44',4),(0.36,0,'2022-07-29 05:41:06',5),(0,0.2,'2022-07-29 05:41:27',6),(0.08,0,'2022-07-29 05:41:49',7),(0.57,0,'2022-07-29 05:55:45',4),(0.31,0.53,'2022-07-29 05:56:27',6),(0,0.28,'2022-07-29 05:57:11',8),(0,0.52,'2022-07-29 06:09:20',0),(0.7,0,'2022-07-29 06:10:02',2),(0.57,0,'2022-07-29 06:11:06',5),(0,0.62,'2022-07-29 06:12:11',8),(0.26,0,'2022-07-29 06:24:41',1),(0.51,0,'2022-07-29 06:26:50',7),(0.28,0,'2022-07-29 06:40:03',2),(0.0300001,0,'2022-07-29 06:40:24',3),(0,0.73,'2022-07-29 06:40:45',4),(0,0.61,'2022-07-29 06:41:28',6),(0.21,0,'2022-07-29 06:42:11',8),(0.46,0.05,'2022-07-29 06:54:20',0),(0,0.55,'2022-07-29 06:54:42',1),(0.04,0,'2022-07-29 06:55:24',3),(0.0200001,0.83,'2022-07-29 06:56:07',5),(0.75,0,'2022-07-29 06:56:50',7),(0,0.32,'2022-07-29 07:10:03',2),(0.9,0.8,'2022-07-29 07:10:24',3),(0.36,0,'2022-07-29 07:10:46',4),(0.04,0,'2022-07-29 07:12:12',8),(0,0.57,'2022-07-29 07:25:25',3),(0.65,0,'2022-07-29 07:26:51',7),(0.65,0,'2022-07-29 07:42:12',8),(0,0.73,'2022-07-29 07:54:42',1),(0,0.91,'2022-07-29 07:55:04',2),(0,0.09,'2022-07-29 07:55:25',3),(0,0.9,'2022-07-29 07:56:08',5),(0.08,0,'2022-07-29 07:56:51',7),(0.44,0,'2022-07-29 08:10:04',2),(0,0.7,'2022-07-29 08:10:25',3),(0,0.32,'2022-07-29 08:10:47',4),(0,0.61,'2022-07-29 08:11:51',7),(0,0.47,'2022-07-29 08:24:22',0),(0.29,0,'2022-07-29 08:25:25',3),(0,0.8,'2022-07-29 08:26:52',7),(0,0.35,'2022-07-29 08:39:43',1),(0,0.82,'2022-07-29 08:40:04',2),(0,0.54,'2022-07-29 08:40:26',3),(0,0.84,'2022-07-29 08:41:08',5),(0.79,0,'2022-07-29 08:41:52',7),(0,0.48,'2022-07-29 08:54:43',1),(0,0.7,'2022-07-29 08:55:05',2),(0,0.28,'2022-07-29 08:56:09',5),(0.66,0,'2022-07-29 09:09:22',0),(0.94,0,'2022-07-29 09:10:47',4),(0,0.84,'2022-07-29 09:11:09',5),(0,0.4,'2022-07-29 09:26:09',5),(0,0.11,'2022-07-29 09:26:52',7),(0.87,0,'2022-07-29 09:39:23',0),(0,0.78,'2022-07-29 09:40:26',3),(0,0.66,'2022-07-29 09:41:09',5),(0,0.16,'2022-07-29 09:54:23',0),(0.26,0,'2022-07-29 09:54:44',1),(0.81,0,'2022-07-29 09:56:31',6),(0.57,0,'2022-07-29 10:09:44',1),(0.6,0,'2022-07-29 10:10:48',4),(0.78,0,'2022-07-29 10:24:23',0),(0,0.41,'2022-07-29 10:24:44',1),(0.84,0,'2022-07-29 10:25:06',2),(0,0.17,'2022-07-29 10:25:27',3),(0,0.34,'2022-07-29 10:27:14',8),(0,0.00999998,'2022-07-29 10:40:27',3),(0.38,0,'2022-07-29 10:41:10',5),(0,0.32,'2022-07-29 10:41:32',6),(0.43,0.92,'2022-07-29 10:54:24',0),(0.09,0,'2022-07-29 10:54:45',1),(0.7,0,'2022-07-29 10:56:10',5),(0.56,0,'2022-07-29 11:10:06',2),(0,0.3,'2022-07-29 11:10:28',3),(0,0.52,'2022-07-29 11:10:49',4),(0.7,0,'2022-07-29 11:11:32',6),(0.4,0,'2022-07-29 11:24:45',1),(0,0.24,'2022-07-29 11:25:28',3),(0,0.5,'2022-07-29 11:25:49',4),(0,0.77,'2022-07-29 11:26:54',7),(0,0.74,'2022-07-29 11:39:24',0),(0,0.3,'2022-07-29 11:40:07',2),(0.45,0,'2022-07-29 11:40:50',4),(0.11,0,'2022-07-29 11:41:33',6),(0.74,0,'2022-07-29 11:41:54',7),(0.93,0.06,'2022-07-29 11:54:25',0),(0,0.32,'2022-07-29 11:54:46',1),(0.23,0,'2022-07-29 11:55:07',2),(0.19,0.41,'2022-07-29 11:56:11',5),(0,0.16,'2022-07-29 11:56:33',6),(0.48,0,'2022-07-29 11:56:55',7),(0.25,0.76,'2022-07-29 11:57:16',8),(0,0.42,'2022-07-29 12:09:25',0),(0.0400001,0,'2022-07-29 12:10:07',2),(0,0.94,'2022-07-29 12:10:29',3),(0.73,0.84,'2022-07-29 12:11:11',5),(0.59,0,'2022-07-29 12:11:33',6),(0.96,0,'2022-07-29 12:24:25',0),(0.86,0,'2022-07-29 12:25:08',2),(0,0.74,'2022-07-29 12:25:50',4),(0.0499999,0.24,'2022-07-29 12:26:33',6),(0.43,0,'2022-07-29 12:39:25',0),(0,0.16,'2022-07-29 12:40:29',3),(0,0.93,'2022-07-29 12:41:12',5),(0,0.65,'2022-07-29 12:41:33',6),(0.1,0.75,'2022-07-29 12:42:16',8),(0.78,0.87,'2022-07-29 12:54:25',0),(0.04,0,'2022-07-29 12:56:34',6),(0,0.73,'2022-07-29 13:09:26',0),(0,0.26,'2022-07-29 13:09:47',1),(0,0.85,'2022-07-29 13:10:08',2),(0.88,0.43,'2022-07-29 13:11:12',5),(0.26,0.08,'2022-07-29 13:11:34',6),(0.58,0,'2022-07-29 13:11:56',7),(0.8,0,'2022-07-29 13:26:12',5),(0,0.19,'2022-07-29 13:26:56',7),(0.53,0,'2022-07-29 13:27:17',8),(0,0.83,'2022-07-29 13:39:26',0),(0,0.92,'2022-07-29 13:39:47',1),(0,0.38,'2022-07-29 13:40:09',2),(0.38,0,'2022-07-29 13:40:51',4),(0,0.96,'2022-07-29 13:41:13',5),(0,0.95,'2022-07-29 13:41:34',6),(0,0.7,'2022-07-29 13:42:17',8),(0.98,0,'2022-07-29 13:55:09',2),(0.05,0,'2022-07-29 13:55:30',3),(0.19,0.76,'2022-07-29 13:56:13',5),(0.14,0,'2022-07-29 13:56:35',6),(0.66,0.54,'2022-07-29 14:09:48',1),(0,0.58,'2022-07-29 14:10:09',2),(0.3,0,'2022-07-29 14:10:30',3),(0.85,0,'2022-07-29 14:10:52',4),(0.51,0,'2022-07-29 14:11:13',5),(0.4,0,'2022-07-29 14:11:35',6),(0.53,0.93,'2022-07-29 14:11:56',7),(0,0.73,'2022-07-29 14:12:18',8),(0,0,'2022-07-29 14:25:09',2),(0,0.79,'2022-07-29 14:25:30',3),(0.98,0,'2022-07-29 14:27:18',8),(0,0.54,'2022-07-29 14:39:27',0),(0.59,0,'2022-07-29 14:40:52',4),(0,0.08,'2022-07-29 14:42:18',8),(0,0.32,'2022-07-29 14:54:27',0),(0.78,0,'2022-07-29 14:55:52',4),(0,0.19,'2022-07-29 14:56:14',5),(0,0.52,'2022-07-29 14:56:35',6),(0,0.79,'2022-07-29 14:57:18',8),(0,0.19,'2022-07-29 15:10:10',2),(0.67,0,'2022-07-29 15:11:57',7),(0.61,0,'2022-07-29 15:12:18',8),(0,0.46,'2022-07-29 15:24:28',0),(0,0,'2022-07-29 15:26:14',5),(0.86,0,'2022-07-29 15:27:19',8),(0,0.64,'2022-07-29 15:39:28',0),(0,0.81,'2022-07-29 15:40:53',4),(0.45,0,'2022-07-29 15:41:36',6),(0,0.38,'2022-07-29 15:42:19',8),(0.37,0.26,'2022-07-29 15:54:49',1),(0,0.2,'2022-07-29 15:55:10',2),(0,0.61,'2022-07-29 15:55:32',3),(0.77,0,'2022-07-29 15:55:53',4),(0.45,0.73,'2022-07-29 15:56:15',5),(0,0.9,'2022-07-29 16:10:11',2),(0.18,0.28,'2022-07-29 16:11:36',6),(0,0.27,'2022-07-29 16:11:58',7),(0,0.15,'2022-07-29 16:12:19',8),(0,0.71,'2022-07-29 16:24:50',1),(0,0.3,'2022-07-29 16:27:20',8),(0,0.67,'2022-07-29 16:39:29',0),(0.96,0,'2022-07-29 16:39:50',1),(0.11,0.0700001,'2022-07-29 16:40:11',2),(0.56,0,'2022-07-29 16:40:54',4),(0,0.16,'2022-07-29 16:42:20',8),(0.29,0,'2022-07-29 16:55:11',2),(0,0.98,'2022-07-29 16:55:33',3),(0,0.97,'2022-07-29 16:56:15',5),(0.93,0,'2022-07-29 16:57:20',8),(0.03,0,'2022-07-29 17:10:12',2),(0.97,0.05,'2022-07-29 17:10:54',4),(0,0.68,'2022-07-29 17:11:16',5),(0,0.97,'2022-07-29 17:11:37',6),(0.12,0,'2022-07-29 17:25:33',3),(0,0.85,'2022-07-29 17:25:54',4),(0.4,0,'2022-07-29 17:40:33',3),(0.83,0,'2022-07-29 17:41:16',5),(0.93,0,'2022-07-29 17:41:38',6),(0.65,0.94,'2022-07-29 17:41:59',7),(0,0.51,'2022-07-29 17:55:33',3),(0,0.98,'2022-07-29 17:55:55',4),(0.35,0,'2022-07-29 17:56:38',6),(0.78,0,'2022-07-29 17:57:00',7),(0.98,0.18,'2022-07-29 18:10:12',2),(0.35,0,'2022-07-29 18:10:55',4),(0,0.13,'2022-07-29 18:11:38',6),(0,0.77,'2022-07-29 18:12:21',8),(0,0.89,'2022-07-29 18:24:51',1),(0.43,0,'2022-07-29 18:25:55',4),(0.74,0,'2022-07-29 18:26:17',5),(0.91,0,'2022-07-29 18:26:38',6),(0.19,0.95,'2022-07-29 18:39:30',0),(0,0.61,'2022-07-29 18:39:52',1),(0,0.43,'2022-07-29 18:41:39',6),(0.6,0,'2022-07-29 18:42:00',7),(0,0.67,'2022-07-29 18:54:52',1),(0.47,0,'2022-07-29 18:55:34',3),(0.43,0,'2022-07-29 18:56:17',5),(0.91,0,'2022-07-29 19:09:52',1),(0.16,0,'2022-07-29 19:10:34',3),(0,0.22,'2022-07-29 19:10:56',4),(0.18,0.38,'2022-07-29 19:11:17',5),(0.45,0,'2022-07-29 19:11:39',6),(0.69,0,'2022-07-29 19:12:01',7),(0.62,0,'2022-07-29 19:24:31',0),(0.37,0.09,'2022-07-29 19:25:13',2),(0.05,0,'2022-07-29 19:25:56',4),(0,0.54,'2022-07-29 19:26:18',5),(0,0,'2022-07-29 19:27:01',7);
/*!40000 ALTER TABLE `Alert2D` ENABLE KEYS */;
UNLOCK TABLES;

--
-- Table structure for table `Alert3D`
--

DROP TABLE IF EXISTS `Alert3D`;
/*!40101 SET @saved_cs_client     = @@character_set_client */;
/*!50503 SET character_set_client = utf8mb4 */;
CREATE TABLE `Alert3D` (
  `ScostamentoX` float NOT NULL DEFAULT '0',
  `ScostamentoY` float NOT NULL DEFAULT '0',
  `ScostamentoZ` float NOT NULL DEFAULT '0',
  `Timestamp` timestamp NOT NULL,
  `CodiceSensore` int unsigned NOT NULL,
  PRIMARY KEY (`Timestamp`,`CodiceSensore`),
  CONSTRAINT `fk_Alert3D_Registrazione3D1` FOREIGN KEY (`Timestamp`, `CodiceSensore`) REFERENCES `Registrazione3D` (`Timestamp`, `CodiceSensore`) ON DELETE CASCADE ON UPDATE CASCADE
) ENGINE=InnoDB DEFAULT CHARSET=utf8mb4 COLLATE=utf8mb4_0900_ai_ci;
/*!40101 SET character_set_client = @saved_cs_client */;

--
-- Dumping data for table `Alert3D`
--

LOCK TABLES `Alert3D` WRITE;
/*!40000 ALTER TABLE `Alert3D` DISABLE KEYS */;
INSERT INTO `Alert3D` VALUES (0,0,0.77,'2022-07-28 18:43:41',0),(0.94,0,0,'2022-07-28 18:44:24',2),(0.27,0.31,0,'2022-07-28 18:45:27',5),(0.63,0,0,'2022-07-28 18:59:03',1),(0,0,0.48,'2022-07-28 18:59:24',2),(0,0.18,0.17,'2022-07-28 18:59:45',3),(0,0,0.34,'2022-07-28 19:00:06',4),(0,0,0.79,'2022-07-28 19:00:49',6),(0.9,0,0.27,'2022-07-28 19:14:03',1),(0,0.08,0,'2022-07-28 19:14:46',3),(0.68,0,0.68,'2022-07-28 19:15:28',5),(0.5,0,0,'2022-07-28 19:15:49',6),(0,0,0.28,'2022-07-28 19:16:10',7),(0.12,0,0,'2022-07-28 19:28:42',0),(0,0.93,0.45,'2022-07-28 19:29:25',2),(0.76,0,0,'2022-07-28 19:30:07',4),(0.78,0,0,'2022-07-28 19:30:28',5),(0,0.28,0,'2022-07-28 19:30:49',6),(0,0.63,0,'2022-07-28 19:31:10',7),(0,0.51,0,'2022-07-28 19:43:42',0),(0.75,0,0,'2022-07-28 19:44:03',1),(0,0,0.1,'2022-07-28 19:44:46',3),(0.24,0.22,0,'2022-07-28 19:45:07',4),(0,0.68,0.58,'2022-07-28 19:46:10',7),(0,0.77,0,'2022-07-28 19:59:03',1),(0,0.93,0,'2022-07-28 19:59:25',2),(0.87,0,0,'2022-07-28 20:00:28',5),(0.24,0,0,'2022-07-28 20:00:50',6),(0,0.01,0,'2022-07-28 20:14:04',1),(0,0,0.54,'2022-07-28 20:14:46',3),(0.59,0,0,'2022-07-28 20:15:28',5),(0.34,0.0500001,0,'2022-07-28 20:15:50',6),(0.85,0,0,'2022-07-28 20:29:04',1),(0.92,0,0,'2022-07-28 20:29:26',2),(0,0.26,0,'2022-07-28 20:29:47',3),(0,0,0.43,'2022-07-28 20:30:08',4),(0.94,0,0,'2022-07-28 20:30:29',5),(0.97,0,0.23,'2022-07-28 20:31:11',7),(0,0,0.47,'2022-07-28 20:43:43',0),(0.66,0.04,0,'2022-07-28 20:44:04',1),(0.18,0,0.99,'2022-07-28 20:45:29',5),(0,0,0.69,'2022-07-28 20:45:50',6),(0,0,0.67,'2022-07-28 20:58:43',0),(0,0.8,0,'2022-07-28 20:59:04',1),(0,0.34,0.09,'2022-07-28 20:59:26',2),(0.39,0,0,'2022-07-28 20:59:47',3),(0.18,0.53,0.29,'2022-07-28 21:00:29',5),(0.47,0,0,'2022-07-28 21:00:50',6),(0,0.07,0,'2022-07-28 21:13:44',0),(0.19,0,0,'2022-07-28 21:15:08',4),(0,0,0.45,'2022-07-28 21:15:29',5),(0,0.83,0,'2022-07-28 21:28:44',0),(0,0.47,0,'2022-07-28 21:29:47',3),(0.1,0,0,'2022-07-28 21:30:51',6),(0.96,0,0,'2022-07-28 21:31:12',7),(0,0.25,0,'2022-07-28 21:43:44',0),(0,0.69,0,'2022-07-28 21:44:27',2),(0.29,0,0,'2022-07-28 21:45:30',5),(0,0.7,0,'2022-07-28 21:45:51',6),(0,0.97,0,'2022-07-28 21:59:27',2),(0,0.62,0.94,'2022-07-28 21:59:48',3),(0.87,0.8,0.27,'2022-07-28 22:00:30',5),(0,0.0100001,0,'2022-07-28 22:00:51',6),(0.94,0,0,'2022-07-28 22:14:05',1),(0,0,0.57,'2022-07-28 22:14:27',2),(0.57,0.41,0.88,'2022-07-28 22:15:09',4),(0,0,0.95,'2022-07-28 22:16:12',7),(0,0,0.43,'2022-07-28 22:28:45',0),(0.55,0,0,'2022-07-28 22:29:05',1),(0,0.83,0,'2022-07-28 22:29:48',3),(0,0.41,0,'2022-07-28 22:30:09',4),(0,0,0.1,'2022-07-28 22:30:52',6),(0.79,0,0,'2022-07-28 22:31:13',7),(0.14,0,0,'2022-07-28 22:43:45',0),(0.06,0.72,0.01,'2022-07-28 22:44:06',1),(0.29,0,0,'2022-07-28 22:44:49',3),(0,0.04,0.0500001,'2022-07-28 22:45:10',4),(0,0.16,0.42,'2022-07-28 22:45:31',5),(0.65,0.82,0,'2022-07-28 22:45:52',6),(0,0.9,0.37,'2022-07-28 22:46:13',7),(0.44,0,0,'2022-07-28 22:59:28',2),(0.96,0.93,0,'2022-07-28 22:59:49',3),(0,0.57,0.06,'2022-07-28 23:00:52',6),(0,0,0.62,'2022-07-28 23:01:13',7),(0.74,0.74,0,'2022-07-28 23:14:06',1),(0,0.07,0,'2022-07-28 23:14:28',2),(0.79,0,0,'2022-07-28 23:15:10',4),(0,0.68,0,'2022-07-28 23:15:52',6),(0.57,0,0.23,'2022-07-28 23:28:45',0),(0,0.24,0,'2022-07-28 23:29:06',1),(0,0.14,0,'2022-07-28 23:29:28',2),(0.07,0,0,'2022-07-28 23:29:49',3),(0.98,0,0,'2022-07-28 23:30:10',4),(0,0,0.54,'2022-07-28 23:30:31',5),(0.53,0,0.98,'2022-07-28 23:43:46',0),(0,0.67,0.21,'2022-07-28 23:44:07',1),(0.82,0,0,'2022-07-28 23:44:28',2),(0.15,0,0,'2022-07-28 23:45:10',4),(0,0,0.51,'2022-07-28 23:45:53',6),(0,0,0.35,'2022-07-28 23:46:14',7),(0.42,0,0,'2022-07-28 23:59:07',1),(0,0,0.42,'2022-07-28 23:59:50',3),(0.14,0,0,'2022-07-29 00:13:46',0),(0,0.7,0,'2022-07-29 00:14:29',2),(0.71,0,0,'2022-07-29 00:14:50',3),(0,0.03,0,'2022-07-29 00:15:32',5),(0,0.46,0,'2022-07-29 00:16:14',7),(0.37,0,0,'2022-07-29 00:28:46',0),(0.37,0,0,'2022-07-29 00:29:07',1),(0,0,0.73,'2022-07-29 00:29:29',2),(0,0.68,0,'2022-07-29 00:29:50',3),(0,0.22,0,'2022-07-29 00:30:11',4),(0.89,0,0,'2022-07-29 00:30:53',6),(0.81,0,0,'2022-07-29 00:43:46',0),(0.66,0,0,'2022-07-29 00:44:07',1),(0,0.53,0,'2022-07-29 00:44:29',2),(0.98,0,0,'2022-07-29 00:44:50',3),(0.01,0.34,0.87,'2022-07-29 00:45:11',4),(0,0,0.88,'2022-07-29 00:58:47',0),(0.14,0.37,0.87,'2022-07-29 00:59:50',3),(0,0,0.08,'2022-07-29 01:00:11',4),(0,0,0.61,'2022-07-29 01:00:33',5),(0.28,0,0.46,'2022-07-29 01:01:15',7),(0.7,0,0,'2022-07-29 01:13:47',0),(0,0,0.82,'2022-07-29 01:14:08',1),(0,0.84,0,'2022-07-29 01:14:30',2),(0.17,0,0,'2022-07-29 01:14:51',3),(0.73,0,0,'2022-07-29 01:15:33',5),(0.66,0,0,'2022-07-29 01:16:15',7),(0.49,0.33,0.32,'2022-07-29 01:28:47',0),(0,0,0.48,'2022-07-29 01:29:08',1),(0,0.36,0,'2022-07-29 01:30:12',4),(0.59,0,0.78,'2022-07-29 01:30:33',5),(0,0.0100001,0.55,'2022-07-29 01:30:54',6),(0.64,0,0,'2022-07-29 01:31:15',7),(0,0,0.58,'2022-07-29 01:44:08',1),(0.22,0,0,'2022-07-29 01:44:30',2),(0,0,0.5,'2022-07-29 01:44:51',3),(0.38,0,0,'2022-07-29 01:45:33',5),(0,0,0.67,'2022-07-29 01:45:54',6),(0.93,0,0.19,'2022-07-29 01:58:48',0),(0.55,0,0,'2022-07-29 01:59:08',1),(0,0.55,0,'2022-07-29 01:59:51',3),(0,0,0.22,'2022-07-29 02:00:12',4),(0,0.49,0.17,'2022-07-29 02:00:55',6),(0.11,0,0,'2022-07-29 02:01:16',7),(0,0,0.33,'2022-07-29 02:13:48',0),(0,0,0.37,'2022-07-29 02:14:09',1),(0,0.41,0,'2022-07-29 02:14:30',2),(0.02,0.48,0,'2022-07-29 02:14:51',3),(0.6,0,0.26,'2022-07-29 02:15:34',5),(0,0.86,0,'2022-07-29 02:15:55',6),(0,0.19,0,'2022-07-29 02:29:31',2),(0.34,0.25,0,'2022-07-29 02:29:52',3),(0,0,0.14,'2022-07-29 02:30:13',4),(0,0,0.5,'2022-07-29 02:31:16',7),(0.81,0,0,'2022-07-29 02:43:48',0),(0.84,0,0.32,'2022-07-29 02:45:13',4),(0.97,0,0.38,'2022-07-29 02:45:55',6),(0.41,0,0.99,'2022-07-29 02:58:48',0),(0,0.31,0,'2022-07-29 02:59:09',1),(0,0.01,0,'2022-07-29 02:59:31',2),(0,0.21,0,'2022-07-29 03:00:34',5),(0,0,0.68,'2022-07-29 03:00:55',6),(0.16,0,0.35,'2022-07-29 03:13:49',0),(0,0.37,0,'2022-07-29 03:14:09',1),(0.55,0.72,0,'2022-07-29 03:14:31',2),(0,0,0.38,'2022-07-29 03:14:52',3),(0,0,0.15,'2022-07-29 03:15:13',4),(0,0,0.78,'2022-07-29 03:15:34',5),(0.91,0.64,0.34,'2022-07-29 03:15:56',6),(0,0.79,0,'2022-07-29 03:16:17',7),(0,0.06,0,'2022-07-29 03:29:10',1),(0,0,0.63,'2022-07-29 03:29:31',2),(0.97,0,0,'2022-07-29 03:29:52',3),(0,0.28,0,'2022-07-29 03:31:17',7),(0,0,0.31,'2022-07-29 03:44:10',1),(0,0.68,0,'2022-07-29 03:44:53',3),(0.68,0,0,'2022-07-29 03:45:56',6),(0,0.16,0,'2022-07-29 03:58:49',0),(0.68,0,0,'2022-07-29 03:59:10',1),(0.33,0,0,'2022-07-29 03:59:53',3),(0,0.63,0,'2022-07-29 04:00:35',5),(0,0,0.99,'2022-07-29 04:01:17',7),(0,0.26,0,'2022-07-29 04:13:49',0),(0.84,0,0.42,'2022-07-29 04:14:10',1),(0,0.63,0.72,'2022-07-29 04:14:32',2),(0,0.27,0,'2022-07-29 04:14:53',3),(0.28,0,0,'2022-07-29 04:15:14',4),(0,0.51,0.49,'2022-07-29 04:15:35',5),(0,0.88,0,'2022-07-29 04:15:56',6),(0.3,0,0,'2022-07-29 04:16:18',7),(0,0,0.49,'2022-07-29 04:29:11',1),(0.79,0.18,0,'2022-07-29 04:30:14',4),(0.56,0,0,'2022-07-29 04:30:57',6),(0,0.98,0,'2022-07-29 04:31:18',7),(0.44,0,0,'2022-07-29 04:44:33',2),(0,0,0.4,'2022-07-29 04:45:15',4),(0.55,0,0.73,'2022-07-29 04:45:57',6),(0,0,0.79,'2022-07-29 04:59:11',1),(0.69,0,0,'2022-07-29 04:59:54',3),(0,0.41,0.26,'2022-07-29 05:00:57',6),(0.66,0.98,0,'2022-07-29 05:14:33',2),(0,0.71,0.74,'2022-07-29 05:15:15',4),(0,0.5,0,'2022-07-29 05:15:36',5),(0,0.51,0,'2022-07-29 05:15:57',6),(0.34,0,0,'2022-07-29 05:28:50',0),(0.22,0,0,'2022-07-29 05:29:12',1),(0,0,0.4,'2022-07-29 05:29:33',2),(0,0,0.14,'2022-07-29 05:30:15',4),(0,0.37,0.31,'2022-07-29 05:30:58',6),(0,0.4,0,'2022-07-29 05:44:33',2),(0.55,0,0,'2022-07-29 05:44:54',3),(0,0.13,0,'2022-07-29 05:45:15',4),(0,0,0.08,'2022-07-29 05:58:51',0),(0.27,0.37,0,'2022-07-29 05:59:12',1),(0,0.41,0.89,'2022-07-29 05:59:34',2),(0,0.38,0,'2022-07-29 05:59:55',3),(0,0.84,0,'2022-07-29 06:00:16',4),(0,0,0.71,'2022-07-29 06:00:37',5),(0,0,0.51,'2022-07-29 06:00:58',6),(0,0,0.43,'2022-07-29 06:01:19',7),(0.73,0.61,0,'2022-07-29 06:13:51',0),(0,0.1,0,'2022-07-29 06:14:12',1),(0,0,0.61,'2022-07-29 06:14:34',2),(0,0.35,0,'2022-07-29 06:14:55',3),(0.56,0.23,0,'2022-07-29 06:15:16',4),(0,0.47,0,'2022-07-29 06:15:37',5),(0.11,0,0,'2022-07-29 06:15:58',6),(0.68,0,0.83,'2022-07-29 06:16:19',7),(0.92,0,0.61,'2022-07-29 06:28:51',0),(0.31,0,0,'2022-07-29 06:29:55',3),(0,0,0.99,'2022-07-29 06:31:19',7),(0,0.17,0,'2022-07-29 06:43:51',0),(0.93,0,0,'2022-07-29 06:45:16',4),(0.88,0.08,0,'2022-07-29 06:46:20',7),(0,0.78,0.06,'2022-07-29 06:59:55',3),(0.27,0,0,'2022-07-29 07:00:16',4),(0,0.49,0,'2022-07-29 07:00:38',5),(0,0.07,0,'2022-07-29 07:01:20',7),(0,0,0.71,'2022-07-29 07:13:52',0),(0,0.56,0.65,'2022-07-29 07:14:13',1),(0.51,0,0,'2022-07-29 07:15:17',4),(0,0.96,0,'2022-07-29 07:15:59',6),(0.24,0,0,'2022-07-29 07:16:20',7),(0.87,0,0.49,'2022-07-29 07:28:52',0),(0,0,0.59,'2022-07-29 07:29:13',1),(0.97,0.13,0,'2022-07-29 07:29:56',3),(0.87,0,0,'2022-07-29 07:30:59',6),(0,0,0.86,'2022-07-29 07:31:20',7),(0,0,0.1,'2022-07-29 07:43:52',0),(0,0,0.71,'2022-07-29 07:44:14',1),(0.31,0.97,0.16,'2022-07-29 07:44:56',3),(0,0,0.63,'2022-07-29 07:45:38',5),(0.68,0.51,0.64,'2022-07-29 07:45:59',6),(0.17,0.17,0.72,'2022-07-29 07:46:21',7),(0,0,0.99,'2022-07-29 07:58:52',0),(0,0.18,0,'2022-07-29 07:59:35',2),(0,0,0.98,'2022-07-29 08:00:17',4),(0,0.98,0,'2022-07-29 08:01:00',6),(0,0.08,0,'2022-07-29 08:01:21',7),(0,0.83,0.35,'2022-07-29 08:13:53',0),(0,0,0.97,'2022-07-29 08:14:14',1),(0.99,0,0,'2022-07-29 08:14:57',3),(0,0.35,0,'2022-07-29 08:15:18',4),(0.84,0,0.22,'2022-07-29 08:15:39',5),(0,0,0.54,'2022-07-29 08:16:00',6),(0,0.46,0,'2022-07-29 08:28:53',0),(0.74,0,0,'2022-07-29 08:29:14',1),(0,0,0.64,'2022-07-29 08:31:21',7),(0,0.01,0,'2022-07-29 08:43:53',0),(0,0.76,0,'2022-07-29 08:44:15',1),(0.15,0,0,'2022-07-29 08:44:57',3),(0,0,0.87,'2022-07-29 08:45:18',4),(0,0.93,0,'2022-07-29 08:45:39',5),(0.42,0,0,'2022-07-29 08:46:00',6),(0,0,0.64,'2022-07-29 08:58:53',0),(0,0.12,0.1,'2022-07-29 08:59:57',3),(0.74,0.77,0.22,'2022-07-29 09:00:18',4),(0,0.79,0,'2022-07-29 09:14:15',1),(0.14,0,0.54,'2022-07-29 09:14:57',3),(0.49,0,0,'2022-07-29 09:15:18',4),(0,0,0.67,'2022-07-29 09:15:40',5),(0.57,0,0.8,'2022-07-29 09:16:01',6),(0,0,0.85,'2022-07-29 09:16:22',7),(0,0.99,0.41,'2022-07-29 09:28:54',0),(0,0.48,0,'2022-07-29 09:29:15',1),(0,0,0.16,'2022-07-29 09:29:58',3),(0,0.29,0,'2022-07-29 09:30:19',4),(0.27,0,0,'2022-07-29 09:31:01',6),(0.76,0,0,'2022-07-29 09:31:22',7),(0,0,0.83,'2022-07-29 09:44:37',2),(0,0.75,0,'2022-07-29 09:44:58',3),(0.34,0,0,'2022-07-29 09:45:19',4),(0.87,0.37,0,'2022-07-29 09:45:40',5),(0.51,0,0,'2022-07-29 09:46:22',7),(0,0,0.99,'2022-07-29 09:58:54',0),(0.06,0.74,0.16,'2022-07-29 09:59:16',1),(0,0,0.04,'2022-07-29 09:59:37',2),(0.1,0,0,'2022-07-29 09:59:58',3),(0,0,0.35,'2022-07-29 10:00:19',4),(0,0,0.06,'2022-07-29 10:01:01',6),(0,0,0.42,'2022-07-29 10:01:22',7),(0.84,0,0,'2022-07-29 10:13:54',0),(0,0.54,0.06,'2022-07-29 10:14:16',1),(0,0,0.6,'2022-07-29 10:14:37',2),(0,0.35,0,'2022-07-29 10:15:40',5),(0,0.38,0.66,'2022-07-29 10:16:23',7),(0.97,0,0,'2022-07-29 10:28:55',0),(0.41,0,0.36,'2022-07-29 10:29:16',1),(0.61,0.99,0,'2022-07-29 10:29:58',3),(0.49,0,0.67,'2022-07-29 10:30:41',5),(0.78,0,0.91,'2022-07-29 10:31:02',6),(0.45,0,0,'2022-07-29 10:43:55',0),(0,0,0.92,'2022-07-29 10:44:16',1),(0,0,0.0800001,'2022-07-29 10:44:38',2),(0,0.63,0,'2022-07-29 10:45:41',5),(0,0.0800001,0.9,'2022-07-29 10:46:02',6),(0.67,0,0,'2022-07-29 10:58:55',0),(0,0.29,0,'2022-07-29 10:59:16',1),(0.67,0.62,0,'2022-07-29 11:00:20',4),(0.77,0,0,'2022-07-29 11:00:41',5),(0,0.92,0,'2022-07-29 11:01:02',6),(0,0,0,'2022-07-29 11:01:23',7),(0,0.16,0.19,'2022-07-29 11:14:17',1),(0,0,0.33,'2022-07-29 11:15:20',4),(0,0.61,0,'2022-07-29 11:15:41',5),(0,0.4,0,'2022-07-29 11:28:55',0),(0,0,0.87,'2022-07-29 11:29:17',1),(0.11,0,0,'2022-07-29 11:29:59',3),(0,0.97,0.43,'2022-07-29 11:31:03',6),(0,0,0.58,'2022-07-29 11:44:17',1),(0,0,0.27,'2022-07-29 11:44:59',3),(0.7,0,0,'2022-07-29 11:45:20',4),(0,0.92,0.87,'2022-07-29 11:59:39',2),(0,0,0.18,'2022-07-29 12:00:00',3),(0.9,0,0.36,'2022-07-29 12:00:42',5),(0,0.37,0.27,'2022-07-29 12:01:03',6),(0,0,0.33,'2022-07-29 12:01:24',7),(0.35,0,0,'2022-07-29 12:13:56',0),(0,0.37,0,'2022-07-29 12:15:00',3),(0.58,0,0,'2022-07-29 12:15:21',4),(0,0.79,0.4,'2022-07-29 12:15:42',5),(0.57,0,0.26,'2022-07-29 12:16:24',7),(0,0,0.7,'2022-07-29 12:28:56',0),(0.38,0,0.65,'2022-07-29 12:29:18',1),(0,0,0.75,'2022-07-29 12:29:39',2),(0,0,0.27,'2022-07-29 12:30:42',5),(0.59,0,0,'2022-07-29 12:31:03',6),(0,0,0.5,'2022-07-29 12:43:56',0),(0,0.16,0,'2022-07-29 12:45:00',3),(0.63,0,0.39,'2022-07-29 12:45:21',4),(0,0.42,0,'2022-07-29 12:45:43',5),(0.35,0,0,'2022-07-29 12:46:25',7),(0,0.87,0,'2022-07-29 12:59:39',2),(0,0.88,0,'2022-07-29 13:00:21',4),(0.76,0,0,'2022-07-29 13:00:43',5),(0.18,0,0.57,'2022-07-29 13:14:18',1),(0.82,0,0,'2022-07-29 13:14:40',2),(0.75,0,0.53,'2022-07-29 13:15:01',3),(0,0.6,0,'2022-07-29 13:15:22',4),(0,0.4,0,'2022-07-29 13:16:04',6),(0,0,0.33,'2022-07-29 13:28:57',0),(0.77,0,0,'2022-07-29 13:29:19',1),(0.4,0.58,0,'2022-07-29 13:30:22',4),(0,0.46,0,'2022-07-29 13:30:43',5),(0,0,0.37,'2022-07-29 13:31:25',7),(0,0.0400001,0,'2022-07-29 13:43:57',0),(0,0.44,0,'2022-07-29 13:45:01',3),(0,0.17,0,'2022-07-29 13:45:43',5),(0.4,0.06,0.93,'2022-07-29 13:46:04',6),(0,0,0.87,'2022-07-29 14:01:05',6),(0.84,0.25,0,'2022-07-29 14:13:58',0),(0.35,0,0,'2022-07-29 14:14:40',2),(0.73,0,0,'2022-07-29 14:15:22',4),(0,0,0.82,'2022-07-29 14:16:05',6),(0.99,0,0,'2022-07-29 14:16:26',7),(0,0,0.62,'2022-07-29 14:28:58',0),(0,0.14,0,'2022-07-29 14:29:41',2),(0.2,0,0,'2022-07-29 14:30:02',3),(0,0.83,0,'2022-07-29 14:30:23',4),(0,0,0.87,'2022-07-29 14:31:05',6),(0,0,0.86,'2022-07-29 14:31:26',7),(0,0,0.77,'2022-07-29 14:43:58',0),(0,0.65,0,'2022-07-29 14:44:41',2),(0.0400001,0,0,'2022-07-29 14:45:23',4),(0,0,0.12,'2022-07-29 14:45:44',5),(0,0.21,0.32,'2022-07-29 14:46:05',6),(0.83,0,0.64,'2022-07-29 14:59:20',1),(0,0.38,0,'2022-07-29 14:59:41',2),(0,0,0.13,'2022-07-29 15:00:23',4),(0.71,0,0,'2022-07-29 15:00:44',5),(0,0,0.41,'2022-07-29 15:01:26',7),(0.86,0,0,'2022-07-29 15:13:59',0),(0.4,0,0,'2022-07-29 15:14:41',2),(0,0,0.92,'2022-07-29 15:15:02',3),(0.71,0.88,0,'2022-07-29 15:15:23',4),(0,0,0.4,'2022-07-29 15:16:06',6),(0.91,0,0,'2022-07-29 15:28:59',0),(0,0,0.58,'2022-07-29 15:29:20',1),(0,0,0.82,'2022-07-29 15:30:03',3),(0.46,0,0,'2022-07-29 15:30:24',4),(0,0.43,0,'2022-07-29 15:30:45',5),(0,0.7,0,'2022-07-29 15:43:59',0),(0.78,0,0,'2022-07-29 15:44:21',1),(0,0,0.38,'2022-07-29 15:44:42',2),(0.47,0,0,'2022-07-29 15:45:03',3),(0.45,0,0.97,'2022-07-29 15:45:45',5),(0,0.27,0,'2022-07-29 15:46:06',6),(0.55,0.28,0.71,'2022-07-29 15:46:27',7),(0.14,0.66,0.77,'2022-07-29 15:59:42',2),(0.46,0,0.72,'2022-07-29 16:00:24',4),(0.53,0,0,'2022-07-29 16:01:06',6),(0,0.73,0,'2022-07-29 16:01:27',7),(0.88,0,0,'2022-07-29 16:13:59',0),(0,0,0.1,'2022-07-29 16:14:21',1),(0,0.33,0.26,'2022-07-29 16:15:03',3),(0,0.61,0.41,'2022-07-29 16:15:46',5),(0.54,0,0.12,'2022-07-29 16:16:07',6),(0.79,0,0,'2022-07-29 16:29:00',0),(0,0,0.5,'2022-07-29 16:29:21',1),(0.36,0,0.8,'2022-07-29 16:30:03',3),(0,0.72,0.68,'2022-07-29 16:30:46',5),(0.43,0,0.34,'2022-07-29 16:44:00',0),(0.68,0,0.82,'2022-07-29 16:44:21',1),(0.02,0.33,0,'2022-07-29 16:45:04',3),(0,0.14,0,'2022-07-29 16:45:25',4),(0,0.83,0,'2022-07-29 16:46:07',6),(0.6,0,0.34,'2022-07-29 16:59:22',1),(0,0.67,0,'2022-07-29 17:00:04',3),(0.57,0.85,0,'2022-07-29 17:00:25',4),(0.05,0,0,'2022-07-29 17:00:46',5),(0.89,0,0.93,'2022-07-29 17:01:28',7),(0,0,0.81,'2022-07-29 17:14:00',0),(0,0.81,0,'2022-07-29 17:14:43',2),(0,0.25,0,'2022-07-29 17:15:04',3),(0,0.15,0.74,'2022-07-29 17:15:25',4),(0,0,0.6,'2022-07-29 17:15:46',5),(0.81,0.51,0,'2022-07-29 17:16:28',7),(0.35,0,0,'2022-07-29 17:29:00',0),(0.4,0,0.63,'2022-07-29 17:29:43',2),(0.64,0,0,'2022-07-29 17:30:25',4),(0.51,0.74,0,'2022-07-29 17:30:47',5),(0,0,0.0799999,'2022-07-29 17:31:08',6),(0.48,0,0.98,'2022-07-29 17:31:29',7),(0,0.91,0,'2022-07-29 17:44:43',2),(0.37,0,0,'2022-07-29 17:45:05',3),(0,0.74,0.03,'2022-07-29 17:45:25',4),(0.6,0.3,0,'2022-07-29 17:46:08',6),(0.55,0,0,'2022-07-29 17:59:44',2),(0,0.29,0,'2022-07-29 18:00:26',4),(0.48,0,0,'2022-07-29 18:14:01',0),(0.99,0.49,0.92,'2022-07-29 18:14:23',1),(0.6,0,0,'2022-07-29 18:14:44',2),(0.02,0,0,'2022-07-29 18:15:26',4),(0,0.15,0,'2022-07-29 18:15:47',5),(0,0.78,0,'2022-07-29 18:16:29',7),(0,0.33,0,'2022-07-29 18:29:01',0),(0.51,0,0,'2022-07-29 18:29:23',1),(0.41,0.85,0.33,'2022-07-29 18:30:26',4),(0.6,0.79,0,'2022-07-29 18:31:08',6),(0.6,0.95,0.21,'2022-07-29 18:31:29',7),(0.37,0.84,0.33,'2022-07-29 18:44:02',0),(0.89,0,0.75,'2022-07-29 18:44:23',1),(0.14,0.23,0.66,'2022-07-29 18:44:44',2),(0,0,0.24,'2022-07-29 18:45:05',3),(0.01,0,0,'2022-07-29 18:45:26',4),(0,0.38,0,'2022-07-29 18:45:48',5),(0.26,0,0,'2022-07-29 18:46:09',6),(0,0.54,0,'2022-07-29 18:59:02',0),(0,0,0.13,'2022-07-29 18:59:23',1),(0.99,0,0,'2022-07-29 19:01:09',6),(0,0.7,0.12,'2022-07-29 19:01:30',7),(0.29,0,0,'2022-07-29 19:14:02',0),(0,0,0.95,'2022-07-29 19:14:45',2),(0.16,0,0,'2022-07-29 19:15:06',3),(0,0,0.53,'2022-07-29 19:16:09',6),(0,0.1,0,'2022-07-29 19:16:30',7),(0.43,0,0,'2022-07-29 19:30:06',3),(0.76,0,0,'2022-07-29 19:31:09',6);
/*!40000 ALTER TABLE `Alert3D` ENABLE KEYS */;
UNLOCK TABLES;

--
-- Table structure for table `AltroMat`
--

DROP TABLE IF EXISTS `AltroMat`;
/*!40101 SET @saved_cs_client     = @@character_set_client */;
/*!50503 SET character_set_client = utf8mb4 */;
CREATE TABLE `AltroMat` (
  `Nome` varchar(45) NOT NULL,
  `Forma` varchar(45) DEFAULT NULL,
  `Materiale` varchar(45) NOT NULL,
  `SupMedia` float unsigned DEFAULT NULL,
  `AltezzaMedia` float unsigned DEFAULT NULL,
  `CodiceLotto` int unsigned NOT NULL,
  PRIMARY KEY (`CodiceLotto`),
  CONSTRAINT `fk_AltroMat_Lotto1` FOREIGN KEY (`CodiceLotto`) REFERENCES `Lotto` (`CodiceLotto`) ON DELETE CASCADE ON UPDATE CASCADE,
  CONSTRAINT `Intonaco_chk_1` CHECK ((`SupMedia` > 0)),
  CONSTRAINT `Intonaco_chk_2` CHECK ((`AltezzaMedia` > 0))
) ENGINE=InnoDB DEFAULT CHARSET=utf8mb4 COLLATE=utf8mb4_0900_ai_ci;
/*!40101 SET character_set_client = @saved_cs_client */;

--
-- Dumping data for table `AltroMat`
--

LOCK TABLES `AltroMat` WRITE;
/*!40000 ALTER TABLE `AltroMat` DISABLE KEYS */;
INSERT INTO `AltroMat` VALUES ('Malta',NULL,'Calce',NULL,NULL,1),('Legno','Rettangolare','Legno',0.07,0.2,8),('Vetro opaco','Rettangolare','Vetro',0.05,0.05,9);
/*!40000 ALTER TABLE `AltroMat` ENABLE KEYS */;
UNLOCK TABLES;

--
-- Table structure for table `AreaGeo`
--

DROP TABLE IF EXISTS `AreaGeo`;
/*!40101 SET @saved_cs_client     = @@character_set_client */;
/*!50503 SET character_set_client = utf8mb4 */;
CREATE TABLE `AreaGeo` (
  `NomeArea` varchar(100) NOT NULL,
  `Latitudine` float NOT NULL,
  `Longitudine` float NOT NULL,
  `Raggio` int unsigned NOT NULL,
  PRIMARY KEY (`NomeArea`),
  CONSTRAINT `AreaGeo_chk_1` CHECK ((`Raggio` > 0)),
  CONSTRAINT `AreaGeo_chk_2` CHECK ((`Latitudine` between -(90) and 90)),
  CONSTRAINT `AreaGeo_chk_3` CHECK ((`Longitudine` between -(180) and 180))
) ENGINE=InnoDB DEFAULT CHARSET=utf8mb4 COLLATE=utf8mb4_0900_ai_ci;
/*!40101 SET character_set_client = @saved_cs_client */;

--
-- Dumping data for table `AreaGeo`
--

LOCK TABLES `AreaGeo` WRITE;
/*!40000 ALTER TABLE `AreaGeo` DISABLE KEYS */;
INSERT INTO `AreaGeo` VALUES ('Arezzo',43.6183,11.7018,32),('Firenze',43.7594,11.2584,33),('Grosseto',42.7893,11.1398,38),('Livorno',43.3511,10.5298,20),('Lucca',44.0182,10.5105,24),('Massa-Carrara',44.1952,10.0276,19),('Pisa',43.6422,10.4909,28),('Pistoia',43.9803,10.8216,18),('Prato',43.9363,11.1235,11),('Siena',43.1317,11.6136,35);
/*!40000 ALTER TABLE `AreaGeo` ENABLE KEYS */;
UNLOCK TABLES;

--
-- Table structure for table `AsseCapo`
--

DROP TABLE IF EXISTS `AsseCapo`;
/*!40101 SET @saved_cs_client     = @@character_set_client */;
/*!50503 SET character_set_client = utf8mb4 */;
CREATE TABLE `AsseCapo` (
  `CodFiscale` varchar(16) NOT NULL,
  `GiornoInizio` int NOT NULL,
  `GiornoFine` int NOT NULL,
  `OraInizio` time NOT NULL,
  `OraFine` time NOT NULL,
  PRIMARY KEY (`CodFiscale`,`GiornoInizio`,`GiornoFine`,`OraInizio`,`OraFine`),
  KEY `fk_AssegnamentoCapi_Turno1_idx` (`GiornoInizio`,`GiornoFine`,`OraInizio`,`OraFine`),
  CONSTRAINT `fk_AsseCapo_Capocantiere1` FOREIGN KEY (`CodFiscale`) REFERENCES `Capocantiere` (`CodFiscale`) ON DELETE CASCADE ON UPDATE CASCADE,
  CONSTRAINT `fk_AsseCapo_Turno1` FOREIGN KEY (`GiornoInizio`, `GiornoFine`, `OraInizio`, `OraFine`) REFERENCES `Turno` (`GiornoInizio`, `GiornoFine`, `OraInizio`, `OraFine`) ON DELETE CASCADE ON UPDATE CASCADE
) ENGINE=InnoDB DEFAULT CHARSET=utf8mb4 COLLATE=utf8mb4_0900_ai_ci;
/*!40101 SET character_set_client = @saved_cs_client */;

--
-- Dumping data for table `AsseCapo`
--

LOCK TABLES `AsseCapo` WRITE;
/*!40000 ALTER TABLE `AsseCapo` DISABLE KEYS */;
INSERT INTO `AsseCapo` VALUES ('NDRFRD70D21Z404M',1,5,'09:00:00','17:00:00'),('NDRRCH01A01Z404C',1,5,'14:00:00','22:00:00');
/*!40000 ALTER TABLE `AsseCapo` ENABLE KEYS */;
UNLOCK TABLES;

--
-- Table structure for table `Avvenimento`
--

DROP TABLE IF EXISTS `Avvenimento`;
/*!40101 SET @saved_cs_client     = @@character_set_client */;
/*!50503 SET character_set_client = utf8mb4 */;
CREATE TABLE `Avvenimento` (
  `NomeArea` varchar(100) NOT NULL,
  `CodiceCalamita` int unsigned NOT NULL,
  PRIMARY KEY (`NomeArea`,`CodiceCalamita`),
  KEY `fk_AreaGeografica_Calamità_AreaGeografica1_idx` (`NomeArea`),
  KEY `fk_Avvenimento_Calamita1_idx` (`CodiceCalamita`),
  CONSTRAINT `fk_Avvenimento_AreaGeo1` FOREIGN KEY (`NomeArea`) REFERENCES `AreaGeo` (`NomeArea`) ON DELETE CASCADE ON UPDATE CASCADE,
  CONSTRAINT `fk_Avvenimento_Calamita1` FOREIGN KEY (`CodiceCalamita`) REFERENCES `Calamita` (`CodiceCalamita`) ON DELETE CASCADE ON UPDATE CASCADE
) ENGINE=InnoDB DEFAULT CHARSET=utf8mb4 COLLATE=utf8mb4_0900_ai_ci;
/*!40101 SET character_set_client = @saved_cs_client */;

--
-- Dumping data for table `Avvenimento`
--

LOCK TABLES `Avvenimento` WRITE;
/*!40000 ALTER TABLE `Avvenimento` DISABLE KEYS */;
INSERT INTO `Avvenimento` VALUES ('Firenze',0),('Pistoia',0),('Prato',0),('Grosseto',1),('Livorno',1),('Pisa',1),('Siena',1),('Arezzo',2),('Massa-Carrara',2),('Massa-Carrara',3),('Pisa',4);
/*!40000 ALTER TABLE `Avvenimento` ENABLE KEYS */;
UNLOCK TABLES;
/*!50003 SET @saved_cs_client      = @@character_set_client */ ;
/*!50003 SET @saved_cs_results     = @@character_set_results */ ;
/*!50003 SET @saved_col_connection = @@collation_connection */ ;
/*!50003 SET character_set_client  = utf8mb4 */ ;
/*!50003 SET character_set_results = utf8mb4 */ ;
/*!50003 SET collation_connection  = utf8mb4_0900_ai_ci */ ;
/*!50003 SET @saved_sql_mode       = @@sql_mode */ ;
/*!50003 SET sql_mode              = 'ONLY_FULL_GROUP_BY,STRICT_TRANS_TABLES,NO_ZERO_IN_DATE,NO_ZERO_DATE,ERROR_FOR_DIVISION_BY_ZERO,NO_ENGINE_SUBSTITUTION' */ ;
DELIMITER ;;
/*!50003 CREATE*/ /*!50017 DEFINER=`remoteroot`@`%`*/ /*!50003 TRIGGER `coeff_rischio_c` AFTER INSERT ON `Avvenimento` FOR EACH ROW BEGIN

INSERT INTO Rischio (Tipo, Data, Coefficiente, NomeArea)
SELECT C.Tipo, CURRENT_DATE, 1 -  EXP(LOG(1 - Coefficiente) - 0.05), R1.NomeArea 
FROM Rischio R1
INNER JOIN AreaGeo A1 ON A1.NomeArea = R1.NomeArea
INNER JOIN Avvenimento AV ON A1.NomeArea = AV.NomeArea
INNER JOIN Calamita C ON C.CodiceCalamita = AV.CodiceCalamita
WHERE R1.Tipo = C.Tipo
AND AV.CodiceCalamita = NEW.CodiceCalamita;

END */;;
DELIMITER ;
/*!50003 SET sql_mode              = @saved_sql_mode */ ;
/*!50003 SET character_set_client  = @saved_cs_client */ ;
/*!50003 SET character_set_results = @saved_cs_results */ ;
/*!50003 SET collation_connection  = @saved_col_connection */ ;

--
-- Table structure for table `Calamita`
--

DROP TABLE IF EXISTS `Calamita`;
/*!40101 SET @saved_cs_client     = @@character_set_client */;
/*!50503 SET character_set_client = utf8mb4 */;
CREATE TABLE `Calamita` (
  `CodiceCalamita` int unsigned NOT NULL AUTO_INCREMENT,
  `Data` timestamp NOT NULL DEFAULT CURRENT_TIMESTAMP,
  `Tipo` varchar(45) NOT NULL,
  `LivelloGravita` int DEFAULT NULL,
  `Latitudine` float NOT NULL,
  `Longitudine` float NOT NULL,
  `Raggio` int unsigned NOT NULL,
  PRIMARY KEY (`CodiceCalamita`),
  CONSTRAINT `Calamita_chk_1` CHECK ((`LivelloGravita` between 1 and 10)),
  CONSTRAINT `Calamita_chk_2` CHECK ((`Raggio` > 0)),
  CONSTRAINT `Calamita_chk_3` CHECK ((`Latitudine` between -(90) and 90)),
  CONSTRAINT `Calamita_chk_4` CHECK ((`Longitudine` between -(180) and 180))
) ENGINE=InnoDB AUTO_INCREMENT=5 DEFAULT CHARSET=utf8mb4 COLLATE=utf8mb4_0900_ai_ci;
/*!40101 SET character_set_client = @saved_cs_client */;

--
-- Dumping data for table `Calamita`
--

LOCK TABLES `Calamita` WRITE;
/*!40000 ALTER TABLE `Calamita` DISABLE KEYS */;
INSERT INTO `Calamita` VALUES (0,'2019-12-09 03:19:00','Terremoto',5,44.002,11.2974,25),(1,'2018-05-01 05:16:00','Terremoto',2,43.2083,10.9015,35),(2,'2011-10-25 06:00:00','Alluvione',6,44.2056,9.97448,30),(3,'2010-11-01 20:00:00','Frana',5,44.0305,10.1877,10),(4,'2020-07-29 09:00:00','Lahar',4,43.7209,10.3883,15);
/*!40000 ALTER TABLE `Calamita` ENABLE KEYS */;
UNLOCK TABLES;

--
-- Table structure for table `Capocantiere`
--

DROP TABLE IF EXISTS `Capocantiere`;
/*!40101 SET @saved_cs_client     = @@character_set_client */;
/*!50503 SET character_set_client = utf8mb4 */;
CREATE TABLE `Capocantiere` (
  `CodFiscale` varchar(16) NOT NULL,
  `StipendioGiornaliero` int unsigned NOT NULL,
  `MaxLavoratori` int unsigned NOT NULL,
  PRIMARY KEY (`CodFiscale`),
  UNIQUE KEY `CodFiscale_UNIQUE` (`CodFiscale`),
  CONSTRAINT `Capocantiere_chk_1` CHECK ((`StipendioGiornaliero` >= 48))
) ENGINE=InnoDB DEFAULT CHARSET=utf8mb4 COLLATE=utf8mb4_0900_ai_ci;
/*!40101 SET character_set_client = @saved_cs_client */;

--
-- Dumping data for table `Capocantiere`
--

LOCK TABLES `Capocantiere` WRITE;
/*!40000 ALTER TABLE `Capocantiere` DISABLE KEYS */;
INSERT INTO `Capocantiere` VALUES ('NDRFRD70D21Z404M',70,12),('NDRRCH01A01Z404C',54,8);
/*!40000 ALTER TABLE `Capocantiere` ENABLE KEYS */;
UNLOCK TABLES;

--
-- Table structure for table `Danno`
--

DROP TABLE IF EXISTS `Danno`;
/*!40101 SET @saved_cs_client     = @@character_set_client */;
/*!50503 SET character_set_client = utf8mb4 */;
CREATE TABLE `Danno` (
  `CodiceDanno` int unsigned NOT NULL AUTO_INCREMENT,
  `Entita` int NOT NULL,
  `Tipo` varchar(45) NOT NULL,
  `CodiceVano` int unsigned NOT NULL,
  `CodiceCalamita` int unsigned DEFAULT NULL,
  PRIMARY KEY (`CodiceDanno`),
  KEY `fk_Danno_Vano1_idx` (`CodiceVano`),
  KEY `fk_Danno_Calamita1_idx` (`CodiceCalamita`),
  CONSTRAINT `Calamita(CodiceCalamita)` FOREIGN KEY (`CodiceCalamita`) REFERENCES `Calamita` (`CodiceCalamita`) ON DELETE SET NULL ON UPDATE CASCADE,
  CONSTRAINT `fk_Danno_Vano1` FOREIGN KEY (`CodiceVano`) REFERENCES `Vano` (`CodiceVano`) ON DELETE CASCADE ON UPDATE CASCADE,
  CONSTRAINT `Danno_chk_1` CHECK ((`Entita` in (-(1),1,2,3,4,5,6,7,8,9)))
) ENGINE=InnoDB AUTO_INCREMENT=9 DEFAULT CHARSET=utf8mb4 COLLATE=utf8mb4_0900_ai_ci;
/*!40101 SET character_set_client = @saved_cs_client */;

--
-- Dumping data for table `Danno`
--

LOCK TABLES `Danno` WRITE;
/*!40000 ALTER TABLE `Danno` DISABLE KEYS */;
INSERT INTO `Danno` VALUES (0,2,'Crepa',0,1),(1,4,'Crepa',1,1),(2,3,'Crepa',3,1),(3,2,'Crepa',6,1),(4,4,'Crepa',8,1),(5,3,'Crepa',10,1),(6,4,'Crepa',12,1),(7,4,'Bruciatura',4,4);
/*!40000 ALTER TABLE `Danno` ENABLE KEYS */;
UNLOCK TABLES;

--
-- Table structure for table `Destinazione`
--

DROP TABLE IF EXISTS `Destinazione`;
/*!40101 SET @saved_cs_client     = @@character_set_client */;
/*!50503 SET character_set_client = utf8mb4 */;
CREATE TABLE `Destinazione` (
  `NomeFunzione` varchar(45) NOT NULL,
  `CodiceVano` int unsigned NOT NULL,
  PRIMARY KEY (`NomeFunzione`,`CodiceVano`),
  KEY `fk_Vano_Funzione_Funzione1_idx` (`NomeFunzione`),
  KEY `fk_Vano_Funzione_Vano1_idx` (`CodiceVano`),
  CONSTRAINT `fk_Destinazione_Funzione1` FOREIGN KEY (`NomeFunzione`) REFERENCES `Funzione` (`NomeFunzione`) ON DELETE CASCADE ON UPDATE CASCADE,
  CONSTRAINT `fk_Destinazione_Vano1` FOREIGN KEY (`CodiceVano`) REFERENCES `Vano` (`CodiceVano`) ON DELETE CASCADE ON UPDATE CASCADE
) ENGINE=InnoDB DEFAULT CHARSET=utf8mb4 COLLATE=utf8mb4_0900_ai_ci;
/*!40101 SET character_set_client = @saved_cs_client */;

--
-- Dumping data for table `Destinazione`
--

LOCK TABLES `Destinazione` WRITE;
/*!40000 ALTER TABLE `Destinazione` DISABLE KEYS */;
INSERT INTO `Destinazione` VALUES ('Ingresso',0),('Cucina',1),('Sala da pranzo',2),('Studio',3),('Bagno',4),('Camera da letto',5),('Camera da letto',6),('Soggiorno',7),('Ingresso',8),('Cucina',9),('Soggiorno',10),('Camera da letto',11),('Bagno',12),('Sala da pranzo',13),('Soggiorno',13),('Studio',14),('Bagno',15),('Camera da letto',16),('Camera da letto',17),('Cucina',18);
/*!40000 ALTER TABLE `Destinazione` ENABLE KEYS */;
UNLOCK TABLES;

--
-- Table structure for table `Edificio`
--

DROP TABLE IF EXISTS `Edificio`;
/*!40101 SET @saved_cs_client     = @@character_set_client */;
/*!50503 SET character_set_client = utf8mb4 */;
CREATE TABLE `Edificio` (
  `CodiceEdificio` int unsigned NOT NULL AUTO_INCREMENT,
  `Tipologia` varchar(45) DEFAULT NULL,
  `Latitudine` float NOT NULL,
  `Longitudine` float NOT NULL,
  `NomeArea` varchar(45) NOT NULL,
  PRIMARY KEY (`CodiceEdificio`),
  KEY `fk_Edificio_AreaGeografica_idx` (`NomeArea`),
  CONSTRAINT `AreaGeo(NomeArea)` FOREIGN KEY (`NomeArea`) REFERENCES `AreaGeo` (`NomeArea`) ON DELETE CASCADE ON UPDATE CASCADE,
  CONSTRAINT `Edificio_chk_1` CHECK ((`Latitudine` between -(90) and 90)),
  CONSTRAINT `Edificio_chk_2` CHECK ((`Longitudine` between -(180) and 180))
) ENGINE=InnoDB AUTO_INCREMENT=6 DEFAULT CHARSET=utf8mb4 COLLATE=utf8mb4_0900_ai_ci;
/*!40101 SET character_set_client = @saved_cs_client */;

--
-- Dumping data for table `Edificio`
--

LOCK TABLES `Edificio` WRITE;
/*!40000 ALTER TABLE `Edificio` DISABLE KEYS */;
INSERT INTO `Edificio` VALUES (0,'Casa unifamiliare',43.3934,10.7493,'Pisa'),(1,'Condominio',42.7656,11.1181,'Grosseto'),(2,'Bungalow',43.5045,10.3201,'Livorno'),(3,'Villa',44.1216,10.3041,'Lucca'),(4,'Casa bifamiliare',44.0365,10.1605,'Massa-Carrara'),(5,'Condominio',43.7507,11.2662,'Firenze');
/*!40000 ALTER TABLE `Edificio` ENABLE KEYS */;
UNLOCK TABLES;
/*!50003 SET @saved_cs_client      = @@character_set_client */ ;
/*!50003 SET @saved_cs_results     = @@character_set_results */ ;
/*!50003 SET @saved_col_connection = @@collation_connection */ ;
/*!50003 SET character_set_client  = utf8mb4 */ ;
/*!50003 SET character_set_results = utf8mb4 */ ;
/*!50003 SET collation_connection  = utf8mb4_0900_ai_ci */ ;
/*!50003 SET @saved_sql_mode       = @@sql_mode */ ;
/*!50003 SET sql_mode              = 'ONLY_FULL_GROUP_BY,STRICT_TRANS_TABLES,NO_ZERO_IN_DATE,NO_ZERO_DATE,ERROR_FOR_DIVISION_BY_ZERO,NO_ENGINE_SUBSTITUTION' */ ;
DELIMITER ;;
/*!50003 CREATE*/ /*!50017 DEFINER=`remoteroot`@`%`*/ /*!50003 TRIGGER `coeff_rischio_e` AFTER INSERT ON `Edificio` FOR EACH ROW BEGIN

INSERT INTO Rischio (Tipo, Data, Coefficiente, NomeArea)
SELECT Tipo, CURRENT_DATE, 1 -  EXP(LOG(1 - Coefficiente) - 0.05), A1.NomeArea 
FROM Rischio R1
INNER JOIN AreaGeo A1 ON A1.NomeArea = R1.NomeArea
INNER JOIN Edificio E1 ON E1.NomeArea = A1.NomeArea
WHERE E1.CodiceEdificio = NEW.CodiceEdificio;

END */;;
DELIMITER ;
/*!50003 SET sql_mode              = @saved_sql_mode */ ;
/*!50003 SET character_set_client  = @saved_cs_client */ ;
/*!50003 SET character_set_results = @saved_cs_results */ ;
/*!50003 SET collation_connection  = @saved_col_connection */ ;

--
-- Table structure for table `EleStrutt`
--

DROP TABLE IF EXISTS `EleStrutt`;
/*!40101 SET @saved_cs_client     = @@character_set_client */;
/*!50503 SET character_set_client = utf8mb4 */;
CREATE TABLE `EleStrutt` (
  `X` float unsigned NOT NULL,
  `Y` float unsigned NOT NULL,
  `Z` float unsigned NOT NULL,
  `Tipo` varchar(45) NOT NULL,
  `Orientazione` varchar(45) NOT NULL,
  `Lunghezza` float unsigned NOT NULL,
  `Larghezza` float unsigned NOT NULL,
  `Altezza` float unsigned NOT NULL,
  `CodiceVano` int unsigned NOT NULL,
  `CodiceLavoro` int unsigned DEFAULT NULL,
  PRIMARY KEY (`X`,`Y`,`Z`,`CodiceVano`),
  KEY `fk_ElementoStrutturale_Vano1_idx` (`CodiceVano`),
  KEY `fk_EleStrutt_Lavoro1_idx` (`CodiceLavoro`),
  CONSTRAINT `fk_EleStrutt_Lavoro1` FOREIGN KEY (`CodiceLavoro`) REFERENCES `Lavoro` (`CodiceLavoro`) ON DELETE SET NULL ON UPDATE CASCADE,
  CONSTRAINT `fk_EleStrutt_Vano1` FOREIGN KEY (`CodiceVano`) REFERENCES `Vano` (`CodiceVano`) ON DELETE CASCADE ON UPDATE CASCADE,
  CONSTRAINT `EleStrutt_chk_1` CHECK ((`Lunghezza` > 0)),
  CONSTRAINT `EleStrutt_chk_2` CHECK ((`Larghezza` > 0)),
  CONSTRAINT `EleStrutt_chk_3` CHECK ((`Altezza` > 0)),
  CONSTRAINT `EleStrutt_chk_4` CHECK ((`Orientazione` between 0 and 360))
) ENGINE=InnoDB DEFAULT CHARSET=utf8mb4 COLLATE=utf8mb4_0900_ai_ci;
/*!40101 SET character_set_client = @saved_cs_client */;

--
-- Dumping data for table `EleStrutt`
--

LOCK TABLES `EleStrutt` WRITE;
/*!40000 ALTER TABLE `EleStrutt` DISABLE KEYS */;
INSERT INTO `EleStrutt` VALUES (0,0,0,'Muro','90',5.5,0.4,3.5,0,2),(0,0,0,'Muro','90',5.5,0.4,3.5,8,34),(0,3,0,'Porta','90',0.7,0.3,2,0,55),(0,3,0,'Porta','90',0.7,0.3,2,8,64),(0,5.5,0,'Muro','0',4,0.4,3.5,0,3),(0,5.5,0,'Muro','90',4.5,0.4,3.5,1,6),(0,5.5,0,'Muro','0',4,0.2,3.5,8,35),(0,5.5,0,'Muro','90',4.5,0.4,3.5,9,38),(0,10,0,'Muro','0',4,0.4,3.5,1,7),(0,10,0,'Muro','0',4,0.4,3.5,9,39),(0.1,0.1,0.1,'Pavimento','0',4,5.5,0.1,0,11),(0.1,0.1,0.1,'Pavimento','0',4,5.5,0.1,8,42),(0.1,5.5,0.1,'Pavimento','0',4,4.5,0.1,1,12),(0.1,5.5,0.1,'Pavimento','0',4,4.5,0.1,9,43),(2,5.7,0,'Porta','0',0.5,0.2,2,1,56),(3,5.3,0,'Porta','0',0.5,0.2,2,9,65),(3.7,3,0,'Porta','90',0.5,0.3,2,10,66),(4,0,0,'Muro','0',3.5,0.4,3.5,6,33),(4,0,0,'Muro','0',6,0.4,3.5,10,47),(4,0.1,0.1,'Pavimento','0',3.5,5.5,0.1,7,18),(4,0.1,0.1,'Pavimento','0',6,10,0.1,10,44),(4,0.4,0,'Muro','180',4,0.4,3.5,0,5),(4,0.4,0,'Muro','180',4,0.4,3.5,8,37),(4,2.5,0,'Porta','90',0.5,0.2,2,7,63),(4,5.5,0,'Muro','270',5.5,0.4,3.5,0,4),(4,5.5,0,'Muro','0',4,0.2,3.5,2,10),(4,5.5,0,'Muro','270',5.5,0.2,3.5,8,36),(4,5.5,0.1,'Pavimento','0',4,4.5,0.1,2,13),(4,7,0,'Porta','90',0.5,0.2,2,2,57),(4,10,0,'Muro','270',4.5,0.2,3.5,1,8),(4,10,0,'Muro','0',4,0.4,3.5,2,9),(4,10,0,'Muro','270',4.5,0.2,3.5,9,40),(4,10,0,'Muro','0',6,0.4,3.5,10,41),(4.3,10,0,'Portafinestra','0',0.5,0.2,2,2,69),(4.5,10,0,'Balcone','0',4,1.5,1.4,10,71),(6,10,0,'Portafinestra','0',0.5,0.2,2,10,70),(7.5,0,0,'Muro','0',4,0.4,3.5,6,31),(7.5,0.1,0.1,'Pavimento','0',4,4.5,0.1,6,17),(7.5,4.5,0,'Muro','0',4,0.2,3.5,6,30),(7.5,4.5,0,'Porta','90',0.5,0.2,2,7,62),(7.5,5.5,0,'Muro','270',4,0.2,3.5,6,32),(8,5.5,0,'Muro','0',3.5,0.2,3.5,3,21),(8,5.5,0.1,'Pavimento','0',3.5,4.5,0.1,3,14),(8,10,0,'Muro','270',4.5,0.2,3.5,2,19),(8,10,0,'Muro','0',3.5,0.4,3.5,3,20),(8.4,0.2,0.8,'Finestra','0',0.5,0.2,1,4,73),(9,4.3,0,'Porta','0',0.5,0.2,2,6,61),(9,5.7,0,'Porta','0',0.5,0.2,2,3,58),(9.7,3,0,'Porta','90',0.5,0.3,2,12,68),(9.7,8,0,'Porta','90',0.5,0.3,2,11,67),(10,0,0,'Muro','90',5,0.2,3.5,12,54),(10,0.1,0.1,'Pavimento','0',5,5,0.1,12,46),(10,5,0.1,'Pavimento','0',5,5,0.1,11,45),(10,5.5,0,'Muro','90',5,0.4,3.5,11,51),(10,10,0,'Muro','0',5,0.4,3.5,11,48),(11.5,0,0,'Muro','90',4.5,0.4,3.5,5,28),(11.5,0.1,0.1,'Pavimento','0',3.5,4.5,0.1,5,16),(11.5,4.5,0,'Muro','0',3.5,0.2,3.5,5,27),(11.5,5.5,0,'Muro','0',3.5,0.2,3.5,4,24),(11.5,5.5,0.1,'Pavimento','0',3.5,4.5,0.1,4,15),(11.5,10,0,'Muro','270',3.5,0.2,3.5,3,22),(11.5,10,0,'Muro','0',3.5,0.4,3.5,4,23),(12.3,10,0.8,'Finestra','0',0.5,0.2,1,4,72),(12.5,0.2,0.8,'Finestra','0',0.5,0.2,1,5,74),(12.5,4.3,0,'Porta','0',0.5,0.2,2,5,60),(12.5,5.7,0,'Porta','0',0.5,0.2,2,4,59),(14.7,3,0,'Finestra','90',0.7,0.1,0.8,12,76),(14.7,8,0,'Finestra','90',0.6,0.1,0.8,11,75),(15,0.2,0,'Muro','180',3.5,0.2,3.5,5,29),(15,0.4,0,'Muro','180',5,0.4,3.5,12,53),(15,4.5,0,'Muro','270',4.5,0.4,3.5,5,26),(15,5.5,0,'Muro','270',5,0.4,3.5,12,52),(15,5.9,0,'Muro','180',5,0.2,3.5,11,50),(15,10,0,'Muro','270',3.5,0.4,3.5,4,25),(15,10,0,'Muro','270',5,0.4,3.5,11,49);
/*!40000 ALTER TABLE `EleStrutt` ENABLE KEYS */;
UNLOCK TABLES;

--
-- Table structure for table `Fornitura`
--

DROP TABLE IF EXISTS `Fornitura`;
/*!40101 SET @saved_cs_client     = @@character_set_client */;
/*!50503 SET character_set_client = utf8mb4 */;
CREATE TABLE `Fornitura` (
  `Quantita` float unsigned DEFAULT NULL,
  `CodiceLavoro` int unsigned NOT NULL,
  `CodiceLotto` int unsigned NOT NULL,
  PRIMARY KEY (`CodiceLavoro`,`CodiceLotto`),
  KEY `fk_Fornitura_Lavoro1_idx` (`CodiceLavoro`),
  KEY `fk_Fornitura_Lotto1_idx` (`CodiceLotto`),
  CONSTRAINT `fk_Fornitura_Lavoro1` FOREIGN KEY (`CodiceLavoro`) REFERENCES `Lavoro` (`CodiceLavoro`) ON UPDATE CASCADE,
  CONSTRAINT `fk_Fornitura_Lotto1` FOREIGN KEY (`CodiceLotto`) REFERENCES `Lotto` (`CodiceLotto`) ON DELETE CASCADE ON UPDATE CASCADE,
  CONSTRAINT `Fornitura_chk_2` CHECK ((`Quantita` > 0))
) ENGINE=InnoDB DEFAULT CHARSET=utf8mb4 COLLATE=utf8mb4_0900_ai_ci;
/*!40101 SET character_set_client = @saved_cs_client */;

--
-- Dumping data for table `Fornitura`
--

LOCK TABLES `Fornitura` WRITE;
/*!40000 ALTER TABLE `Fornitura` DISABLE KEYS */;
INSERT INTO `Fornitura` VALUES (2048.2,2,0),(585.2,2,1),(585.2,2,2),(585.2,2,3),(585.2,2,4),(1694,2,5),(32.34,2,8),(2048.2,3,0),(585.2,3,1),(585.2,3,2),(585.2,3,3),(585.2,3,4),(1694,3,5),(32.34,3,8),(2048.2,4,0),(585.2,4,1),(585.2,4,2),(585.2,4,3),(585.2,4,4),(1694,4,5),(32.34,4,8),(2048.2,5,0),(585.2,5,1),(585.2,5,2),(585.2,5,3),(585.2,5,4),(1694,5,5),(32.34,5,8),(1158.85,6,0),(331.1,6,1),(331.1,6,2),(331.1,6,3),(331.1,6,4),(1386,6,5),(15.4,6,8),(1158.85,7,0),(331.1,7,1),(331.1,7,2),(331.1,7,3),(331.1,7,4),(1386,7,5),(15.4,7,8),(1158.85,8,0),(331.1,8,1),(331.1,8,2),(331.1,8,3),(331.1,8,4),(1386,8,5),(15.4,8,8),(889.35,9,0),(254.1,9,1),(254.1,9,2),(254.1,9,3),(254.1,9,4),(1386,9,5),(30.8,9,8),(7.7,9,9),(889.35,10,0),(254.1,10,1),(254.1,10,2),(254.1,10,3),(254.1,10,4),(1386,10,5),(30.8,10,8),(7.7,10,9),(2048.2,11,0),(585.2,11,1),(585.2,11,2),(585.2,11,3),(585.2,11,4),(1694,11,5),(32.34,11,8),(1158.85,12,0),(331.1,12,1),(331.1,12,2),(331.1,12,3),(331.1,12,4),(1386,12,5),(15.4,12,8),(889.35,13,0),(254.1,13,1),(254.1,13,2),(254.1,13,3),(254.1,13,4),(1386,13,5),(30.8,13,8),(7.7,13,9),(754.6,14,0),(215.6,14,1),(215.6,14,2),(215.6,14,3),(215.6,14,4),(1212.75,14,5),(15.4,14,8),(943.25,15,0),(269.5,15,1),(269.5,15,2),(269.5,15,3),(269.5,15,4),(1212.75,15,5),(30.8,15,8),(15.4,15,9),(1347.5,16,0),(385,16,1),(385,16,2),(385,16,3),(385,16,4),(1212.75,16,5),(23.1,16,8),(7.7,16,9),(1239.7,17,0),(354.2,17,1),(354.2,17,2),(354.2,17,3),(354.2,17,4),(1386,17,5),(15.4,17,8),(1482.25,18,5),(30.8,18,8),(889.35,19,0),(254.1,19,1),(254.1,19,2),(254.1,19,3),(254.1,19,4),(1386,19,5),(30.8,19,8),(7.7,19,9),(754.6,20,0),(215.6,20,1),(215.6,20,2),(215.6,20,3),(215.6,20,4),(1212.75,20,5),(15.4,20,8),(754.6,21,0),(215.6,21,1),(215.6,21,2),(215.6,21,3),(215.6,21,4),(1212.75,21,5),(15.4,21,8),(754.6,22,0),(215.6,22,1),(215.6,22,2),(215.6,22,3),(215.6,22,4),(1212.75,22,5),(15.4,22,8),(943.25,23,0),(269.5,23,1),(269.5,23,2),(269.5,23,3),(269.5,23,4),(1212.75,23,5),(30.8,23,8),(15.4,23,9),(943.25,24,0),(269.5,24,1),(269.5,24,2),(269.5,24,3),(269.5,24,4),(1212.75,24,5),(30.8,24,8),(15.4,24,9),(943.25,25,0),(269.5,25,1),(269.5,25,2),(269.5,25,3),(269.5,25,4),(1212.75,25,5),(30.8,25,8),(15.4,25,9),(1347.5,26,0),(385,26,1),(385,26,2),(385,26,3),(385,26,4),(1212.75,26,5),(23.1,26,8),(7.7,26,9),(1347.5,27,0),(385,27,1),(385,27,2),(385,27,3),(385,27,4),(1212.75,27,5),(23.1,27,8),(7.7,27,9),(1347.5,28,0),(385,28,1),(385,28,2),(385,28,3),(385,28,4),(1212.75,28,5),(23.1,28,8),(7.7,28,9),(1347.5,29,0),(385,29,1),(385,29,2),(385,29,3),(385,29,4),(1212.75,29,5),(23.1,29,8),(7.7,29,9),(1239.7,30,0),(354.2,30,1),(354.2,30,2),(354.2,30,3),(354.2,30,4),(1386,30,5),(15.4,30,8),(1239.7,31,0),(354.2,31,1),(354.2,31,2),(354.2,31,3),(354.2,31,4),(1386,31,5),(15.4,31,8),(1239.7,32,0),(354.2,32,1),(354.2,32,2),(354.2,32,3),(354.2,32,4),(1386,32,5),(15.4,32,8),(1239.7,33,0),(354.2,33,1),(354.2,33,2),(354.2,33,3),(354.2,33,4),(1386,33,5),(15.4,33,8),(1536.15,34,0),(438.9,34,1),(438.9,34,2),(438.9,34,3),(438.9,34,4),(1694,34,6),(32.34,34,8),(1536.15,35,0),(438.9,35,1),(438.9,35,2),(438.9,35,3),(438.9,35,4),(1694,35,6),(32.34,35,8),(1536.15,36,0),(438.9,36,1),(438.9,36,2),(438.9,36,3),(438.9,36,4),(1694,36,6),(32.34,36,8),(1536.15,37,0),(438.9,37,1),(438.9,37,2),(438.9,37,3),(438.9,37,4),(1694,37,6),(32.34,37,8),(1158.85,38,0),(331.1,38,1),(331.1,38,2),(331.1,38,3),(331.1,38,4),(1386,38,6),(15.4,38,8),(1158.85,39,0),(331.1,39,1),(331.1,39,2),(331.1,39,3),(331.1,39,4),(1386,39,6),(15.4,39,8),(1158.85,40,0),(331.1,40,1),(331.1,40,2),(331.1,40,3),(331.1,40,4),(1386,40,6),(15.4,40,8),(1293.6,41,0),(831.6,41,1),(369.6,41,2),(369.6,41,3),(369.6,41,4),(4620,41,6),(646.8,41,7),(38.5,41,8),(7.7,41,9),(1536.15,42,0),(438.9,42,1),(438.9,42,2),(438.9,42,3),(438.9,42,4),(1694,42,6),(32.34,42,8),(1158.85,43,0),(331.1,43,1),(331.1,43,2),(331.1,43,3),(331.1,43,4),(1386,43,6),(15.4,43,8),(1293.6,44,0),(831.6,44,1),(369.6,44,2),(369.6,44,3),(369.6,44,4),(4620,44,6),(646.8,44,7),(38.5,44,8),(7.7,44,9),(1886.5,45,0),(539,45,1),(539,45,2),(539,45,3),(539,45,4),(1925,45,6),(26.796,45,8),(4.62,45,9),(1347.5,46,0),(385,46,1),(385,46,2),(385,46,3),(385,46,4),(1925,46,6),(27.412,46,8),(5.39,46,9),(1293.6,47,0),(831.6,47,1),(369.6,47,2),(369.6,47,3),(369.6,47,4),(4620,47,6),(646.8,47,7),(38.5,47,8),(7.7,47,9),(1886.5,48,0),(539,48,1),(539,48,2),(539,48,3),(539,48,4),(1925,48,6),(26.796,48,8),(4.62,48,9),(1886.5,49,0),(539,49,1),(539,49,2),(539,49,3),(539,49,4),(1925,49,6),(26.796,49,8),(4.62,49,9),(1886.5,50,0),(539,50,1),(539,50,2),(539,50,3),(539,50,4),(1925,50,6),(26.796,50,8),(4.62,50,9),(1886.5,51,0),(539,51,1),(539,51,2),(539,51,3),(539,51,4),(1925,51,6),(26.796,51,8),(4.62,51,9),(1347.5,52,0),(385,52,1),(385,52,2),(385,52,3),(385,52,4),(1925,52,6),(27.412,52,8),(5.39,52,9),(1347.5,53,0),(385,53,1),(385,53,2),(385,53,3),(385,53,4),(1925,53,6),(27.412,53,8),(5.39,53,9),(1347.5,54,0),(385,54,1),(385,54,2),(385,54,3),(385,54,4),(1925,54,6),(27.412,54,8),(5.39,54,9),(2048.2,55,0),(585.2,55,1),(585.2,55,2),(585.2,55,3),(585.2,55,4),(1694,55,5),(32.34,55,8),(1158.85,56,0),(331.1,56,1),(331.1,56,2),(331.1,56,3),(331.1,56,4),(1386,56,5),(15.4,56,8),(889.35,57,0),(254.1,57,1),(254.1,57,2),(254.1,57,3),(254.1,57,4),(1386,57,5),(30.8,57,8),(7.7,57,9),(754.6,58,0),(215.6,58,1),(215.6,58,2),(215.6,58,3),(215.6,58,4),(1212.75,58,5),(15.4,58,8),(943.25,59,0),(269.5,59,1),(269.5,59,2),(269.5,59,3),(269.5,59,4),(1212.75,59,5),(30.8,59,8),(15.4,59,9),(1347.5,60,0),(385,60,1),(385,60,2),(385,60,3),(385,60,4),(1212.75,60,5),(23.1,60,8),(7.7,60,9),(1239.7,61,0),(354.2,61,1),(354.2,61,2),(354.2,61,3),(354.2,61,4),(1386,61,5),(15.4,61,8),(1482.25,62,5),(30.8,62,8),(1482.25,63,5),(30.8,63,8),(1536.15,64,0),(438.9,64,1),(438.9,64,2),(438.9,64,3),(438.9,64,4),(1694,64,6),(32.34,64,8),(1158.85,65,0),(331.1,65,1),(331.1,65,2),(331.1,65,3),(331.1,65,4),(1386,65,6),(15.4,65,8),(1293.6,66,0),(831.6,66,1),(369.6,66,2),(369.6,66,3),(369.6,66,4),(4620,66,6),(646.8,66,7),(38.5,66,8),(7.7,66,9),(1886.5,67,0),(539,67,1),(539,67,2),(539,67,3),(539,67,4),(1925,67,6),(26.796,67,8),(4.62,67,9),(1347.5,68,0),(385,68,1),(385,68,2),(385,68,3),(385,68,4),(1925,68,6),(27.412,68,8),(5.39,68,9),(889.35,69,0),(254.1,69,1),(254.1,69,2),(254.1,69,3),(254.1,69,4),(1386,69,5),(30.8,69,8),(7.7,69,9),(1293.6,70,0),(831.6,70,1),(369.6,70,2),(369.6,70,3),(369.6,70,4),(4620,70,6),(646.8,70,7),(38.5,70,8),(7.7,70,9),(1293.6,71,0),(831.6,71,1),(369.6,71,2),(369.6,71,3),(369.6,71,4),(4620,71,6),(646.8,71,7),(38.5,71,8),(7.7,71,9),(943.25,72,0),(269.5,72,1),(269.5,72,2),(269.5,72,3),(269.5,72,4),(1212.75,72,5),(30.8,72,8),(15.4,72,9),(943.25,73,0),(269.5,73,1),(269.5,73,2),(269.5,73,3),(269.5,73,4),(1212.75,73,5),(30.8,73,8),(15.4,73,9),(1347.5,74,0),(385,74,1),(385,74,2),(385,74,3),(385,74,4),(1212.75,74,5),(23.1,74,8),(7.7,74,9),(1886.5,75,0),(539,75,1),(539,75,2),(539,75,3),(539,75,4),(1925,75,6),(26.796,75,8),(4.62,75,9),(1347.5,76,0),(385,76,1),(385,76,2),(385,76,3),(385,76,4),(1925,76,6),(27.412,76,8),(5.39,76,9);
/*!40000 ALTER TABLE `Fornitura` ENABLE KEYS */;
UNLOCK TABLES;
/*!50003 SET @saved_cs_client      = @@character_set_client */ ;
/*!50003 SET @saved_cs_results     = @@character_set_results */ ;
/*!50003 SET @saved_col_connection = @@collation_connection */ ;
/*!50003 SET character_set_client  = utf8mb4 */ ;
/*!50003 SET character_set_results = utf8mb4 */ ;
/*!50003 SET collation_connection  = utf8mb4_0900_ai_ci */ ;
/*!50003 SET @saved_sql_mode       = @@sql_mode */ ;
/*!50003 SET sql_mode              = 'ONLY_FULL_GROUP_BY,STRICT_TRANS_TABLES,NO_ZERO_IN_DATE,NO_ZERO_DATE,ERROR_FOR_DIVISION_BY_ZERO,NO_ENGINE_SUBSTITUTION' */ ;
DELIMITER ;;
/*!50003 CREATE*/ /*!50017 DEFINER=`remoteroot`@`%`*/ /*!50003 TRIGGER `set_costo_materiali` AFTER INSERT ON `Fornitura` FOR EACH ROW BEGIN
DECLARE Costo FLOAT;
SELECT Lo.Costo
FROM Lotto Lo
WHERE Lo.CodiceLotto = NEW.CodiceLotto
INTO Costo;

UPDATE Lavoro L
SET L.CostoMateriali = IfNull(L.CostoMateriali, 0) + Costo * NEW.Quantita
WHERE L.CodiceLavoro = NEW.CodiceLavoro;

END */;;
DELIMITER ;
/*!50003 SET sql_mode              = @saved_sql_mode */ ;
/*!50003 SET character_set_client  = @saved_cs_client */ ;
/*!50003 SET character_set_results = @saved_cs_results */ ;
/*!50003 SET collation_connection  = @saved_col_connection */ ;

--
-- Table structure for table `Funzione`
--

DROP TABLE IF EXISTS `Funzione`;
/*!40101 SET @saved_cs_client     = @@character_set_client */;
/*!50503 SET character_set_client = utf8mb4 */;
CREATE TABLE `Funzione` (
  `NomeFunzione` varchar(45) NOT NULL,
  PRIMARY KEY (`NomeFunzione`)
) ENGINE=InnoDB DEFAULT CHARSET=utf8mb4 COLLATE=utf8mb4_0900_ai_ci;
/*!40101 SET character_set_client = @saved_cs_client */;

--
-- Dumping data for table `Funzione`
--

LOCK TABLES `Funzione` WRITE;
/*!40000 ALTER TABLE `Funzione` DISABLE KEYS */;
INSERT INTO `Funzione` VALUES ('Bagno'),('Camera da letto'),('Cucina'),('Ingresso'),('Ripostiglio'),('Sala da pranzo'),('Salotto'),('Soggiorno'),('Studio'),('Veranda');
/*!40000 ALTER TABLE `Funzione` ENABLE KEYS */;
UNLOCK TABLES;

--
-- Table structure for table `Gestione`
--

DROP TABLE IF EXISTS `Gestione`;
/*!40101 SET @saved_cs_client     = @@character_set_client */;
/*!50503 SET character_set_client = utf8mb4 */;
CREATE TABLE `Gestione` (
  `CodFiscale` varchar(16) NOT NULL,
  `DataInizio` date NOT NULL,
  `CodiceProgetto` int unsigned NOT NULL,
  PRIMARY KEY (`CodFiscale`,`DataInizio`,`CodiceProgetto`),
  KEY `fk_Gestione_Responsabile1_idx` (`CodFiscale`),
  KEY `fk_Gestione_StadioAvanzamento1_idx` (`DataInizio`,`CodiceProgetto`),
  CONSTRAINT `fk_Gestione_Progetto1` FOREIGN KEY (`DataInizio`, `CodiceProgetto`) REFERENCES `StadioAva` (`DataInizio`, `CodiceProgetto`) ON DELETE CASCADE ON UPDATE CASCADE,
  CONSTRAINT `fk_Gestione_Responsabile1` FOREIGN KEY (`CodFiscale`) REFERENCES `Responsabile` (`CodFiscale`) ON UPDATE CASCADE
) ENGINE=InnoDB DEFAULT CHARSET=utf8mb4 COLLATE=utf8mb4_0900_ai_ci;
/*!40101 SET character_set_client = @saved_cs_client */;

--
-- Dumping data for table `Gestione`
--

LOCK TABLES `Gestione` WRITE;
/*!40000 ALTER TABLE `Gestione` DISABLE KEYS */;
INSERT INTO `Gestione` VALUES ('MRCFDN03D28C352M','2016-03-10',0),('STNCLV02M27A509W','2016-03-10',0),('MRCFDN03D28C352M','2016-04-10',0),('STNCLV02M27A509W','2016-04-10',0),('MRCFDN03D28C352M','2016-05-10',0),('STNCLV02M27A509W','2016-05-10',0),('MRCFDN03D28C352M','2016-06-10',0),('STNCLV02M27A509W','2016-06-10',0),('MRCFDN03D28C352M','2016-07-10',0),('STNCLV02M27A509W','2016-07-10',0),('MRCFDN03D28C352M','2016-08-10',0),('STNCLV02M27A509W','2016-08-10',0),('MRCFDN03D28C352M','2016-09-10',0),('STNCLV02M27A509W','2016-09-10',0),('MRCFDN03D28C352M','2016-10-10',0),('STNCLV02M27A509W','2016-10-10',0);
/*!40000 ALTER TABLE `Gestione` ENABLE KEYS */;
UNLOCK TABLES;

--
-- Table structure for table `Intonaco`
--

DROP TABLE IF EXISTS `Intonaco`;
/*!40101 SET @saved_cs_client     = @@character_set_client */;
/*!50503 SET character_set_client = utf8mb4 */;
CREATE TABLE `Intonaco` (
  `Nome` varchar(45) NOT NULL,
  `Materiale` varchar(45) NOT NULL,
  `CodiceLotto` int unsigned NOT NULL,
  PRIMARY KEY (`CodiceLotto`),
  CONSTRAINT `fk_Intonaco_Lotto1` FOREIGN KEY (`CodiceLotto`) REFERENCES `Lotto` (`CodiceLotto`) ON DELETE CASCADE ON UPDATE CASCADE
) ENGINE=InnoDB DEFAULT CHARSET=utf8mb4 COLLATE=utf8mb4_0900_ai_ci;
/*!40101 SET character_set_client = @saved_cs_client */;

--
-- Dumping data for table `Intonaco`
--

LOCK TABLES `Intonaco` WRITE;
/*!40000 ALTER TABLE `Intonaco` DISABLE KEYS */;
INSERT INTO `Intonaco` VALUES ('Rinzaffo','Malta',2),('Intonaco rasato','Gesso',3),('Finitura','Grès laminato',4);
/*!40000 ALTER TABLE `Intonaco` ENABLE KEYS */;
UNLOCK TABLES;

--
-- Table structure for table `Lavoratore`
--

DROP TABLE IF EXISTS `Lavoratore`;
/*!40101 SET @saved_cs_client     = @@character_set_client */;
/*!50503 SET character_set_client = utf8mb4 */;
CREATE TABLE `Lavoratore` (
  `CodFiscale` varchar(16) NOT NULL,
  `StipendioOrario` int unsigned NOT NULL,
  `Tipologia` varchar(45) DEFAULT NULL,
  `CodFiscaleCapocantiere` varchar(16) NOT NULL,
  PRIMARY KEY (`CodFiscale`),
  UNIQUE KEY `CodFiscale_UNIQUE` (`CodFiscale`),
  KEY `fk_Lavoratore_Capocantiere1_idx` (`CodFiscaleCapocantiere`),
  CONSTRAINT `Capocantiere(CodFiscale)` FOREIGN KEY (`CodFiscaleCapocantiere`) REFERENCES `Capocantiere` (`CodFiscale`),
  CONSTRAINT `Lavoratore_chk_1` CHECK ((`StipendioOrario` >= 6))
) ENGINE=InnoDB DEFAULT CHARSET=utf8mb4 COLLATE=utf8mb4_0900_ai_ci;
/*!40101 SET character_set_client = @saved_cs_client */;

--
-- Dumping data for table `Lavoratore`
--

LOCK TABLES `Lavoratore` WRITE;
/*!40000 ALTER TABLE `Lavoratore` DISABLE KEYS */;
INSERT INTO `Lavoratore` VALUES ('BCTQYN97E15A555V',6,'Elettromeccanico','NDRFRD70D21Z404M'),('CGOLER71L47B270H',10,'Operatore polivalente','NDRRCH01A01Z404C'),('CHJVDN64M62B789N',11,'Elettricista','NDRFRD70D21Z404M'),('CRFWBP61D26M178U',12,'Operatore polivalente','NDRFRD70D21Z404M'),('GLOLYJ68P06B542P',10,'Addetto manutenzione','NDRFRD70D21Z404M'),('HJZZNF81M15B602Q',8,'Addetto manutenzione','NDRRCH01A01Z404C'),('LOPDGI81P20G540Y',8,'Operatore polivalente','NDRRCH01A01Z404C'),('LYTPWN92E14H778C',6,'Operatore mezzi movimentazione terra','NDRRCH01A01Z404C'),('MGRMGT94P69B124P',6,'Operatore polivalente','NDRFRD70D21Z404M'),('POLCSI82R17B227O',8,'Addetto manutenzione','NDRRCH01A01Z404C'),('PPBPQT66D17B463X',10,'Elettromeccanico','NDRRCH01A01Z404C'),('RZSTYI77H25A796L',8,'Operatore mezzi movimentazione terra','NDRFRD70D21Z404M'),('SGSBDU81L43G274Q',9,'Elettricista','NDRFRD70D21Z404M'),('TDMYDN81M55B153S',8,'Operatore mezzi movimentazione terra','NDRRCH01A01Z404C'),('THDBVA88R21I926S',7,'Operatore polivalente','NDRRCH01A01Z404C'),('TSQTGW74B02A218P',9,'Addetto alla movimentazione dei materiali','NDRRCH01A01Z404C'),('VDCWWG84R64A539V',10,'Addetto manutenzione','NDRFRD70D21Z404M'),('YGDHTZ89D50C487E',7,'Addetto manutenzione','NDRFRD70D21Z404M'),('YRBYJF64H06F453M',11,'Elettromeccanico','NDRFRD70D21Z404M'),('YREVHF69D46E976I',10,'Addetto alla movimentazione dei materiali','NDRFRD70D21Z404M');
/*!40000 ALTER TABLE `Lavoratore` ENABLE KEYS */;
UNLOCK TABLES;

--
-- Table structure for table `Lavoro`
--

DROP TABLE IF EXISTS `Lavoro`;
/*!40101 SET @saved_cs_client     = @@character_set_client */;
/*!50503 SET character_set_client = utf8mb4 */;
CREATE TABLE `Lavoro` (
  `CodiceLavoro` int unsigned NOT NULL AUTO_INCREMENT,
  `Nome` varchar(255) NOT NULL,
  `CostoLavoratori` float unsigned DEFAULT NULL,
  `CostoMateriali` float unsigned DEFAULT NULL,
  `DataInizio` date NOT NULL,
  `CodiceProgetto` int unsigned NOT NULL,
  PRIMARY KEY (`CodiceLavoro`),
  KEY `fk_Lavoro_StadioAvanzamento1_idx` (`DataInizio`,`CodiceProgetto`),
  CONSTRAINT `fk_Lavoro_StadioAva1` FOREIGN KEY (`DataInizio`, `CodiceProgetto`) REFERENCES `StadioAva` (`DataInizio`, `CodiceProgetto`) ON DELETE CASCADE ON UPDATE CASCADE
) ENGINE=InnoDB AUTO_INCREMENT=77 DEFAULT CHARSET=utf8mb4 COLLATE=utf8mb4_0900_ai_ci;
/*!40101 SET character_set_client = @saved_cs_client */;

--
-- Dumping data for table `Lavoro`
--

LOCK TABLES `Lavoro` WRITE;
/*!40000 ALTER TABLE `Lavoro` DISABLE KEYS */;
INSERT INTO `Lavoro` VALUES (0,'Scavo del terreno',909,NULL,'2016-03-10',0),(1,'Posa delle fondamenta',801,NULL,'2016-03-10',0),(2,'Costruzione mura',434.444,4359.74,'2016-04-10',0),(3,'Costruzione mura',525.444,4359.74,'2016-04-10',0),(4,'Costruzione mura',496.444,4359.74,'2016-04-10',0),(5,'Costruzione mura',442.444,4359.74,'2016-04-10',0),(6,'Costruzione mura',611.444,2891.35,'2016-04-10',0),(7,'Costruzione mura',583.444,2891.35,'2016-04-10',0),(8,'Costruzione mura',602.444,2891.35,'2016-04-10',0),(9,'Costruzione mura',529.444,2567.95,'2016-04-10',0),(10,'Costruzione mura',515.444,2567.95,'2016-04-10',0),(11,'Costruzione pavimentazione',499.769,4359.74,'2016-05-10',0),(12,'Costruzione pavimentazione',540.769,2891.35,'2016-05-10',0),(13,'Costruzione pavimentazione',436.769,2567.95,'2016-05-10',0),(14,'Costruzione pavimentazione',423.769,2198.35,'2016-05-10',0),(15,'Costruzione pavimentazione',430.769,2471.7,'2016-05-10',0),(16,'Costruzione pavimentazione',541.769,2976.05,'2016-05-10',0),(17,'Costruzione pavimentazione',575.769,2995.3,'2016-05-10',0),(18,'Costruzione pavimentazione',539.769,1513.05,'2016-05-10',0),(19,'Costruzione mura',398.769,2567.95,'2016-05-10',0),(20,'Costruzione mura',434.769,2198.35,'2016-05-10',0),(21,'Costruzione mura',466.769,2198.35,'2016-05-10',0),(22,'Costruzione mura',735.769,2198.35,'2016-05-10',0),(23,'Costruzione mura',714.769,2471.7,'2016-05-10',0),(24,'Costruzione mura',535,2471.7,'2016-06-10',0),(25,'Costruzione mura',516,2471.7,'2016-06-10',0),(26,'Costruzione mura',657,2976.05,'2016-06-10',0),(27,'Costruzione mura',557,2976.05,'2016-06-10',0),(28,'Costruzione mura',541,2976.05,'2016-06-10',0),(29,'Costruzione mura',793,2976.05,'2016-06-10',0),(30,'Costruzione mura',667,2995.3,'2016-06-10',0),(31,'Costruzione mura',654.909,2995.3,'2016-07-10',0),(32,'Costruzione mura',444.909,2995.3,'2016-07-10',0),(33,'Costruzione mura',595.909,2995.3,'2016-07-10',0),(34,'Costruzione mura',472.909,3701.39,'2016-07-10',0),(35,'Costruzione mura',556.909,3701.39,'2016-07-10',0),(36,'Costruzione mura',592.909,3701.39,'2016-07-10',0),(37,'Costruzione mura',392.909,3701.39,'2016-07-10',0),(38,'Costruzione mura',386.909,2891.35,'2016-07-10',0),(39,'Costruzione mura',461.909,2891.35,'2016-07-10',0),(40,'Costruzione mura',544.909,2891.35,'2016-07-10',0),(41,'Costruzione mura',650.909,7807.8,'2016-07-10',0),(42,'Costruzione pavimentazione',795.5,3701.39,'2016-08-10',0),(43,'Costruzione pavimentazione',535.5,2891.35,'2016-08-10',0),(44,'Costruzione pavimentazione',457.5,7807.8,'2016-08-10',0),(45,'Costruzione pavimentazione',422.5,4381.92,'2016-08-10',0),(46,'Costruzione pavimentazione',475.5,3690.3,'2016-08-10',0),(47,'Costruzione mura',503.5,7807.8,'2016-08-10',0),(48,'Costruzione mura',712.5,4381.92,'2016-08-10',0),(49,'Costruzione mura',641.5,4381.92,'2016-08-10',0),(50,'Costruzione mura',544.684,4381.92,'2016-09-10',0),(51,'Costruzione mura',429.684,4381.92,'2016-09-10',0),(52,'Costruzione mura',453.684,3690.3,'2016-09-10',0),(53,'Costruzione mura',472.684,3690.3,'2016-09-10',0),(54,'Costruzione mura',403.684,3690.3,'2016-09-10',0),(55,'Installazione porta',324.684,4359.74,'2016-09-10',0),(56,'Installazione porta',432.684,2891.35,'2016-09-10',0),(57,'Installazione porta',465.684,2567.95,'2016-09-10',0),(58,'Installazione porta',458.684,2198.35,'2016-09-10',0),(59,'Installazione porta',498.684,2471.7,'2016-09-10',0),(60,'Installazione porta',442.684,2976.05,'2016-09-10',0),(61,'Installazione porta',398.684,2995.3,'2016-09-10',0),(62,'Installazione porta',390.684,1513.05,'2016-09-10',0),(63,'Installazione porta',382.684,1513.05,'2016-09-10',0),(64,'Installazione porta',609.684,3701.39,'2016-09-10',0),(65,'Installazione porta',507.684,2891.35,'2016-09-10',0),(66,'Installazione porta',358.684,7807.8,'2016-09-10',0),(67,'Installazione porta',450.684,4381.92,'2016-09-10',0),(68,'Installazione porta',522.684,3690.3,'2016-09-10',0),(69,'Installazione portafinestra',685.5,2567.95,'2016-10-10',0),(70,'Installazione portafinestra',577.5,7807.8,'2016-10-10',0),(71,'Costruzione balcone',547.5,7807.8,'2016-10-10',0),(72,'Installazione finestra',484.5,2471.7,'2016-10-10',0),(73,'Installazione finestra',494.5,2471.7,'2016-10-10',0),(74,'Installazione finestra',522.5,2976.05,'2016-10-10',0),(75,'Installazione finestra',516.5,4381.92,'2016-10-10',0),(76,'Installazione finestra',560.5,3690.3,'2016-10-10',0);
/*!40000 ALTER TABLE `Lavoro` ENABLE KEYS */;
UNLOCK TABLES;

--
-- Table structure for table `Lotto`
--

DROP TABLE IF EXISTS `Lotto`;
/*!40101 SET @saved_cs_client     = @@character_set_client */;
/*!50503 SET character_set_client = utf8mb4 */;
CREATE TABLE `Lotto` (
  `CodiceLotto` int unsigned NOT NULL AUTO_INCREMENT,
  `NomeFornitore` varchar(45) NOT NULL,
  `DataAcquisto` date NOT NULL,
  `Costo` float unsigned NOT NULL DEFAULT '0',
  PRIMARY KEY (`CodiceLotto`),
  UNIQUE KEY `CodiceLotto_UNIQUE` (`CodiceLotto`),
  CONSTRAINT `Lotto_chk_1` CHECK ((`Costo` > 0))
) ENGINE=InnoDB AUTO_INCREMENT=11 DEFAULT CHARSET=utf8mb4 COLLATE=utf8mb4_0900_ai_ci;
/*!40101 SET character_set_client = @saved_cs_client */;

--
-- Dumping data for table `Lotto`
--

LOCK TABLES `Lotto` WRITE;
/*!40000 ALTER TABLE `Lotto` DISABLE KEYS */;
INSERT INTO `Lotto` VALUES (0,'BeiMateriali SRL','2016-01-20',1),(1,'TuttoPerEdilizia SRL','2016-02-11',1),(2,'BeiMateriali SRL','2016-01-20',1),(3,'BeiMateriali SRL','2016-01-20',1),(4,'BeiMateriali SRL','2016-01-20',1),(5,'TuttoPerEdilizia SRL','2016-02-11',1),(6,'TuttoPerEdilizia SRL','2016-02-11',1),(7,'RawMaterials SRL','2016-01-15',1),(8,'RawMaterials SRL','2016-01-15',1),(9,'RawMaterials SRL','2016-01-15',1),(10,'BeiMateriali SRL','2016-01-20',1);
/*!40000 ALTER TABLE `Lotto` ENABLE KEYS */;
UNLOCK TABLES;

--
-- Table structure for table `Mattone`
--

DROP TABLE IF EXISTS `Mattone`;
/*!40101 SET @saved_cs_client     = @@character_set_client */;
/*!50503 SET character_set_client = utf8mb4 */;
CREATE TABLE `Mattone` (
  `Nome` varchar(45) NOT NULL,
  `Forma` varchar(45) NOT NULL,
  `Materiale` varchar(45) NOT NULL,
  `Alveolatura` varchar(45) DEFAULT NULL,
  `Lunghezza` float unsigned NOT NULL,
  `Larghezza` float unsigned NOT NULL,
  `Altezza` float unsigned NOT NULL DEFAULT '0',
  `CodiceLotto` int unsigned NOT NULL,
  PRIMARY KEY (`CodiceLotto`),
  KEY `fk_Mattone_Lotto1_idx` (`CodiceLotto`),
  CONSTRAINT `Lotto(CodiceLotto)` FOREIGN KEY (`CodiceLotto`) REFERENCES `Lotto` (`CodiceLotto`) ON DELETE CASCADE ON UPDATE CASCADE,
  CONSTRAINT `Mattone_chk_1` CHECK ((`Lunghezza` > 0)),
  CONSTRAINT `Mattone_chk_2` CHECK ((`Larghezza` > 0)),
  CONSTRAINT `Mattone_chk_3` CHECK ((`Altezza` > 0))
) ENGINE=InnoDB DEFAULT CHARSET=utf8mb4 COLLATE=utf8mb4_0900_ai_ci;
/*!40101 SET character_set_client = @saved_cs_client */;

--
-- Dumping data for table `Mattone`
--

LOCK TABLES `Mattone` WRITE;
/*!40000 ALTER TABLE `Mattone` DISABLE KEYS */;
INSERT INTO `Mattone` VALUES ('Mattone Rosso di cotto','Rettangolare','Cotto',NULL,0.4,0.1,0.08,0),('Mattone di cemento','Rettangolare','Cemento',NULL,0.3,0.1,0.1,10);
/*!40000 ALTER TABLE `Mattone` ENABLE KEYS */;
UNLOCK TABLES;

--
-- Table structure for table `Piano`
--

DROP TABLE IF EXISTS `Piano`;
/*!40101 SET @saved_cs_client     = @@character_set_client */;
/*!50503 SET character_set_client = utf8mb4 */;
CREATE TABLE `Piano` (
  `AltezzaPavimento` float unsigned NOT NULL,
  `Forma` varchar(45) NOT NULL,
  `CodiceEdificio` int unsigned NOT NULL,
  PRIMARY KEY (`AltezzaPavimento`,`CodiceEdificio`),
  KEY `fk_Piano_Edificio1_idx` (`CodiceEdificio`),
  CONSTRAINT `fk_Piano_Edificio1` FOREIGN KEY (`CodiceEdificio`) REFERENCES `Edificio` (`CodiceEdificio`) ON DELETE CASCADE ON UPDATE CASCADE
) ENGINE=InnoDB DEFAULT CHARSET=utf8mb4 COLLATE=utf8mb4_0900_ai_ci;
/*!40101 SET character_set_client = @saved_cs_client */;

--
-- Dumping data for table `Piano`
--

LOCK TABLES `Piano` WRITE;
/*!40000 ALTER TABLE `Piano` DISABLE KEYS */;
INSERT INTO `Piano` VALUES (0,'Rettangolare',0),(0,'Rettangolare',1),(0,'Esagonale',2),(0,'Poligonale',3),(0,'Pentagonale',4),(3,'Rettangolare',1),(3.5,'Rettangolare',0),(4,'Poligonale',3),(4,'Pentagonale',4),(6,'Rettangolare',1),(7.5,'Rettangolare',3),(9,'Rettangolare',1);
/*!40000 ALTER TABLE `Piano` ENABLE KEYS */;
UNLOCK TABLES;

--
-- Table structure for table `Piastrella`
--

DROP TABLE IF EXISTS `Piastrella`;
/*!40101 SET @saved_cs_client     = @@character_set_client */;
/*!50503 SET character_set_client = utf8mb4 */;
CREATE TABLE `Piastrella` (
  `Nome` varchar(45) NOT NULL,
  `Forma` varchar(45) NOT NULL,
  `Disegno` varchar(45) DEFAULT NULL,
  `Materiale` varchar(45) NOT NULL,
  `DimLato` float unsigned NOT NULL,
  `Altezza` float unsigned NOT NULL,
  `CodiceLotto` int unsigned NOT NULL,
  PRIMARY KEY (`CodiceLotto`),
  CONSTRAINT `fk_Piastrella_Lotto1` FOREIGN KEY (`CodiceLotto`) REFERENCES `Lotto` (`CodiceLotto`) ON DELETE CASCADE ON UPDATE CASCADE,
  CONSTRAINT `Piastrella_chk_1` CHECK ((`DimLato` > 0)),
  CONSTRAINT `Piastrella_chk_2` CHECK ((`Altezza` > 0))
) ENGINE=InnoDB DEFAULT CHARSET=utf8mb4 COLLATE=utf8mb4_0900_ai_ci;
/*!40101 SET character_set_client = @saved_cs_client */;

--
-- Dumping data for table `Piastrella`
--

LOCK TABLES `Piastrella` WRITE;
/*!40000 ALTER TABLE `Piastrella` DISABLE KEYS */;
INSERT INTO `Piastrella` VALUES ('Piastrella di ceramica smaltata','Quadrata','Floreale','Ceramica',0.2,0.02,5),('Piastrella di cotto','Esagonale','Geometrico','Cotto',0.1,0.02,6);
/*!40000 ALTER TABLE `Piastrella` ENABLE KEYS */;
UNLOCK TABLES;

--
-- Table structure for table `Pietra`
--

DROP TABLE IF EXISTS `Pietra`;
/*!40101 SET @saved_cs_client     = @@character_set_client */;
/*!50503 SET character_set_client = utf8mb4 */;
CREATE TABLE `Pietra` (
  `Nome` varchar(45) NOT NULL,
  `SupMedia` float unsigned NOT NULL,
  `AltezzaMedia` float unsigned NOT NULL,
  `PesoMedio` float unsigned NOT NULL,
  `Disposizione` varchar(45) NOT NULL,
  `Materiale` varchar(45) NOT NULL,
  `CodiceLotto` int unsigned NOT NULL,
  PRIMARY KEY (`CodiceLotto`),
  CONSTRAINT `fk_Pietra_Lotto1` FOREIGN KEY (`CodiceLotto`) REFERENCES `Lotto` (`CodiceLotto`),
  CONSTRAINT `Pietra_chk_1` CHECK ((`SupMedia` > 0)),
  CONSTRAINT `Pietra_chk_2` CHECK ((`AltezzaMedia` > 0)),
  CONSTRAINT `Pietra_chk_3` CHECK ((`PesoMedio` > 0))
) ENGINE=InnoDB DEFAULT CHARSET=utf8mb4 COLLATE=utf8mb4_0900_ai_ci;
/*!40101 SET character_set_client = @saved_cs_client */;

--
-- Dumping data for table `Pietra`
--

LOCK TABLES `Pietra` WRITE;
/*!40000 ALTER TABLE `Pietra` DISABLE KEYS */;
INSERT INTO `Pietra` VALUES ('Pietra di Trani',0.015,0.1,1.5,'Orizzontale','Carbonato di calcio',7);
/*!40000 ALTER TABLE `Pietra` ENABLE KEYS */;
UNLOCK TABLES;

--
-- Table structure for table `Progetto`
--

DROP TABLE IF EXISTS `Progetto`;
/*!40101 SET @saved_cs_client     = @@character_set_client */;
/*!50503 SET character_set_client = utf8mb4 */;
CREATE TABLE `Progetto` (
  `CodiceProgetto` int unsigned NOT NULL AUTO_INCREMENT,
  `DataPresentazione` date DEFAULT NULL,
  `DataInizio` date DEFAULT NULL,
  `DataApprovazione` date DEFAULT NULL,
  `DataFine` date DEFAULT NULL,
  `StimaDataFine` date DEFAULT NULL,
  `Tipologia` varchar(45) DEFAULT NULL,
  `CodiceEdificio` int unsigned NOT NULL,
  PRIMARY KEY (`CodiceProgetto`),
  UNIQUE KEY `Codice_UNIQUE` (`CodiceProgetto`),
  KEY `fk_Progetto_Edificio1_idx` (`CodiceEdificio`),
  CONSTRAINT `Edificio(CodiceEdificio)` FOREIGN KEY (`CodiceEdificio`) REFERENCES `Edificio` (`CodiceEdificio`) ON UPDATE CASCADE,
  CONSTRAINT `Progetto_chk_1` CHECK ((`DataFine` > `DataInizio`)),
  CONSTRAINT `Progetto_chk_2` CHECK ((`StimaDataFine` > `DataInizio`)),
  CONSTRAINT `Progetto_chk_3` CHECK ((`DataPresentazione` <= `DataApprovazione`)),
  CONSTRAINT `Progetto_chk_4` CHECK ((`DataPresentazione` < `DataInizio`))
) ENGINE=InnoDB AUTO_INCREMENT=5 DEFAULT CHARSET=utf8mb4 COLLATE=utf8mb4_0900_ai_ci;
/*!40101 SET character_set_client = @saved_cs_client */;

--
-- Dumping data for table `Progetto`
--

LOCK TABLES `Progetto` WRITE;
/*!40000 ALTER TABLE `Progetto` DISABLE KEYS */;
INSERT INTO `Progetto` VALUES (0,'2015-12-10','2016-03-10','2016-01-13','2016-11-10','2016-11-10','Costruzione',0),(1,'2017-02-26','2017-04-10','2017-05-10','2018-06-10','2018-06-10','Costruzione',1),(2,'2020-04-12','2020-08-20','2020-06-15','2021-01-20','2021-01-20','Ristrutturazione',2),(3,'2014-01-10','2014-03-22','2014-03-12','2014-10-22','2014-10-22','Costruzione',3),(4,'2022-06-10','2022-07-25','2022-06-30',NULL,'2022-10-25','Ristrutturazione',4);
/*!40000 ALTER TABLE `Progetto` ENABLE KEYS */;
UNLOCK TABLES;

--
-- Table structure for table `Registrazione1D`
--

DROP TABLE IF EXISTS `Registrazione1D`;
/*!40101 SET @saved_cs_client     = @@character_set_client */;
/*!50503 SET character_set_client = utf8mb4 */;
CREATE TABLE `Registrazione1D` (
  `Timestamp` timestamp NOT NULL DEFAULT CURRENT_TIMESTAMP,
  `Valore` float NOT NULL,
  `CodiceSensore` int unsigned NOT NULL,
  PRIMARY KEY (`Timestamp`,`CodiceSensore`),
  KEY `fk_Registrazione1D_Sensore1D1_idx` (`CodiceSensore`),
  CONSTRAINT `fk_Registrazione1D_Sensore1D1` FOREIGN KEY (`CodiceSensore`) REFERENCES `Sensore1D` (`CodiceSensore`)
) ENGINE=InnoDB DEFAULT CHARSET=utf8mb4 COLLATE=utf8mb4_0900_ai_ci;
/*!40101 SET character_set_client = @saved_cs_client */;

--
-- Dumping data for table `Registrazione1D`
--

LOCK TABLES `Registrazione1D` WRITE;
/*!40000 ALTER TABLE `Registrazione1D` DISABLE KEYS */;
INSERT INTO `Registrazione1D` VALUES ('2022-07-27 16:16:20',52,0),('2022-07-27 16:16:47',46.4,1),('2022-07-27 16:17:13',-11.1,2),('2022-07-27 16:17:39',16.06,3),('2022-07-27 16:18:05',4.5,4),('2022-07-27 16:18:33',20.8,5),('2022-07-27 16:19:00',58.4,6),('2022-07-27 16:19:27',30.2,7),('2022-07-27 16:19:54',23.9,8),('2022-07-27 16:20:21',2.94,9),('2022-07-27 16:20:50',0.435466,10),('2022-07-27 16:21:20',0.2632,11),('2022-07-27 16:21:49',0.1876,12),('2022-07-27 16:22:18',0.288266,13),('2022-07-27 16:22:47',0.1932,14),('2022-07-27 16:23:15',0.1728,15),('2022-07-27 16:23:43',0.024,16),('2022-07-27 16:24:09',0.0537334,17),('2022-07-27 16:31:21',2.4,0),('2022-07-27 16:31:48',45.6,1),('2022-07-27 16:32:13',33.35,2),('2022-07-27 16:32:39',21.66,3),('2022-07-27 16:33:06',3.96,4),('2022-07-27 16:33:33',52.8,5),('2022-07-27 16:34:00',71.2,6),('2022-07-27 16:34:27',24.95,7),('2022-07-27 16:34:54',17.46,8),('2022-07-27 16:35:21',0.12,9),('2022-07-27 16:35:50',0.421266,10),('2022-07-27 16:36:20',0.1504,11),('2022-07-27 16:36:49',0.0392,12),('2022-07-27 16:37:18',0.100267,13),('2022-07-27 16:37:48',0.0245334,14),('2022-07-27 16:38:16',0.0396,15),('2022-07-27 16:38:43',0.1224,16),('2022-07-27 16:39:09',0.00206667,17),('2022-07-27 16:46:21',33.6,0),('2022-07-27 16:46:48',24.8,1),('2022-07-27 16:47:14',-5.5,2),('2022-07-27 16:47:39',4.86,3),('2022-07-27 16:48:06',2.64,4),('2022-07-27 16:48:33',20.8,5),('2022-07-27 16:49:00',19.2,6),('2022-07-27 16:49:28',34.05,7),('2022-07-27 16:49:55',4.02,8),('2022-07-27 16:50:21',5.04,9),('2022-07-27 16:50:51',0.151467,10),('2022-07-27 16:51:20',0.0469999,11),('2022-07-27 16:51:49',0.084,12),('2022-07-27 16:52:18',0.1786,13),('2022-07-27 16:52:48',0.208534,14),('2022-07-27 16:53:16',0.126,15),('2022-07-27 16:53:43',0.0312,16),('2022-07-27 16:54:10',0.107467,17),('2022-07-27 17:01:21',60,0),('2022-07-27 17:01:48',72.8,1),('2022-07-27 17:02:14',17.25,2),('2022-07-27 17:02:40',15.78,3),('2022-07-27 17:03:06',5.16,4),('2022-07-27 17:03:34',31.2,5),('2022-07-27 17:04:01',3.2,6),('2022-07-27 17:04:28',3.6,7),('2022-07-27 17:04:55',25.3,8),('2022-07-27 17:05:21',11.16,9),('2022-07-27 17:05:51',0.260333,10),('2022-07-27 17:06:21',0.200533,11),('2022-07-27 17:06:50',0.0868,12),('2022-07-27 17:07:18',0.2914,13),('2022-07-27 17:07:48',0.159467,14),('2022-07-27 17:08:16',0.171,15),('2022-07-27 17:08:44',0.1704,16),('2022-07-27 17:09:10',0.188067,17),('2022-07-27 17:16:22',77.6,0),('2022-07-27 17:16:48',53.6,1),('2022-07-27 17:17:14',-6.55,2),('2022-07-27 17:17:40',13.54,3),('2022-07-27 17:18:07',2.76,4),('2022-07-27 17:18:34',23.2,5),('2022-07-27 17:19:01',76.8,6),('2022-07-27 17:19:28',23.9,7),('2022-07-27 17:19:55',23.34,8),('2022-07-27 17:20:22',3.78,9),('2022-07-27 17:20:51',0.0426,10),('2022-07-27 17:21:21',0.184866,11),('2022-07-27 17:21:50',0.2408,12),('2022-07-27 17:22:19',0.1316,13),('2022-07-27 17:22:49',0.0582667,14),('2022-07-27 17:23:16',0.1638,15),('2022-07-27 17:23:44',0.1752,16),('2022-07-27 17:24:10',0.1178,17),('2022-07-27 17:31:22',38.4,0),('2022-07-27 17:31:49',54.4,1),('2022-07-27 17:32:14',17.25,2),('2022-07-27 17:32:40',14.38,3),('2022-07-27 17:33:07',4.32,4),('2022-07-27 17:33:34',5.6,5),('2022-07-27 17:34:01',10.4,6),('2022-07-27 17:34:28',35.45,7),('2022-07-27 17:34:55',9.34,8),('2022-07-27 17:35:22',5.76,9),('2022-07-27 17:35:51',0.4402,10),('2022-07-27 17:36:21',0.288266,11),('2022-07-27 17:36:50',0.2016,12),('2022-07-27 17:37:19',0.222466,13),('2022-07-27 17:37:49',0.1104,14),('2022-07-27 17:38:17',0.0666,15),('2022-07-27 17:38:44',0.3216,16),('2022-07-27 17:39:10',0.1178,17),('2022-07-27 17:46:22',62.4,0),('2022-07-27 17:46:49',25.6,1),('2022-07-27 17:47:15',12.7,2),('2022-07-27 17:47:40',12.42,3),('2022-07-27 17:48:07',0.72,4),('2022-07-27 17:48:34',36.8,5),('2022-07-27 17:49:02',48.8,6),('2022-07-27 17:49:29',-12.15,7),('2022-07-27 17:49:56',10.74,8),('2022-07-27 17:50:22',2.28,9),('2022-07-27 17:50:52',0.359733,10),('2022-07-27 17:51:22',0.141,11),('2022-07-27 17:51:50',0.2632,12),('2022-07-27 17:52:19',0.00939999,13),('2022-07-27 17:52:49',0.046,14),('2022-07-27 17:53:17',0.0666,15),('2022-07-27 17:53:44',0.2208,16),('2022-07-27 17:54:11',0.0413334,17),('2022-07-27 18:01:22',76,0),('2022-07-27 18:01:49',10.4,1),('2022-07-27 18:02:15',19.7,2),('2022-07-27 18:02:41',18.02,3),('2022-07-27 18:03:07',2.4,4),('2022-07-27 18:03:35',68,5),('2022-07-27 18:04:02',48.8,6),('2022-07-27 18:04:29',13.05,7),('2022-07-27 18:04:56',20.26,8),('2022-07-27 18:05:23',5.16,9),('2022-07-27 18:05:52',0.336066,10),('2022-07-27 18:06:22',0.125333,11),('2022-07-27 18:06:51',0.1456,12),('2022-07-27 18:07:19',0.200533,13),('2022-07-27 18:07:49',0.236134,14),('2022-07-27 18:08:17',0.1728,15),('2022-07-27 18:08:45',0.2232,16),('2022-07-27 18:09:11',0.132267,17),('2022-07-27 18:16:23',40,0),('2022-07-27 18:16:49',34.4,1),('2022-07-27 18:17:15',-2,2),('2022-07-27 18:17:41',23.62,3),('2022-07-27 18:18:08',1.38,4),('2022-07-27 18:18:35',72,5),('2022-07-27 18:19:02',52,6),('2022-07-27 18:19:29',6.4,7),('2022-07-27 18:19:56',7.38,8),('2022-07-27 18:20:23',5.82,9),('2022-07-27 18:20:52',0.0899333,10),('2022-07-27 18:21:22',0.0438666,11),('2022-07-27 18:21:51',0.0028,12),('2022-07-27 18:22:20',0.2538,13),('2022-07-27 18:22:50',0.162534,14),('2022-07-27 18:23:18',0.1134,15),('2022-07-27 18:23:45',0.024,16),('2022-07-27 18:24:11',0.155,17),('2022-07-27 18:31:23',63.2,0),('2022-07-27 18:31:50',6.4,1),('2022-07-27 18:32:15',12.7,2),('2022-07-27 18:32:41',13.26,3),('2022-07-27 18:33:08',0.54,4),('2022-07-27 18:33:35',8,5),('2022-07-27 18:34:02',24,6),('2022-07-27 18:34:29',22.15,7),('2022-07-27 18:34:57',22.5,8),('2022-07-27 18:35:23',3.12,9),('2022-07-27 18:35:53',0.0993999,10),('2022-07-27 18:36:22',0.175466,11),('2022-07-27 18:36:51',0.0784,12),('2022-07-27 18:37:20',0.203666,13),('2022-07-27 18:37:50',0.0981334,14),('2022-07-27 18:38:18',0.1242,15),('2022-07-27 18:38:45',0.1392,16),('2022-07-27 18:39:12',0.165334,17),('2022-07-27 18:46:23',8,0),('2022-07-27 18:46:50',36.8,1),('2022-07-27 18:47:16',0.8,2),('2022-07-27 18:47:42',5.14,3),('2022-07-27 18:48:08',0.54,4),('2022-07-27 18:48:35',20,5),('2022-07-27 18:49:03',72,6),('2022-07-27 18:49:30',26.35,7),('2022-07-27 18:49:57',24.74,8),('2022-07-27 18:50:23',4.08,9),('2022-07-27 18:50:53',0.265066,10),('2022-07-27 18:51:23',0.2256,11),('2022-07-27 18:51:52',0.1036,12),('2022-07-27 18:52:20',0.0626666,13),('2022-07-27 18:52:50',0.0766668,14),('2022-07-27 18:53:18',0.117,15),('2022-07-27 18:53:46',0.0336,16),('2022-07-27 18:54:12',0.138467,17),('2022-07-27 19:01:24',32,0),('2022-07-27 19:01:50',8.8,1),('2022-07-27 19:02:16',-9,2),('2022-07-27 19:02:42',23.34,3),('2022-07-27 19:03:08',3.72,4),('2022-07-27 19:03:36',52.8,5),('2022-07-27 19:04:03',57.6,6),('2022-07-27 19:04:30',-14.25,7),('2022-07-27 19:04:57',23.34,8),('2022-07-27 19:05:24',2.28,9),('2022-07-27 19:05:53',0.0804666,10),('2022-07-27 19:06:23',0.134733,11),('2022-07-27 19:06:52',0.1568,12),('2022-07-27 19:07:21',0.144133,13),('2022-07-27 19:07:50',0.0644001,14),('2022-07-27 19:08:18',0.0252,15),('2022-07-27 19:08:46',0.0936,16),('2022-07-27 19:09:12',0.1364,17),('2022-07-27 19:16:24',25.6,0),('2022-07-27 19:16:50',56.8,1),('2022-07-27 19:17:16',4.65,2),('2022-07-27 19:17:42',11.58,3),('2022-07-27 19:18:09',3.66,4),('2022-07-27 19:18:36',36.8,5),('2022-07-27 19:19:03',1.6,6),('2022-07-27 19:19:30',-14.25,7),('2022-07-27 19:19:57',6.82,8),('2022-07-27 19:20:24',1.26,9),('2022-07-27 19:20:53',0.0473333,10),('2022-07-27 19:21:23',0.209933,11),('2022-07-27 19:21:52',0.2352,12),('2022-07-27 19:22:21',0.275733,13),('2022-07-27 19:22:51',0.2392,14),('2022-07-27 19:23:19',0.1134,15),('2022-07-27 19:23:46',0.0096,16),('2022-07-27 19:24:12',0.1922,17),('2022-07-27 19:31:24',66.4,0),('2022-07-27 19:31:51',20.8,1),('2022-07-27 19:32:17',-14.95,2),('2022-07-27 19:32:42',24.74,3),('2022-07-27 19:33:09',2.34,4),('2022-07-27 19:33:36',47.2,5),('2022-07-27 19:34:04',8,6),('2022-07-27 19:34:30',-14.25,7),('2022-07-27 19:34:58',14.1,8),('2022-07-27 19:35:24',1.14,9),('2022-07-27 19:35:54',0.402333,10),('2022-07-27 19:36:23',0.0657999,11),('2022-07-27 19:36:52',0.2268,12),('2022-07-27 19:37:21',0.0438666,13),('2022-07-27 19:37:51',0.263734,14),('2022-07-27 19:38:19',0.1116,15),('2022-07-27 19:38:46',0.1344,16),('2022-07-27 19:39:13',0.0392667,17),('2022-07-27 19:46:24',32.8,0),('2022-07-27 19:46:51',19.2,1),('2022-07-27 19:47:17',7.8,2),('2022-07-27 19:47:43',11.86,3),('2022-07-27 19:48:09',3.12,4),('2022-07-27 19:48:36',14.4,5),('2022-07-27 19:49:04',70.4,6),('2022-07-27 19:49:31',11.65,7),('2022-07-27 19:49:58',19.42,8),('2022-07-27 19:50:24',0.66,9),('2022-07-27 19:50:54',0.0142,10),('2022-07-27 19:51:24',0.285133,11),('2022-07-27 19:51:53',0.2744,12),('2022-07-27 19:52:21',0.0908666,13),('2022-07-27 19:52:51',0.300534,14),('2022-07-27 19:53:19',0.0054,15),('2022-07-27 19:53:47',0.1872,16),('2022-07-27 19:54:13',0.175667,17),('2022-07-27 20:01:25',78.4,0),('2022-07-27 20:01:51',50.4,1),('2022-07-27 20:02:17',-13.55,2),('2022-07-27 20:02:43',5.98,3),('2022-07-27 20:03:09',5.4,4),('2022-07-27 20:03:37',11.2,5),('2022-07-27 20:04:04',70.4,6),('2022-07-27 20:04:31',-7.95,7),('2022-07-27 20:04:58',7.66,8),('2022-07-27 20:05:25',0.42,9),('2022-07-27 20:05:54',0.0520666,10),('2022-07-27 20:06:24',0.162933,11),('2022-07-27 20:06:53',0.1988,12),('2022-07-27 20:07:22',0.0438666,13),('2022-07-27 20:07:51',0.260667,14),('2022-07-27 20:08:20',0.1368,15),('2022-07-27 20:08:47',0.1776,16),('2022-07-27 20:09:13',0.121934,17),('2022-07-27 20:16:25',32,0),('2022-07-27 20:16:51',23.2,1),('2022-07-27 20:17:17',21.8,2),('2022-07-27 20:17:43',17.18,3),('2022-07-27 20:18:10',9.54,4),('2022-07-27 20:18:37',69.6,5),('2022-07-27 20:19:04',56.8,6),('2022-07-27 20:19:31',9.55,7),('2022-07-27 20:19:58',9.34,8),('2022-07-27 20:20:25',3,9),('2022-07-27 20:20:54',0.0426,10),('2022-07-27 20:21:24',0.172333,11),('2022-07-27 20:21:53',0,12),('2022-07-27 20:22:22',0.0156667,13),('2022-07-27 20:22:52',0.288267,14),('2022-07-27 20:23:20',0.1548,15),('2022-07-27 20:23:47',0.036,16),('2022-07-27 20:24:13',0.1612,17),('2022-07-27 20:31:25',40.8,0),('2022-07-27 20:31:52',52,1),('2022-07-27 20:32:18',-5.15,2),('2022-07-27 20:32:43',24.46,3),('2022-07-27 20:33:10',2.52,4),('2022-07-27 20:33:37',12.8,5),('2022-07-27 20:34:05',8.8,6),('2022-07-27 20:34:32',-9,7),('2022-07-27 20:34:59',25.3,8),('2022-07-27 20:35:25',4.98,9),('2022-07-27 20:35:55',0.444933,10),('2022-07-27 20:36:25',0.260066,11),('2022-07-27 20:36:53',0.1512,12),('2022-07-27 20:37:22',0.0877332,13),('2022-07-27 20:37:52',0.138,14),('2022-07-27 20:38:20',0.0252,15),('2022-07-27 20:38:47',0.156,16),('2022-07-27 20:39:14',0.200467,17),('2022-07-27 20:46:25',40.8,0),('2022-07-27 20:46:52',65.6,1),('2022-07-27 20:47:18',3.95,2),('2022-07-27 20:47:44',6.54,3),('2022-07-27 20:48:10',4.74,4),('2022-07-27 20:48:38',14.4,5),('2022-07-27 20:49:05',74.4,6),('2022-07-27 20:49:32',2.2,7),('2022-07-27 20:49:59',27.26,8),('2022-07-27 20:50:25',5.76,9),('2022-07-27 20:50:55',0.2414,10),('2022-07-27 20:51:25',0.397933,11),('2022-07-27 20:51:54',0.2156,12),('2022-07-27 20:52:23',0.1222,13),('2022-07-27 20:52:52',0.150267,14),('2022-07-27 20:53:20',0.0666,15),('2022-07-27 20:53:48',0.1824,16),('2022-07-27 20:54:14',0.1612,17),('2022-07-27 21:01:26',38.4,0),('2022-07-27 21:01:52',3.2,1),('2022-07-27 21:02:18',24.95,2),('2022-07-27 21:02:44',25.86,3),('2022-07-27 21:03:11',5.82,4),('2022-07-27 21:03:38',47.2,5),('2022-07-27 21:04:05',18.4,6),('2022-07-27 21:04:32',4.65,7),('2022-07-27 21:04:59',8.78,8),('2022-07-27 21:05:26',1.38,9),('2022-07-27 21:05:55',0.336066,10),('2022-07-27 21:06:25',0.235,11),('2022-07-27 21:06:54',0.0364,12),('2022-07-27 21:07:23',0.181733,13),('2022-07-27 21:07:53',0.3404,14),('2022-07-27 21:08:21',0.1062,15),('2022-07-27 21:08:48',0.0312,16),('2022-07-27 21:09:14',0.171534,17),('2022-07-27 21:16:26',36,0),('2022-07-27 21:16:53',16.8,1),('2022-07-27 21:17:18',9.55,2),('2022-07-27 21:17:44',27.54,3),('2022-07-27 21:18:11',2.46,4),('2022-07-27 21:18:38',9.6,5),('2022-07-27 21:19:05',25.6,6),('2022-07-27 21:19:32',3.95,7),('2022-07-27 21:19:59',18.86,8),('2022-07-27 21:20:26',5.58,9),('2022-07-27 21:20:56',0.293466,10),('2022-07-27 21:21:25',0.303933,11),('2022-07-27 21:21:54',0.056,12),('2022-07-27 21:22:23',0.256933,13),('2022-07-27 21:22:53',0.0736001,14),('2022-07-27 21:23:21',0.0306,15),('2022-07-27 21:23:48',0.0768,16),('2022-07-27 21:24:15',0.0475334,17),('2022-07-27 21:31:26',6.4,0),('2022-07-27 21:31:53',41.6,1),('2022-07-27 21:32:19',11.3,2),('2022-07-27 21:32:44',5.98,3),('2022-07-27 21:33:11',4.56,4),('2022-07-27 21:33:38',0.8,5),('2022-07-27 21:34:06',18.4,6),('2022-07-27 21:34:33',33.7,7),('2022-07-27 21:35:00',25.3,8),('2022-07-27 21:35:26',1.98,9),('2022-07-27 21:35:56',0.3834,10),('2022-07-27 21:36:26',0.0501333,11),('2022-07-27 21:36:55',0.2352,12),('2022-07-27 21:37:24',0.0595333,13),('2022-07-27 21:37:53',0.214667,14),('2022-07-27 21:38:21',0.0396,15),('2022-07-27 21:38:49',0.0336,16),('2022-07-27 21:39:15',0.0661334,17),('2022-07-27 21:46:26',8.8,0),('2022-07-27 21:46:53',19.2,1),('2022-07-27 21:47:19',7.8,2),('2022-07-27 21:47:45',3.74,3),('2022-07-27 21:48:11',1.92,4),('2022-07-27 21:48:39',22.4,5),('2022-07-27 21:49:06',37.6,6),('2022-07-27 21:49:33',-2,7),('2022-07-27 21:50:00',10.46,8),('2022-07-27 21:50:27',4.68,9),('2022-07-27 21:50:56',0.435466,10),('2022-07-27 21:51:26',0.162933,11),('2022-07-27 21:51:55',0.1008,12),('2022-07-27 21:52:24',0.0125333,13),('2022-07-27 21:52:53',0.0122667,14),('2022-07-27 21:53:21',0.0954,15),('2022-07-27 21:53:49',0.1296,16),('2022-07-27 21:54:15',0.126067,17),('2022-07-27 22:01:27',44,0),('2022-07-27 22:01:53',68.8,1),('2022-07-27 22:02:19',-11.1,2),('2022-07-27 22:02:45',25.02,3),('2022-07-27 22:03:12',0.72,4),('2022-07-27 22:03:39',47.2,5),('2022-07-27 22:04:06',31.2,6),('2022-07-27 22:04:33',-13.2,7),('2022-07-27 22:05:00',23.34,8),('2022-07-27 22:05:27',3.18,9),('2022-07-27 22:05:56',0.1988,10),('2022-07-27 22:06:26',0.175466,11),('2022-07-27 22:06:55',0.0392,12),('2022-07-27 22:07:24',0.0626666,13),('2022-07-27 22:07:54',0.0552001,14),('2022-07-27 22:08:22',0.1638,15),('2022-07-27 22:08:49',0.108,16),('2022-07-27 22:09:15',0.0826668,17),('2022-07-27 22:16:27',72.8,0),('2022-07-27 22:16:54',27.2,1),('2022-07-27 22:17:19',-7.95,2),('2022-07-27 22:17:45',17.74,3),('2022-07-27 22:18:12',1.26,4),('2022-07-27 22:18:39',16.8,5),('2022-07-27 22:19:06',78.4,6),('2022-07-27 22:19:33',22.5,7),('2022-07-27 22:20:01',8.78,8),('2022-07-27 22:20:27',2.46,9),('2022-07-27 22:20:57',0.1278,10),('2022-07-27 22:21:26',0.0720666,11),('2022-07-27 22:21:55',0.0112,12),('2022-07-27 22:22:24',0.0376,13),('2022-07-27 22:22:54',0.236134,14),('2022-07-27 22:23:22',0.0108,15),('2022-07-27 22:23:49',0.1608,16),('2022-07-27 22:24:16',0.1426,17),('2022-07-27 22:31:27',43.2,0),('2022-07-27 22:31:54',20,1),('2022-07-27 22:32:20',-1.65,2),('2022-07-27 22:32:45',17.46,3),('2022-07-27 22:33:12',0.12,4),('2022-07-27 22:33:40',20,5),('2022-07-27 22:34:07',28.8,6),('2022-07-27 22:34:34',28.1,7),('2022-07-27 22:35:01',11.58,8),('2022-07-27 22:35:27',1.62,9),('2022-07-27 22:35:58',0.0236667,10),('2022-07-27 22:36:27',0.0313333,11),('2022-07-27 22:36:56',0.2744,12),('2022-07-27 22:37:25',0.213066,13),('2022-07-27 22:37:54',0.0184,14),('2022-07-27 22:38:22',0.054,15),('2022-07-27 22:38:50',0.0048,16),('2022-07-27 22:39:16',0.00826668,17),('2022-07-27 22:46:27',74.4,0),('2022-07-27 22:46:54',21.6,1),('2022-07-27 22:47:20',3.95,2),('2022-07-27 22:47:46',23.34,3),('2022-07-27 22:48:13',1.68,4),('2022-07-27 22:48:40',43.2,5),('2022-07-27 22:49:07',30.4,6),('2022-07-27 22:49:34',16.2,7),('2022-07-27 22:50:01',27.82,8),('2022-07-27 22:50:28',2.82,9),('2022-07-27 22:50:58',0.317133,10),('2022-07-27 22:51:27',0.1316,11),('2022-07-27 22:51:56',0.154,12),('2022-07-27 22:52:25',0.191133,13),('2022-07-27 22:52:55',0.297467,14),('2022-07-27 22:53:23',0.0936,15),('2022-07-27 22:53:50',0.2088,16),('2022-07-27 22:54:16',0.188067,17),('2022-07-27 23:01:28',41.6,0),('2022-07-27 23:01:54',57.6,1),('2022-07-27 23:02:20',-0.25,2),('2022-07-27 23:02:46',25.86,3),('2022-07-27 23:03:13',5.82,4),('2022-07-27 23:03:40',1.6,5),('2022-07-27 23:04:07',3.2,6),('2022-07-27 23:04:34',12.35,7),('2022-07-27 23:05:01',8.78,8),('2022-07-27 23:05:28',9.9,9),('2022-07-27 23:05:59',0.137267,10),('2022-07-27 23:06:27',0.0501333,11),('2022-07-27 23:06:56',0.0028,12),('2022-07-27 23:07:25',0.2444,13),('2022-07-27 23:07:55',0.168667,14),('2022-07-27 23:08:23',0.1512,15),('2022-07-27 23:08:50',0.2328,16),('2022-07-27 23:09:16',0.119867,17),('2022-07-27 23:16:28',20.8,0),('2022-07-27 23:16:55',19.2,1),('2022-07-27 23:17:20',23.2,2),('2022-07-27 23:17:46',10.46,3),('2022-07-27 23:18:13',3.06,4),('2022-07-27 23:18:40',60,5),('2022-07-27 23:19:08',47.2,6),('2022-07-27 23:19:34',22.15,7),('2022-07-27 23:20:02',19.14,8),('2022-07-27 23:20:28',0.72,9),('2022-07-27 23:20:59',0.4686,10),('2022-07-27 23:21:28',0.0125333,11),('2022-07-27 23:21:57',0.1596,12),('2022-07-27 23:22:26',0.0125333,13),('2022-07-27 23:22:55',0.282134,14),('2022-07-27 23:23:23',0.0072,15),('2022-07-27 23:23:50',0.0096,16),('2022-07-27 23:24:17',0.188067,17),('2022-07-27 23:31:28',65.6,0),('2022-07-27 23:31:55',44,1),('2022-07-27 23:32:21',18.3,2),('2022-07-27 23:32:47',19.14,3),('2022-07-27 23:33:13',1.62,4),('2022-07-27 23:33:41',64.8,5),('2022-07-27 23:34:08',17.6,6),('2022-07-27 23:34:35',-10.75,7),('2022-07-27 23:35:02',19.7,8),('2022-07-27 23:35:29',2.82,9),('2022-07-27 23:35:59',0.4686,10),('2022-07-27 23:36:28',0.115933,11),('2022-07-27 23:36:57',0.1456,12),('2022-07-27 23:37:26',0.0219333,13),('2022-07-27 23:37:56',0.0368,14),('2022-07-27 23:38:23',0.0936,15),('2022-07-27 23:38:51',0.06,16),('2022-07-27 23:39:17',0.0744001,17),('2022-07-27 23:46:29',56,0),('2022-07-27 23:46:55',19.2,1),('2022-07-27 23:47:21',14.1,2),('2022-07-27 23:47:47',21.66,3),('2022-07-27 23:48:14',5.1,4),('2022-07-27 23:48:41',44.8,5),('2022-07-27 23:49:08',23.2,6),('2022-07-27 23:49:35',1.85,7),('2022-07-27 23:50:02',24.46,8),('2022-07-27 23:50:29',2.64,9),('2022-07-27 23:51:00',0.0568,10),('2022-07-27 23:51:28',0.303933,11),('2022-07-27 23:51:57',0.1456,12),('2022-07-27 23:52:26',0.181733,13),('2022-07-27 23:52:56',0.254534,14),('2022-07-27 23:53:24',0.0594,15),('2022-07-27 23:53:51',0.1488,16),('2022-07-27 23:54:17',0.0227334,17),('2022-07-28 00:01:29',78.4,0),('2022-07-28 00:01:55',77.6,1),('2022-07-28 00:02:21',-12.15,2),('2022-07-28 00:02:47',11.58,3),('2022-07-28 00:03:14',5.88,4),('2022-07-28 00:03:41',54.4,5),('2022-07-28 00:04:08',74.4,6),('2022-07-28 00:04:35',12.35,7),('2022-07-28 00:05:02',19.14,8),('2022-07-28 00:05:29',0.78,9),('2022-07-28 00:06:00',0.350266,10),('2022-07-28 00:06:29',0.1504,11),('2022-07-28 00:06:58',0.2156,12),('2022-07-28 00:07:26',0.0845999,13),('2022-07-28 00:07:56',0.0398667,14),('2022-07-28 00:08:24',0.0108,15),('2022-07-28 00:08:51',0.0096,16),('2022-07-28 00:09:17',0.163267,17),('2022-07-28 00:16:29',50.4,0),('2022-07-28 00:16:56',70.4,1),('2022-07-28 00:17:21',9.55,2),('2022-07-28 00:17:47',21.38,3),('2022-07-28 00:18:14',1.62,4),('2022-07-28 00:18:41',46.4,5),('2022-07-28 00:19:09',21.6,6),('2022-07-28 00:19:35',-7.6,7),('2022-07-28 00:20:03',14.66,8),('2022-07-28 00:20:29',5.64,9),('2022-07-28 00:21:00',0.416533,10),('2022-07-28 00:21:29',0.1504,11),('2022-07-28 00:21:58',0.2044,12),('2022-07-28 00:22:27',0.2256,13),('2022-07-28 00:22:56',0.0797334,14),('2022-07-28 00:23:24',0.1638,15),('2022-07-28 00:23:51',0.1296,16),('2022-07-28 00:24:18',0.0351334,17),('2022-07-28 00:31:29',74.4,0),('2022-07-28 00:31:56',56.8,1),('2022-07-28 00:32:22',28.45,2),('2022-07-28 00:32:48',22.22,3),('2022-07-28 00:33:14',3.24,4),('2022-07-28 00:33:42',32.8,5),('2022-07-28 00:34:09',50.4,6),('2022-07-28 00:34:36',-14.95,7),('2022-07-28 00:35:03',3.46,8),('2022-07-28 00:35:30',1.26,9),('2022-07-28 00:36:00',0.0142,10),('2022-07-28 00:36:29',0.1692,11),('2022-07-28 00:36:58',0.2716,12),('2022-07-28 00:37:27',0.303933,13),('2022-07-28 00:37:57',0.0214667,14),('2022-07-28 00:38:25',0.0072,15),('2022-07-28 00:38:52',0.0168,16),('2022-07-28 00:39:18',0.202534,17),('2022-07-28 00:46:30',39.2,0),('2022-07-28 00:46:56',40.8,1),('2022-07-28 00:47:22',10.95,2),('2022-07-28 00:47:48',27.82,3),('2022-07-28 00:48:15',0.54,4),('2022-07-28 00:48:42',46.4,5),('2022-07-28 00:49:09',60,6),('2022-07-28 00:49:36',33.7,7),('2022-07-28 00:50:03',22.22,8),('2022-07-28 00:50:30',5.16,9),('2022-07-28 00:51:01',0.146733,10),('2022-07-28 00:51:29',0.2632,11),('2022-07-28 00:51:58',0.2268,12),('2022-07-28 00:52:28',0.2444,13),('2022-07-28 00:52:57',0.2576,14),('2022-07-28 00:53:25',0.0612,15),('2022-07-28 00:53:52',0.0696,16),('2022-07-28 00:54:18',0.0144667,17),('2022-07-28 01:01:30',64,0),('2022-07-28 01:01:57',46.4,1),('2022-07-28 01:02:22',-1.65,2),('2022-07-28 01:02:48',27.82,3),('2022-07-28 01:03:15',3.96,4),('2022-07-28 01:03:42',2.4,5),('2022-07-28 01:04:09',39.2,6),('2022-07-28 01:04:36',13.05,7),('2022-07-28 01:05:03',11.02,8),('2022-07-28 01:05:30',4.02,9),('2022-07-28 01:06:01',0.1278,10),('2022-07-28 01:06:30',0.275733,11),('2022-07-28 01:06:59',0.0896,12),('2022-07-28 01:07:28',0.0313333,13),('2022-07-28 01:07:57',0.138,14),('2022-07-28 01:08:25',0.0594,15),('2022-07-28 01:08:52',0.1872,16),('2022-07-28 01:09:19',0.0599334,17),('2022-07-28 01:16:30',48.8,0),('2022-07-28 01:16:57',17.6,1),('2022-07-28 01:17:22',30.2,2),('2022-07-28 01:17:48',20.82,3),('2022-07-28 01:18:15',0.18,4),('2022-07-28 01:18:43',77.6,5),('2022-07-28 01:19:10',40.8,6),('2022-07-28 01:19:36',17.25,7),('2022-07-28 01:20:04',24.74,8),('2022-07-28 01:20:31',1.44,9),('2022-07-28 01:21:01',0.189333,10),('2022-07-28 01:21:30',0.128467,11),('2022-07-28 01:21:59',0.224,12),('2022-07-28 01:22:29',0.203666,13),('2022-07-28 01:22:58',0.0214667,14),('2022-07-28 01:23:25',0.018,15),('2022-07-28 01:23:52',0.18,16),('2022-07-28 01:24:19',0,17),('2022-07-28 01:31:31',18.4,0),('2022-07-28 01:31:57',10.4,1),('2022-07-28 01:32:23',27.4,2),('2022-07-28 01:32:49',8.78,3),('2022-07-28 01:33:16',0.6,4),('2022-07-28 01:33:43',63.2,5),('2022-07-28 01:34:10',2.4,6),('2022-07-28 01:34:37',-4.1,7),('2022-07-28 01:35:04',23.62,8),('2022-07-28 01:35:32',3.54,9),('2022-07-28 01:36:02',0.2556,10),('2022-07-28 01:36:30',0.0720666,11),('2022-07-28 01:36:59',0.1288,12),('2022-07-28 01:37:29',0.115933,13),('2022-07-28 01:37:58',0.131867,14),('2022-07-28 01:38:26',0.0702,15),('2022-07-28 01:38:53',0.0288,16),('2022-07-28 01:39:19',0.169467,17),('2022-07-28 01:46:31',78.4,0),('2022-07-28 01:46:57',20.8,1),('2022-07-28 01:47:23',30.55,2),('2022-07-28 01:47:49',23.9,3),('2022-07-28 01:48:16',4.5,4),('2022-07-28 01:48:43',14.4,5),('2022-07-28 01:49:10',3.2,6),('2022-07-28 01:49:37',-4.45,7),('2022-07-28 01:50:04',25.02,8),('2022-07-28 01:50:32',3.78,9),('2022-07-28 01:51:02',0.317133,10),('2022-07-28 01:51:30',0.134733,11),('2022-07-28 01:52:00',0.1148,12),('2022-07-28 01:52:29',0.109667,13),('2022-07-28 01:52:58',0.245334,14),('2022-07-28 01:53:26',0.0072,15),('2022-07-28 01:53:53',0.0288,16),('2022-07-28 01:54:19',0.0599334,17),('2022-07-28 02:01:31',29.6,0),('2022-07-28 02:01:58',8,1),('2022-07-28 02:02:23',23.55,2),('2022-07-28 02:02:49',4.58,3),('2022-07-28 02:03:16',0.12,4),('2022-07-28 02:03:44',37.6,5),('2022-07-28 02:04:11',48,6),('2022-07-28 02:04:37',1.85,7),('2022-07-28 02:05:04',16.34,8),('2022-07-28 02:05:32',5.64,9),('2022-07-28 02:06:02',0.260333,10),('2022-07-28 02:06:31',0.219333,11),('2022-07-28 02:07:00',0.0644,12),('2022-07-28 02:07:30',0.156667,13),('2022-07-28 02:07:58',0.0552001,14),('2022-07-28 02:08:26',0.0846,15),('2022-07-28 02:08:53',0.0288,16),('2022-07-28 02:09:20',0.0330667,17),('2022-07-28 02:16:31',64,0),('2022-07-28 02:16:58',16.8,1),('2022-07-28 02:17:23',11.3,2),('2022-07-28 02:17:49',7.94,3),('2022-07-28 02:18:16',4.68,4),('2022-07-28 02:18:44',20.8,5),('2022-07-28 02:19:11',79.2,6),('2022-07-28 02:19:37',19.7,7),('2022-07-28 02:20:05',23.9,8),('2022-07-28 02:20:33',3.78,9),('2022-07-28 02:21:02',0.123067,10),('2022-07-28 02:21:31',0.0219333,11),('2022-07-28 02:22:00',0.0504,12),('2022-07-28 02:22:30',0.3666,13),('2022-07-28 02:22:59',0.2944,14),('2022-07-28 02:23:27',0.1188,15),('2022-07-28 02:23:53',0.12,16),('2022-07-28 02:24:20',0.0599334,17),('2022-07-28 02:31:32',72.8,0),('2022-07-28 02:31:58',48,1),('2022-07-28 02:32:24',6.05,2),('2022-07-28 02:32:50',14.1,3),('2022-07-28 02:33:17',2.22,4),('2022-07-28 02:33:44',9.6,5),('2022-07-28 02:34:11',66.4,6),('2022-07-28 02:34:38',31.25,7),('2022-07-28 02:35:05',8.22,8),('2022-07-28 02:35:33',2.64,9),('2022-07-28 02:36:03',0.1704,10),('2022-07-28 02:36:31',0.209933,11),('2022-07-28 02:37:00',0.266,12),('2022-07-28 02:37:30',0.213066,13),('2022-07-28 02:37:59',0.2024,14),('2022-07-28 02:38:27',0.126,15),('2022-07-28 02:38:54',0.1104,16),('2022-07-28 02:39:20',0.0248,17),('2022-07-28 02:46:32',21.6,0),('2022-07-28 02:46:58',12,1),('2022-07-28 02:47:24',28.8,2),('2022-07-28 02:47:50',11.3,3),('2022-07-28 02:48:17',5.58,4),('2022-07-28 02:48:44',2.4,5),('2022-07-28 02:49:11',0.8,6),('2022-07-28 02:49:38',-7.25,7),('2022-07-28 02:50:05',16.06,8),('2022-07-28 02:50:33',5.28,9),('2022-07-28 02:51:03',0.317133,10),('2022-07-28 02:51:32',0.256933,11),('2022-07-28 02:52:01',0.2492,12),('2022-07-28 02:52:31',0.172333,13),('2022-07-28 02:52:59',0,14),('2022-07-28 02:53:27',0.0774,15),('2022-07-28 02:53:54',0.024,16),('2022-07-28 02:54:20',0.159134,17),('2022-07-28 03:01:32',53.6,0),('2022-07-28 03:01:59',3.2,1),('2022-07-28 03:02:24',29.15,2),('2022-07-28 03:02:50',24.74,3),('2022-07-28 03:03:17',3.36,4),('2022-07-28 03:03:45',32.8,5),('2022-07-28 03:04:12',68.8,6),('2022-07-28 03:04:38',23.9,7),('2022-07-28 03:05:06',3.46,8),('2022-07-28 03:05:34',1.08,9),('2022-07-28 03:06:03',0.194067,10),('2022-07-28 03:06:32',0.0407333,11),('2022-07-28 03:07:01',0.2464,12),('2022-07-28 03:07:31',0.278866,13),('2022-07-28 03:07:59',0.23,14),('2022-07-28 03:08:27',0.1332,15),('2022-07-28 03:08:54',0.0072,16),('2022-07-28 03:09:21',0.0496001,17),('2022-07-28 03:16:32',60,0),('2022-07-28 03:16:59',9.6,1),('2022-07-28 03:17:25',11.3,2),('2022-07-28 03:17:50',5.7,3),('2022-07-28 03:18:17',0.72,4),('2022-07-28 03:18:45',62.4,5),('2022-07-28 03:19:12',71.2,6),('2022-07-28 03:19:39',-14.95,7),('2022-07-28 03:20:06',26.98,8),('2022-07-28 03:20:34',4.26,9),('2022-07-28 03:21:03',0.1278,10),('2022-07-28 03:21:32',0.1128,11),('2022-07-28 03:22:01',0.098,12),('2022-07-28 03:22:31',0.256933,13),('2022-07-28 03:23:00',0.279067,14),('2022-07-28 03:23:28',0.0936,15),('2022-07-28 03:23:54',0.048,16),('2022-07-28 03:24:21',0.0640668,17),('2022-07-28 03:31:33',68,0),('2022-07-28 03:31:59',56,1),('2022-07-28 03:32:25',29.5,2),('2022-07-28 03:32:51',8.5,3),('2022-07-28 03:33:18',2.88,4),('2022-07-28 03:33:45',29.6,5),('2022-07-28 03:34:12',14.4,6),('2022-07-28 03:34:39',28.8,7),('2022-07-28 03:35:06',15.78,8),('2022-07-28 03:35:34',4.14,9),('2022-07-28 03:36:04',0.0568,10),('2022-07-28 03:36:32',0.100267,11),('2022-07-28 03:37:01',0.0644,12),('2022-07-28 03:37:31',0.0250666,13),('2022-07-28 03:38:00',0.162534,14),('2022-07-28 03:38:28',0.1224,15),('2022-07-28 03:38:55',0.072,16),('2022-07-28 03:39:21',0.138467,17),('2022-07-28 03:46:33',45.6,0),('2022-07-28 03:46:59',8.8,1),('2022-07-28 03:47:25',13.4,2),('2022-07-28 03:47:51',4.58,3),('2022-07-28 03:48:18',3.24,4),('2022-07-28 03:48:45',15.2,5),('2022-07-28 03:49:12',29.6,6),('2022-07-28 03:49:39',18.65,7),('2022-07-28 03:50:06',14.94,8),('2022-07-28 03:50:34',4.32,9),('2022-07-28 03:51:04',0.236667,10),('2022-07-28 03:51:33',0.260066,11),('2022-07-28 03:52:02',0.2772,12),('2022-07-28 03:52:32',0.1598,13),('2022-07-28 03:53:00',0.0521334,14),('2022-07-28 03:53:28',0.0594,15),('2022-07-28 03:53:55',0.4512,16),('2022-07-28 03:54:22',0.0744001,17),('2022-07-28 04:01:33',20,0),('2022-07-28 04:02:00',54.4,1),('2022-07-28 04:02:25',-11.8,2),('2022-07-28 04:02:51',16.34,3),('2022-07-28 04:03:18',3.66,4),('2022-07-28 04:03:46',21.6,5),('2022-07-28 04:04:13',7.2,6),('2022-07-28 04:04:39',11.65,7),('2022-07-28 04:05:07',15.78,8),('2022-07-28 04:05:35',3.42,9),('2022-07-28 04:06:04',0.00473333,10),('2022-07-28 04:06:33',0.194266,11),('2022-07-28 04:07:02',0.0924,12),('2022-07-28 04:07:32',0.0125333,13),('2022-07-28 04:08:01',0.297467,14),('2022-07-28 04:08:28',0.027,15),('2022-07-28 04:08:55',0.0744,16),('2022-07-28 04:09:22',0.103334,17),('2022-07-28 04:16:34',27.2,0),('2022-07-28 04:17:00',34.4,1),('2022-07-28 04:17:26',-9.35,2),('2022-07-28 04:17:52',23.62,3),('2022-07-28 04:18:18',0.84,4),('2022-07-28 04:18:46',76,5),('2022-07-28 04:19:13',36.8,6),('2022-07-28 04:19:40',16.2,7),('2022-07-28 04:20:07',22.5,8),('2022-07-28 04:20:35',5.22,9),('2022-07-28 04:21:05',0.302933,10),('2022-07-28 04:21:33',0.228733,11),('2022-07-28 04:22:02',0.2296,12),('2022-07-28 04:22:32',0.213066,13),('2022-07-28 04:23:01',0.177867,14),('2022-07-28 04:23:29',0.1512,15),('2022-07-28 04:23:56',0.0696,16),('2022-07-28 04:24:22',0.0992002,17),('2022-07-28 04:31:34',23.2,0),('2022-07-28 04:32:00',20.8,1),('2022-07-28 04:32:26',32.65,2),('2022-07-28 04:32:52',4.3,3),('2022-07-28 04:33:19',1.44,4),('2022-07-28 04:33:46',60,5),('2022-07-28 04:34:13',48.8,6),('2022-07-28 04:34:40',-4.45,7),('2022-07-28 04:35:07',23.06,8),('2022-07-28 04:35:35',3.96,9),('2022-07-28 04:36:05',0.203533,10),('2022-07-28 04:36:33',0.241266,11),('2022-07-28 04:37:03',0.196,12),('2022-07-28 04:37:32',0.222466,13),('2022-07-28 04:38:01',0.0398667,14),('2022-07-28 04:38:29',0.0864,15),('2022-07-28 04:38:56',0.0312,16),('2022-07-28 04:39:22',0.0413334,17),('2022-07-28 04:46:34',45.6,0),('2022-07-28 04:47:00',51.2,1),('2022-07-28 04:47:26',26,2),('2022-07-28 04:47:52',8.22,3),('2022-07-28 04:48:19',0.42,4),('2022-07-28 04:48:47',4,5),('2022-07-28 04:49:14',55.2,6),('2022-07-28 04:49:40',23.2,7),('2022-07-28 04:50:07',26.14,8),('2022-07-28 04:50:35',1.2,9),('2022-07-28 04:51:05',0.0568,10),('2022-07-28 04:51:34',0.247533,11),('2022-07-28 04:52:03',0.112,12),('2022-07-28 04:52:33',0.1974,13),('2022-07-28 04:53:01',0.0889334,14),('2022-07-28 04:53:29',0.0306,15),('2022-07-28 04:53:56',0.4128,16),('2022-07-28 04:54:23',0.188067,17),('2022-07-28 05:01:34',75.2,0),('2022-07-28 05:02:01',7.2,1),('2022-07-28 05:02:26',25.3,2),('2022-07-28 05:02:52',13.82,3),('2022-07-28 05:03:19',1.08,4),('2022-07-28 05:03:47',20.8,5),('2022-07-28 05:04:14',69.6,6),('2022-07-28 05:04:40',-5.5,7),('2022-07-28 05:05:08',10.74,8),('2022-07-28 05:05:36',2.52,9),('2022-07-28 05:06:05',0.350266,10),('2022-07-28 05:06:34',0.0407333,11),('2022-07-28 05:07:03',0.126,12),('2022-07-28 05:07:33',0.213066,13),('2022-07-28 05:08:02',0.214667,14),('2022-07-28 05:08:30',0.162,15),('2022-07-28 05:08:56',0.1872,16),('2022-07-28 05:09:23',0.138467,17),('2022-07-28 05:16:35',28.8,0),('2022-07-28 05:17:01',16,1),('2022-07-28 05:17:27',19.35,2),('2022-07-28 05:17:53',4.02,3),('2022-07-28 05:18:19',4.32,4),('2022-07-28 05:18:47',71.2,5),('2022-07-28 05:19:14',23.2,6),('2022-07-28 05:19:41',7.8,7),('2022-07-28 05:20:08',5.98,8),('2022-07-28 05:20:36',1.74,9),('2022-07-28 05:21:06',0.0378666,10),('2022-07-28 05:21:34',0.2162,11),('2022-07-28 05:22:04',0.0084,12),('2022-07-28 05:22:33',0.00626666,13),('2022-07-28 05:23:02',0.208534,14),('2022-07-28 05:23:30',0.009,15),('2022-07-28 05:23:57',0.2184,16),('2022-07-28 05:24:23',0.0372001,17),('2022-07-28 05:31:35',48,0),('2022-07-28 05:32:01',76,1),('2022-07-28 05:32:27',-12.15,2),('2022-07-28 05:32:53',21.38,3),('2022-07-28 05:33:20',2.64,4),('2022-07-28 05:33:47',31.2,5),('2022-07-28 05:34:14',54.4,6),('2022-07-28 05:34:41',10.95,7),('2022-07-28 05:35:08',13.26,8),('2022-07-28 05:35:36',4.62,9),('2022-07-28 05:36:06',0.321866,10),('2022-07-28 05:36:35',0.0689333,11),('2022-07-28 05:37:04',0.2492,12),('2022-07-28 05:37:33',0.0344666,13),('2022-07-28 05:38:02',0.46,14),('2022-07-28 05:38:30',0.099,15),('2022-07-28 05:38:57',0.0672,16),('2022-07-28 05:39:23',0.1798,17),('2022-07-28 05:46:35',33.6,0),('2022-07-28 05:47:01',37.6,1),('2022-07-28 05:47:27',16.9,2),('2022-07-28 05:47:53',7.1,3),('2022-07-28 05:48:20',4.08,4),('2022-07-28 05:48:48',21.6,5),('2022-07-28 05:49:15',45.6,6),('2022-07-28 05:49:41',-12.15,7),('2022-07-28 05:50:09',5.7,8),('2022-07-28 05:50:37',2.7,9),('2022-07-28 05:51:06',0.3834,10),('2022-07-28 05:51:35',0.00939999,11),('2022-07-28 05:52:04',0.0448,12),('2022-07-28 05:52:34',0.0563999,13),('2022-07-28 05:53:02',0.0644001,14),('2022-07-28 05:53:30',0.0792,15),('2022-07-28 05:53:57',0.096,16),('2022-07-28 05:54:24',0.0413334,17),('2022-07-28 06:01:35',60.8,0),('2022-07-28 06:02:02',67.2,1),('2022-07-28 06:02:27',-2,2),('2022-07-28 06:02:53',12.7,3),('2022-07-28 06:03:20',5.22,4),('2022-07-28 06:03:48',48,5),('2022-07-28 06:04:15',16.8,6),('2022-07-28 06:04:41',6.4,7),('2022-07-28 06:05:09',26.7,8),('2022-07-28 06:05:37',5.4,9),('2022-07-28 06:06:06',0.175133,10),('2022-07-28 06:06:35',0.275733,11),('2022-07-28 06:07:04',0.182,12),('2022-07-28 06:07:34',0.219333,13),('2022-07-28 06:08:03',0.196267,14),('2022-07-28 06:08:31',0.0666,15),('2022-07-28 06:08:57',0.048,16),('2022-07-28 06:09:24',0.1612,17),('2022-07-28 06:16:36',40,0),('2022-07-28 06:17:02',71.2,1),('2022-07-28 06:17:28',31.95,2),('2022-07-28 06:17:54',16.06,3),('2022-07-28 06:18:20',1.32,4),('2022-07-28 06:18:48',76,5),('2022-07-28 06:19:15',59.2,6),('2022-07-28 06:19:42',-11.45,7),('2022-07-28 06:20:09',22.5,8),('2022-07-28 06:20:37',2.46,9),('2022-07-28 06:21:07',0.459133,10),('2022-07-28 06:21:36',0.0971332,11),('2022-07-28 06:22:05',0.2352,12),('2022-07-28 06:22:34',0.235,13),('2022-07-28 06:23:03',0.104267,14),('2022-07-28 06:23:31',0.0126,15),('2022-07-28 06:23:58',0.0984,16),('2022-07-28 06:24:24',0.202534,17),('2022-07-28 06:31:36',40,0),('2022-07-28 06:32:02',11.2,1),('2022-07-28 06:32:28',28.45,2),('2022-07-28 06:32:54',10.46,3),('2022-07-28 06:33:21',4.44,4),('2022-07-28 06:33:48',65.6,5),('2022-07-28 06:34:15',35.2,6),('2022-07-28 06:34:42',18.3,7),('2022-07-28 06:35:09',17.74,8),('2022-07-28 06:35:37',5.34,9),('2022-07-28 06:36:07',0.3976,10),('2022-07-28 06:36:36',0.1316,11),('2022-07-28 06:37:05',0.0392,12),('2022-07-28 06:37:35',0.238133,13),('2022-07-28 06:38:03',0.279067,14),('2022-07-28 06:38:31',0.1044,15),('2022-07-28 06:38:58',0.1632,16),('2022-07-28 06:39:25',0.190134,17),('2022-07-28 06:46:36',27.2,0),('2022-07-28 06:47:02',11.2,1),('2022-07-28 06:47:28',-7.25,2),('2022-07-28 06:47:54',4.02,3),('2022-07-28 06:48:21',5.4,4),('2022-07-28 06:48:49',52.8,5),('2022-07-28 06:49:16',0.8,6),('2022-07-28 06:49:42',-9.7,7),('2022-07-28 06:50:10',14.66,8),('2022-07-28 06:50:38',2.7,9),('2022-07-28 06:51:07',0.179867,10),('2022-07-28 06:51:36',0.266333,11),('2022-07-28 06:52:05',0.2772,12),('2022-07-28 06:52:35',0.1786,13),('2022-07-28 06:53:04',0.0981334,14),('2022-07-28 06:53:31',0.1602,15),('2022-07-28 06:53:58',0.1176,16),('2022-07-28 06:54:25',0.0434001,17),('2022-07-28 07:01:36',0,0),('2022-07-28 07:02:03',23.2,1),('2022-07-28 07:02:28',17.95,2),('2022-07-28 07:02:55',11.58,3),('2022-07-28 07:03:21',3.48,4),('2022-07-28 07:03:49',9.6,5),('2022-07-28 07:04:16',52,6),('2022-07-28 07:04:42',24.95,7),('2022-07-28 07:05:10',6.26,8),('2022-07-28 07:05:38',0.36,9),('2022-07-28 07:06:08',0.213,10),('2022-07-28 07:06:36',0.125333,11),('2022-07-28 07:07:06',0.0056,12),('2022-07-28 07:07:35',0.222466,13),('2022-07-28 07:08:04',0.0245334,14),('2022-07-28 07:08:32',0.0234,15),('2022-07-28 07:08:59',0.2352,16),('2022-07-28 07:09:25',0.00206667,17),('2022-07-28 07:16:37',23.2,0),('2022-07-28 07:17:03',69.6,1),('2022-07-28 07:17:29',34.05,2),('2022-07-28 07:17:55',7.1,3),('2022-07-28 07:18:21',1.02,4),('2022-07-28 07:18:49',0.8,5),('2022-07-28 07:19:16',0,6),('2022-07-28 07:19:43',19.35,7),('2022-07-28 07:20:10',7.94,8),('2022-07-28 07:20:38',1.74,9),('2022-07-28 07:21:08',0.288733,10),('2022-07-28 07:21:37',0.128467,11),('2022-07-28 07:22:06',0.1484,12),('2022-07-28 07:22:35',0.0469999,13),('2022-07-28 07:23:04',0.0245334,14),('2022-07-28 07:23:32',0.1116,15),('2022-07-28 07:23:59',0.2016,16),('2022-07-28 07:24:25',0.115734,17),('2022-07-28 07:31:37',60.8,0),('2022-07-28 07:32:03',59.2,1),('2022-07-28 07:32:29',-14.25,2),('2022-07-28 07:32:55',13.54,3),('2022-07-28 07:33:22',4.92,4),('2022-07-28 07:33:49',41.6,5),('2022-07-28 07:34:16',38.4,6),('2022-07-28 07:34:43',5.7,7),('2022-07-28 07:35:10',12.42,8),('2022-07-28 07:35:39',4.56,9),('2022-07-28 07:36:08',0.194067,10),('2022-07-28 07:36:37',0.0939999,11),('2022-07-28 07:37:06',0.1792,12),('2022-07-28 07:37:36',0.1222,13),('2022-07-28 07:38:04',0.1012,14),('2022-07-28 07:38:32',0.0774,15),('2022-07-28 07:38:59',0.2304,16),('2022-07-28 07:39:26',0.0434001,17),('2022-07-28 07:46:37',46.4,0),('2022-07-28 07:47:03',12,1),('2022-07-28 07:47:29',14.8,2),('2022-07-28 07:47:55',26.7,3),('2022-07-28 07:48:22',1.92,4),('2022-07-28 07:48:50',17.6,5),('2022-07-28 07:49:17',32.8,6),('2022-07-28 07:49:43',22.5,7),('2022-07-28 07:50:11',19.14,8),('2022-07-28 07:50:39',5.7,9),('2022-07-28 07:51:08',0.3834,10),('2022-07-28 07:51:37',0.109667,11),('2022-07-28 07:52:07',0.0224,12),('2022-07-28 07:52:36',0.2256,13),('2022-07-28 07:53:05',0.0705334,14),('2022-07-28 07:53:32',0.153,15),('2022-07-28 07:53:59',0.0336,16),('2022-07-28 07:54:26',0.119867,17),('2022-07-28 08:01:38',22.4,0),('2022-07-28 08:02:04',76.8,1),('2022-07-28 08:02:29',10.6,2),('2022-07-28 08:02:56',9.06,3),('2022-07-28 08:03:22',5.16,4),('2022-07-28 08:03:50',35.2,5),('2022-07-28 08:04:17',61.6,6),('2022-07-28 08:04:44',17.95,7),('2022-07-28 08:05:11',10.18,8),('2022-07-28 08:05:39',0,9),('2022-07-28 08:06:09',0.288733,10),('2022-07-28 08:06:38',0.1316,11),('2022-07-28 08:07:07',0.126,12),('2022-07-28 08:07:36',0.137867,13),('2022-07-28 08:08:05',0.263734,14),('2022-07-28 08:08:33',0.1512,15),('2022-07-28 08:09:00',0.1368,16),('2022-07-28 08:09:26',0.107467,17),('2022-07-28 08:16:38',78.4,0),('2022-07-28 08:17:04',22.4,1),('2022-07-28 08:17:30',-14.25,2),('2022-07-28 08:17:56',8.22,3),('2022-07-28 08:18:23',5.46,4),('2022-07-28 08:18:50',42.4,5),('2022-07-28 08:19:17',45.6,6),('2022-07-28 08:19:44',26,7),('2022-07-28 08:20:11',15.22,8),('2022-07-28 08:20:39',1.92,9),('2022-07-28 08:21:09',0.4686,10),('2022-07-28 08:21:38',0.0407333,11),('2022-07-28 08:22:08',0.0448,12),('2022-07-28 08:22:36',0.0720666,13),('2022-07-28 08:23:05',0.0858668,14),('2022-07-28 08:23:33',0.1134,15),('2022-07-28 08:24:00',0.0456,16),('2022-07-28 08:24:26',0.146734,17),('2022-07-28 08:31:38',28.8,0),('2022-07-28 08:32:04',39.2,1),('2022-07-28 08:32:30',2.9,2),('2022-07-28 08:32:56',4.3,3),('2022-07-28 08:33:23',3.12,4),('2022-07-28 08:33:51',66.4,5),('2022-07-28 08:34:18',28,6),('2022-07-28 08:34:44',22.15,7),('2022-07-28 08:35:12',4.3,8),('2022-07-28 08:35:40',5.76,9),('2022-07-28 08:36:09',0.3124,10),('2022-07-28 08:36:38',0.137867,11),('2022-07-28 08:37:08',0.2184,12),('2022-07-28 08:37:37',0.2914,13),('2022-07-28 08:38:05',0.1656,14),('2022-07-28 08:38:33',0.135,15),('2022-07-28 08:39:00',0.0072,16),('2022-07-28 08:39:27',0.196334,17),('2022-07-28 08:46:38',76.8,0),('2022-07-28 08:47:04',29.6,1),('2022-07-28 08:47:30',10.95,2),('2022-07-28 08:47:56',14.94,3),('2022-07-28 08:48:23',5.34,4),('2022-07-28 08:48:51',32.8,5),('2022-07-28 08:49:18',69.6,6),('2022-07-28 08:49:44',26.35,7),('2022-07-28 08:50:12',22.78,8),('2022-07-28 08:50:40',1.74,9),('2022-07-28 08:51:10',0.3976,10),('2022-07-28 08:51:38',0.175466,11),('2022-07-28 08:52:08',0.1204,12),('2022-07-28 08:52:37',0.288266,13),('2022-07-28 08:53:06',0.223867,14),('2022-07-28 08:53:34',0.1368,15),('2022-07-28 08:54:00',0.084,16),('2022-07-28 08:54:27',0.0640668,17),('2022-07-28 09:01:39',26.4,0),('2022-07-28 09:02:05',71.2,1),('2022-07-28 09:02:30',10.95,2),('2022-07-28 09:02:57',10.46,3),('2022-07-28 09:03:23',0.78,4),('2022-07-28 09:03:51',72.8,5),('2022-07-28 09:04:18',35.2,6),('2022-07-28 09:04:45',-14.6,7),('2022-07-28 09:05:12',7.94,8),('2022-07-28 09:05:40',1.8,9),('2022-07-28 09:06:10',0.444933,10),('2022-07-28 09:06:39',0.200533,11),('2022-07-28 09:07:08',0.0028,12),('2022-07-28 09:07:37',0.125333,13),('2022-07-28 09:08:06',0.1196,14),('2022-07-28 09:08:34',0.0414,15),('2022-07-28 09:09:01',0.1152,16),('2022-07-28 09:09:27',0.0950668,17),('2022-07-28 09:16:39',48,0),('2022-07-28 09:17:05',0.8,1),('2022-07-28 09:17:31',-6.55,2),('2022-07-28 09:17:57',19.14,3),('2022-07-28 09:18:24',3,4),('2022-07-28 09:18:51',43.2,5),('2022-07-28 09:19:18',1.6,6),('2022-07-28 09:19:45',14.45,7),('2022-07-28 09:20:12',15.78,8),('2022-07-28 09:20:40',5.28,9),('2022-07-28 09:21:10',0.1704,10),('2022-07-28 09:21:39',0.0282,11),('2022-07-28 09:22:09',0.1092,12),('2022-07-28 09:22:38',0.256933,13),('2022-07-28 09:23:06',0.276,14),('2022-07-28 09:23:34',0.1422,15),('2022-07-28 09:24:01',0.0648,16),('2022-07-28 09:24:27',0.171534,17),('2022-07-28 09:31:39',41.6,0),('2022-07-28 09:32:05',59.2,1),('2022-07-28 09:32:31',25.65,2),('2022-07-28 09:32:57',4.58,3),('2022-07-28 09:33:24',2.1,4),('2022-07-28 09:33:52',9.6,5),('2022-07-28 09:34:19',7.2,6),('2022-07-28 09:34:45',-7.25,7),('2022-07-28 09:35:13',17.18,8),('2022-07-28 09:35:41',4.5,9),('2022-07-28 09:36:10',0.236667,10),('2022-07-28 09:36:39',0.222466,11),('2022-07-28 09:37:09',0.0868,12),('2022-07-28 09:37:38',0.194266,13),('2022-07-28 09:38:07',0.150267,14),('2022-07-28 09:38:34',0.1134,15),('2022-07-28 09:39:01',0.1488,16),('2022-07-28 09:39:28',0.0558001,17),('2022-07-28 09:46:39',24,0),('2022-07-28 09:47:05',57.6,1),('2022-07-28 09:47:31',-14.6,2),('2022-07-28 09:47:57',17.46,3),('2022-07-28 09:48:24',5.76,4),('2022-07-28 09:48:52',57.6,5),('2022-07-28 09:49:19',56.8,6),('2022-07-28 09:49:46',10.25,7),('2022-07-28 09:50:13',13.82,8),('2022-07-28 09:50:41',5.82,9),('2022-07-28 09:51:11',0.0662666,10),('2022-07-28 09:51:40',0.115933,11),('2022-07-28 09:52:09',0.0252,12),('2022-07-28 09:52:38',0.256933,13),('2022-07-28 09:53:07',0.263734,14),('2022-07-28 09:53:35',0.216,15),('2022-07-28 09:54:01',0.1872,16),('2022-07-28 09:54:28',0.175667,17),('2022-07-28 10:01:40',69.6,0),('2022-07-28 10:02:06',1.6,1),('2022-07-28 10:02:31',5.7,2),('2022-07-28 10:02:58',17.46,3),('2022-07-28 10:03:25',0.84,4),('2022-07-28 10:03:52',67.2,5),('2022-07-28 10:04:19',59.2,6),('2022-07-28 10:04:46',27.05,7),('2022-07-28 10:05:13',11.02,8),('2022-07-28 10:05:41',0.48,9),('2022-07-28 10:06:11',0.2414,10),('2022-07-28 10:06:40',0.228733,11),('2022-07-28 10:07:09',0.0392,12),('2022-07-28 10:07:38',0.260066,13),('2022-07-28 10:08:07',0.0398667,14),('2022-07-28 10:08:35',0.1548,15),('2022-07-28 10:09:02',0.1704,16),('2022-07-28 10:09:28',0.0227334,17),('2022-07-28 10:16:40',17.6,0),('2022-07-28 10:17:06',12.8,1),('2022-07-28 10:17:32',3.6,2),('2022-07-28 10:17:58',3.18,3),('2022-07-28 10:18:25',5.88,4),('2022-07-28 10:18:52',0.8,5),('2022-07-28 10:19:19',6.4,6),('2022-07-28 10:19:46',14.45,7),('2022-07-28 10:20:13',18.86,8),('2022-07-28 10:20:41',4.74,9),('2022-07-28 10:21:12',0,10),('2022-07-28 10:21:40',0.2256,11),('2022-07-28 10:22:10',0.2744,12),('2022-07-28 10:22:39',0.2538,13),('2022-07-28 10:23:07',0.159467,14),('2022-07-28 10:23:35',0.153,15),('2022-07-28 10:24:02',0.0264,16),('2022-07-28 10:24:29',0.181867,17),('2022-07-28 10:31:40',68,0),('2022-07-28 10:32:06',67.2,1),('2022-07-28 10:32:32',26.35,2),('2022-07-28 10:32:58',17.18,3),('2022-07-28 10:33:25',5.28,4),('2022-07-28 10:33:53',59.2,5),('2022-07-28 10:34:20',8,6),('2022-07-28 10:34:46',5.35,7),('2022-07-28 10:35:14',5.42,8),('2022-07-28 10:35:42',1.02,9),('2022-07-28 10:36:12',0.3834,10),('2022-07-28 10:36:41',0.2632,11),('2022-07-28 10:37:10',0.0392,12),('2022-07-28 10:37:39',0.0344666,13),('2022-07-28 10:38:08',0.1932,14),('2022-07-28 10:38:35',0.0396,15),('2022-07-28 10:39:02',0.0456,16),('2022-07-28 10:39:29',0.0289334,17),('2022-07-28 10:46:40',49.6,0),('2022-07-28 10:47:07',36,1),('2022-07-28 10:47:32',28.45,2),('2022-07-28 10:47:58',14.66,3),('2022-07-28 10:48:25',0.12,4),('2022-07-28 10:48:53',68.8,5),('2022-07-28 10:49:20',60.8,6),('2022-07-28 10:49:47',33.35,7),('2022-07-28 10:50:14',10.74,8),('2022-07-28 10:50:42',2.1,9),('2022-07-28 10:51:12',0.265066,10),('2022-07-28 10:51:41',0.0971332,11),('2022-07-28 10:52:10',0.014,12),('2022-07-28 10:52:39',0.256933,13),('2022-07-28 10:53:08',0.2484,14),('2022-07-28 10:53:36',0.1062,15),('2022-07-28 10:54:02',0.06,16),('2022-07-28 10:54:29',0.202534,17),('2022-07-28 11:01:41',40.8,0),('2022-07-28 11:02:07',25.6,1),('2022-07-28 11:02:32',25.3,2),('2022-07-28 11:02:59',17.46,3),('2022-07-28 11:03:26',5.16,4),('2022-07-28 11:03:53',32,5),('2022-07-28 11:04:20',55.2,6),('2022-07-28 11:04:47',21.1,7),('2022-07-28 11:05:14',5.42,8),('2022-07-28 11:05:43',2.76,9),('2022-07-28 11:06:12',0.071,10),('2022-07-28 11:06:42',0.0751999,11),('2022-07-28 11:07:11',0.2268,12),('2022-07-28 11:07:40',0.1974,13),('2022-07-28 11:08:08',0.153334,14),('2022-07-28 11:08:36',0.1476,15),('2022-07-28 11:09:03',0.168,16),('2022-07-28 11:09:29',0.1178,17),('2022-07-28 11:16:41',0,0),('2022-07-28 11:17:07',55.2,1),('2022-07-28 11:17:33',8.15,2),('2022-07-28 11:17:59',18.86,3),('2022-07-28 11:18:26',4.2,4),('2022-07-28 11:18:54',69.6,5),('2022-07-28 11:19:21',45.6,6),('2022-07-28 11:19:47',32.3,7),('2022-07-28 11:20:14',16.34,8),('2022-07-28 11:20:43',0.48,9),('2022-07-28 11:21:13',0.00946666,10),('2022-07-28 11:21:42',0.250666,11),('2022-07-28 11:22:11',0.182,12),('2022-07-28 11:22:40',0.0469999,13),('2022-07-28 11:23:09',0.260667,14),('2022-07-28 11:23:36',0.1242,15),('2022-07-28 11:24:03',0.1824,16),('2022-07-28 11:24:30',0.150867,17),('2022-07-28 11:31:41',77.6,0),('2022-07-28 11:32:07',74.4,1),('2022-07-28 11:32:33',33.7,2),('2022-07-28 11:32:59',28.38,3),('2022-07-28 11:33:26',5.94,4),('2022-07-28 11:33:54',52,5),('2022-07-28 11:34:21',26.4,6),('2022-07-28 11:34:48',-1.65,7),('2022-07-28 11:35:15',11.3,8),('2022-07-28 11:35:43',5.22,9),('2022-07-28 11:36:13',0.00946666,10),('2022-07-28 11:36:42',0.188,11),('2022-07-28 11:37:11',0.056,12),('2022-07-28 11:37:40',0.0501333,13),('2022-07-28 11:38:09',0.475334,14),('2022-07-28 11:38:37',0.0792,15),('2022-07-28 11:39:03',0.0144,16),('2022-07-28 11:39:30',0.00413334,17),('2022-07-28 11:46:41',53.6,0),('2022-07-28 11:47:07',15.2,1),('2022-07-28 11:47:33',13.4,2),('2022-07-28 11:48:00',15.78,3),('2022-07-28 11:48:27',1.32,4),('2022-07-28 11:48:54',56.8,5),('2022-07-28 11:49:21',2.4,6),('2022-07-28 11:49:48',-3.05,7),('2022-07-28 11:50:15',16.9,8),('2022-07-28 11:50:44',0.78,9),('2022-07-28 11:51:13',0.392866,10),('2022-07-28 11:51:43',0.0845999,11),('2022-07-28 11:52:11',0.2156,12),('2022-07-28 11:52:40',0.100267,13),('2022-07-28 11:53:09',0.1932,14),('2022-07-28 11:53:37',0.117,15),('2022-07-28 11:54:03',0.0624,16),('2022-07-28 11:54:30',0.0516668,17),('2022-07-28 12:01:42',7.2,0),('2022-07-28 12:02:08',0,1),('2022-07-28 12:02:33',3.95,2),('2022-07-28 12:03:00',9.9,3),('2022-07-28 12:03:27',5.76,4),('2022-07-28 12:03:54',11.2,5),('2022-07-28 12:04:21',48.8,6),('2022-07-28 12:04:48',31.6,7),('2022-07-28 12:05:15',3.46,8),('2022-07-28 12:05:44',5.52,9),('2022-07-28 12:06:14',0.435466,10),('2022-07-28 12:06:43',0.0908666,11),('2022-07-28 12:07:12',0.2464,12),('2022-07-28 12:07:41',0.231866,13),('2022-07-28 12:08:09',0.0981334,14),('2022-07-28 12:08:37',0.153,15),('2022-07-28 12:09:04',0.1536,16),('2022-07-28 12:09:30',0.1798,17),('2022-07-28 12:16:42',76,0),('2022-07-28 12:17:08',2.4,1),('2022-07-28 12:17:34',3.95,2),('2022-07-28 12:18:00',5.98,3),('2022-07-28 12:18:27',4.2,4),('2022-07-28 12:18:55',22.4,5),('2022-07-28 12:19:22',28.8,6),('2022-07-28 12:19:48',28.8,7),('2022-07-28 12:20:15',15.22,8),('2022-07-28 12:20:44',2.58,9),('2022-07-28 12:21:14',0.274533,10),('2022-07-28 12:21:43',0.1598,11),('2022-07-28 12:22:12',0.182,12),('2022-07-28 12:22:41',0.0188,13),('2022-07-28 12:23:10',0.0245334,14),('2022-07-28 12:23:37',0.0684,15),('2022-07-28 12:24:04',0.1128,16),('2022-07-28 12:24:31',0.0537334,17),('2022-07-28 12:31:42',53.6,0),('2022-07-28 12:32:08',26.4,1),('2022-07-28 12:32:34',-6.55,2),('2022-07-28 12:33:00',4.58,3),('2022-07-28 12:33:27',0.12,4),('2022-07-28 12:33:55',22.4,5),('2022-07-28 12:34:22',12,6),('2022-07-28 12:34:49',-4.45,7),('2022-07-28 12:35:16',15.78,8),('2022-07-28 12:35:45',3.48,9),('2022-07-28 12:36:14',0.336066,10),('2022-07-28 12:36:44',0.1222,11),('2022-07-28 12:37:12',0.1372,12),('2022-07-28 12:37:42',0.297666,13),('2022-07-28 12:38:10',0.134933,14),('2022-07-28 12:38:38',0.072,15),('2022-07-28 12:39:04',0.1464,16),('2022-07-28 12:39:31',0.1116,17),('2022-07-28 12:46:42',23.2,0),('2022-07-28 12:47:08',6.4,1),('2022-07-28 12:47:34',34.4,2),('2022-07-28 12:48:01',3.46,3),('2022-07-28 12:48:28',0.48,4),('2022-07-28 12:48:55',40.8,5),('2022-07-28 12:49:22',38.4,6),('2022-07-28 12:49:49',14.8,7),('2022-07-28 12:50:16',23.62,8),('2022-07-28 12:50:45',2.22,9),('2022-07-28 12:51:14',0.151467,10),('2022-07-28 12:51:44',0.0250666,11),('2022-07-28 12:52:12',0.0168,12),('2022-07-28 12:52:42',0.0376,13),('2022-07-28 12:53:10',0.104267,14),('2022-07-28 12:53:38',0.1332,15),('2022-07-28 12:54:05',0.0864,16),('2022-07-28 12:54:31',0.0537334,17),('2022-07-28 13:01:43',44,0),('2022-07-28 13:02:09',34.4,1),('2022-07-28 13:02:35',9.55,2),('2022-07-28 13:03:01',8.22,3),('2022-07-28 13:03:28',2.58,4),('2022-07-28 13:03:55',23.2,5),('2022-07-28 13:04:22',50.4,6),('2022-07-28 13:04:49',16.2,7),('2022-07-28 13:05:16',9.06,8),('2022-07-28 13:05:45',2.82,9),('2022-07-28 13:06:15',0.0284,10),('2022-07-28 13:06:44',0.115933,11),('2022-07-28 13:07:13',0.1176,12),('2022-07-28 13:07:43',0.3008,13),('2022-07-28 13:08:10',0.23,14),('2022-07-28 13:08:38',0.0396,15),('2022-07-28 13:09:05',0.06,16),('2022-07-28 13:09:31',0.138467,17),('2022-07-28 13:16:43',61.6,0),('2022-07-28 13:17:09',26.4,1),('2022-07-28 13:17:35',-9,2),('2022-07-28 13:18:01',4.86,3),('2022-07-28 13:18:28',1.14,4),('2022-07-28 13:18:56',1.6,5),('2022-07-28 13:19:23',47.2,6),('2022-07-28 13:19:49',16.9,7),('2022-07-28 13:20:17',14.38,8),('2022-07-28 13:20:45',0.12,9),('2022-07-28 13:21:15',0.392866,10),('2022-07-28 13:21:44',0.235,11),('2022-07-28 13:22:13',0.1708,12),('2022-07-28 13:22:43',0.0845999,13),('2022-07-28 13:23:11',0.150267,14),('2022-07-28 13:23:39',0.1782,15),('2022-07-28 13:24:05',0.072,16),('2022-07-28 13:24:32',0.132267,17),('2022-07-28 13:31:43',55.2,0),('2022-07-28 13:32:09',55.2,1),('2022-07-28 13:32:35',28.1,2),('2022-07-28 13:33:01',22.78,3),('2022-07-28 13:33:28',5.58,4),('2022-07-28 13:33:56',10.4,5),('2022-07-28 13:34:23',34.4,6),('2022-07-28 13:34:50',30.2,7),('2022-07-28 13:35:17',13.82,8),('2022-07-28 13:35:46',5.94,9),('2022-07-28 13:36:15',0.302933,10),('2022-07-28 13:36:45',0.1222,11),('2022-07-28 13:37:13',0.1652,12),('2022-07-28 13:37:43',0.282,13),('2022-07-28 13:38:11',0.1932,14),('2022-07-28 13:38:39',0.117,15),('2022-07-28 13:39:05',0.156,16),('2022-07-28 13:39:32',0.0372001,17),('2022-07-28 13:46:43',7.2,0),('2022-07-28 13:47:09',28.8,1),('2022-07-28 13:47:35',30.2,2),('2022-07-28 13:48:02',18.3,3),('2022-07-28 13:48:29',4.38,4),('2022-07-28 13:48:56',64,5),('2022-07-28 13:49:23',14.4,6),('2022-07-28 13:49:50',21.8,7),('2022-07-28 13:50:17',17.74,8),('2022-07-28 13:50:46',1.8,9),('2022-07-28 13:51:15',0.260333,10),('2022-07-28 13:51:45',0.128467,11),('2022-07-28 13:52:13',0.1148,12),('2022-07-28 13:52:44',0.0188,13),('2022-07-28 13:53:11',0.2668,14),('2022-07-28 13:53:39',0.1098,15),('2022-07-28 13:54:06',0.012,16),('2022-07-28 13:54:32',0.0971335,17),('2022-07-28 14:01:44',76.8,0),('2022-07-28 14:02:10',1.6,1),('2022-07-28 14:02:36',2.9,2),('2022-07-28 14:03:02',21.38,3),('2022-07-28 14:03:29',5.28,4),('2022-07-28 14:03:56',70.4,5),('2022-07-28 14:04:24',48.8,6),('2022-07-28 14:04:50',-11.8,7),('2022-07-28 14:05:17',26.42,8),('2022-07-28 14:05:46',5.4,9),('2022-07-28 14:06:16',0.435466,10),('2022-07-28 14:06:45',0.2068,11),('2022-07-28 14:07:14',0.154,12),('2022-07-28 14:07:44',0.0282,13),('2022-07-28 14:08:12',0.0429334,14),('2022-07-28 14:08:39',0.081,15),('2022-07-28 14:09:06',0.0408,16),('2022-07-28 14:09:32',0.169467,17),('2022-07-28 14:16:44',48,0),('2022-07-28 14:17:10',26.4,1),('2022-07-28 14:17:36',34.05,2),('2022-07-28 14:18:02',6.26,3),('2022-07-28 14:18:29',3.48,4),('2022-07-28 14:18:57',12.8,5),('2022-07-28 14:19:24',70.4,6),('2022-07-28 14:19:51',27.4,7),('2022-07-28 14:20:18',18.02,8),('2022-07-28 14:20:47',5.76,9),('2022-07-28 14:21:16',0.2982,10),('2022-07-28 14:21:46',0.0595333,11),('2022-07-28 14:22:14',0.1456,12),('2022-07-28 14:22:44',0.297666,13),('2022-07-28 14:23:12',0.113467,14),('2022-07-28 14:23:40',0.1782,15),('2022-07-28 14:24:06',0.0696,16),('2022-07-28 14:24:33',0.0454667,17),('2022-07-28 14:31:44',71.2,0),('2022-07-28 14:32:10',50.4,1),('2022-07-28 14:32:36',20.05,2),('2022-07-28 14:33:03',14.1,3),('2022-07-28 14:33:30',1.08,4),('2022-07-28 14:33:57',21.6,5),('2022-07-28 14:34:24',68.8,6),('2022-07-28 14:34:51',10.95,7),('2022-07-28 14:35:18',15.5,8),('2022-07-28 14:35:47',2.76,9),('2022-07-28 14:36:16',0.444933,10),('2022-07-28 14:36:46',0.0313333,11),('2022-07-28 14:37:14',0.154,12),('2022-07-28 14:37:44',0.153533,13),('2022-07-28 14:38:12',0.190134,14),('2022-07-28 14:38:40',0.0828,15),('2022-07-28 14:39:06',0.0864,16),('2022-07-28 14:39:33',0.138467,17),('2022-07-28 14:46:45',16,0),('2022-07-28 14:47:10',3.2,1),('2022-07-28 14:47:36',-13.55,2),('2022-07-28 14:48:03',19.98,3),('2022-07-28 14:48:30',1.68,4),('2022-07-28 14:48:57',36,5),('2022-07-28 14:49:24',44,6),('2022-07-28 14:49:51',7.45,7),('2022-07-28 14:50:18',19.42,8),('2022-07-28 14:50:47',3.12,9),('2022-07-28 14:51:17',0.463866,10),('2022-07-28 14:51:46',0.0407333,11),('2022-07-28 14:52:15',0.2212,12),('2022-07-28 14:52:45',0.228733,13),('2022-07-28 14:53:12',0.0306667,14),('2022-07-28 14:53:40',0.1512,15),('2022-07-28 14:54:07',0.0288,16),('2022-07-28 14:54:33',0.0330667,17),('2022-07-28 15:01:45',53.6,0),('2022-07-28 15:02:11',74.4,1),('2022-07-28 15:02:37',-5.5,2),('2022-07-28 15:03:03',21.94,3),('2022-07-28 15:03:30',2.7,4),('2022-07-28 15:03:57',36.8,5),('2022-07-28 15:04:25',37.6,6),('2022-07-28 15:04:51',23.2,7),('2022-07-28 15:05:18',3.18,8),('2022-07-28 15:05:48',4.38,9),('2022-07-28 15:06:17',0.3692,10),('2022-07-28 15:06:46',0.203666,11),('2022-07-28 15:07:15',0.0644,12),('2022-07-28 15:07:45',0.0751999,13),('2022-07-28 15:08:13',0.242267,14),('2022-07-28 15:08:40',0.1566,15),('2022-07-28 15:09:07',0.1488,16),('2022-07-28 15:09:34',0.0289334,17),('2022-07-28 15:16:45',68.8,0),('2022-07-28 15:17:11',49.6,1),('2022-07-28 15:17:37',29.85,2),('2022-07-28 15:18:03',12.42,3),('2022-07-28 15:18:31',1.74,4),('2022-07-28 15:18:58',71.2,5),('2022-07-28 15:19:25',12.8,6),('2022-07-28 15:19:52',9.55,7),('2022-07-28 15:20:19',41.54,8),('2022-07-28 15:20:48',0.36,9),('2022-07-28 15:21:17',0.355,10),('2022-07-28 15:21:47',0.194266,11),('2022-07-28 15:22:15',0.1288,12),('2022-07-28 15:22:45',0.181733,13),('2022-07-28 15:23:13',0.162534,14),('2022-07-28 15:23:41',0.1458,15),('2022-07-28 15:24:07',0.1224,16),('2022-07-28 15:24:34',0.155,17),('2022-07-28 15:31:45',53.6,0),('2022-07-28 15:32:11',44.8,1),('2022-07-28 15:32:37',22.5,2),('2022-07-28 15:33:04',16.34,3),('2022-07-28 15:33:31',1.38,4),('2022-07-28 15:33:58',60.8,5),('2022-07-28 15:34:25',65.6,6),('2022-07-28 15:34:52',22.85,7),('2022-07-28 15:35:19',10.18,8),('2022-07-28 15:35:48',0.12,9),('2022-07-28 15:36:17',0.435466,10),('2022-07-28 15:36:47',0.231866,11),('2022-07-28 15:37:16',0.1456,12),('2022-07-28 15:37:46',0.2538,13),('2022-07-28 15:38:13',0.131867,14),('2022-07-28 15:38:41',0.0882,15),('2022-07-28 15:39:07',0.0624,16),('2022-07-28 15:39:34',0.0268667,17),('2022-07-28 15:46:46',11.2,0),('2022-07-28 15:47:11',25.6,1),('2022-07-28 15:47:37',-14.95,2),('2022-07-28 15:48:04',25.58,3),('2022-07-28 15:48:31',4.14,4),('2022-07-28 15:48:58',2.4,5),('2022-07-28 15:49:25',9.6,6),('2022-07-28 15:49:52',25.65,7),('2022-07-28 15:50:19',12.7,8),('2022-07-28 15:50:48',0.72,9),('2022-07-28 15:51:18',0.4118,10),('2022-07-28 15:51:47',0.0845999,11),('2022-07-28 15:52:16',0.252,12),('2022-07-28 15:52:46',0.213066,13),('2022-07-28 15:53:14',0.153334,14),('2022-07-28 15:53:41',0.0972,15),('2022-07-28 15:54:08',0.1968,16),('2022-07-28 15:54:34',0.0516668,17),('2022-07-28 16:01:46',1.6,0),('2022-07-28 16:02:12',27.2,1),('2022-07-28 16:02:38',17.25,2),('2022-07-28 16:03:04',3.18,3),('2022-07-28 16:03:31',5.94,4),('2022-07-28 16:03:59',47.2,5),('2022-07-28 16:04:26',72.8,6),('2022-07-28 16:04:52',-1.3,7),('2022-07-28 16:05:19',5.98,8),('2022-07-28 16:05:49',2.22,9),('2022-07-28 16:06:18',0.203533,10),('2022-07-28 16:06:47',0,11),('2022-07-28 16:07:16',0.1148,12),('2022-07-28 16:07:46',0.297666,13),('2022-07-28 16:08:14',0.1196,14),('2022-07-28 16:08:42',0.0612,15),('2022-07-28 16:09:08',0.1104,16),('2022-07-28 16:09:35',0.194267,17),('2022-07-28 16:16:46',99,0),('2022-07-28 16:17:12',67.2,1),('2022-07-28 16:17:38',-0.25,2),('2022-07-28 16:18:04',15.22,3),('2022-07-28 16:18:32',5.76,4),('2022-07-28 16:18:59',4.8,5),('2022-07-28 16:19:26',13.6,6),('2022-07-28 16:19:53',29.85,7),('2022-07-28 16:20:20',14.66,8),('2022-07-28 16:20:49',4.44,9),('2022-07-28 16:21:18',0.3408,10),('2022-07-28 16:21:48',0.250666,11),('2022-07-28 16:22:16',0.2436,12),('2022-07-28 16:22:46',0.278866,13),('2022-07-28 16:23:14',0.104267,14),('2022-07-28 16:23:42',0.0576,15),('2022-07-28 16:24:08',0.0264,16),('2022-07-28 16:24:35',0.0206667,17),('2022-07-28 16:31:46',7.2,0),('2022-07-28 16:32:12',2.4,1),('2022-07-28 16:32:38',3.95,2),('2022-07-28 16:33:05',5.42,3),('2022-07-28 16:33:32',2.58,4),('2022-07-28 16:33:59',48,5),('2022-07-28 16:34:26',49.6,6),('2022-07-28 16:34:53',22.15,7),('2022-07-28 16:35:20',18.02,8),('2022-07-28 16:35:49',4.56,9),('2022-07-28 16:36:19',0.0993999,10),('2022-07-28 16:36:48',0.1128,11),('2022-07-28 16:37:17',0.2268,12),('2022-07-28 16:37:47',0.275733,13),('2022-07-28 16:38:14',0.251467,14),('2022-07-28 16:38:42',0.0954,15),('2022-07-28 16:39:08',0.2232,16),('2022-07-28 16:39:35',0.188067,17),('2022-07-28 16:46:47',29.6,0),('2022-07-28 16:47:13',77.6,1),('2022-07-28 16:47:38',30.2,2),('2022-07-28 16:48:05',17.46,3),('2022-07-28 16:48:32',0.6,4),('2022-07-28 16:48:59',40.8,5),('2022-07-28 16:49:26',12,6),('2022-07-28 16:49:53',14.8,7),('2022-07-28 16:50:20',19.42,8),('2022-07-28 16:50:50',1.86,9),('2022-07-28 16:51:19',0.4402,10),('2022-07-28 16:51:48',0.188,11),('2022-07-28 16:52:17',0.0196,12),('2022-07-28 16:52:47',0.166066,13),('2022-07-28 16:53:15',0.272934,14),('2022-07-28 16:53:42',0.0126,15),('2022-07-28 16:54:09',0.168,16),('2022-07-28 16:54:35',0.0392667,17),('2022-07-28 17:01:47',38.4,0),('2022-07-28 17:02:13',79.2,1),('2022-07-28 17:02:39',28.1,2),('2022-07-28 17:03:05',20.26,3),('2022-07-28 17:03:33',3.12,4),('2022-07-28 17:04:00',66.4,5),('2022-07-28 17:04:27',71.2,6),('2022-07-28 17:04:54',2.9,7),('2022-07-28 17:05:20',14.1,8),('2022-07-28 17:05:50',5.22,9),('2022-07-28 17:06:19',0.918266,10),('2022-07-28 17:06:48',0.0407333,11),('2022-07-28 17:07:17',0.042,12),('2022-07-28 17:07:47',0.231866,13),('2022-07-28 17:08:15',0.0674667,14),('2022-07-28 17:08:43',0.0126,15),('2022-07-28 17:09:09',0.1656,16),('2022-07-28 17:09:36',0.155,17);
/*!40000 ALTER TABLE `Registrazione1D` ENABLE KEYS */;
UNLOCK TABLES;
/*!50003 SET @saved_cs_client      = @@character_set_client */ ;
/*!50003 SET @saved_cs_results     = @@character_set_results */ ;
/*!50003 SET @saved_col_connection = @@collation_connection */ ;
/*!50003 SET character_set_client  = utf8mb4 */ ;
/*!50003 SET character_set_results = utf8mb4 */ ;
/*!50003 SET collation_connection  = utf8mb4_0900_ai_ci */ ;
/*!50003 SET @saved_sql_mode       = @@sql_mode */ ;
/*!50003 SET sql_mode              = 'ONLY_FULL_GROUP_BY,STRICT_TRANS_TABLES,NO_ZERO_IN_DATE,NO_ZERO_DATE,ERROR_FOR_DIVISION_BY_ZERO,NO_ENGINE_SUBSTITUTION' */ ;
DELIMITER ;;
/*!50003 CREATE*/ /*!50017 DEFINER=`remoteroot`@`%`*/ /*!50003 TRIGGER `set_alert1D` AFTER INSERT ON `Registrazione1D` FOR EACH ROW BEGIN
	DECLARE valore_soglia FLOAT DEFAULT 1;
    DECLARE valore_soglia_inf FLOAT DEFAULT NULL;
    SELECT Soglia INTO valore_soglia
    FROM Sensore1D
    WHERE CodiceSensore = NEW.CodiceSensore;
    SELECT ValoreInf INTO valore_soglia_inf
    FROM Sensore1D
		 NATURAL JOIN SogliaInferiore
    WHERE CodiceSensore = NEW.CodiceSensore;
	IF NEW.Valore >= valore_soglia THEN
		INSERT INTO Alert1D(CodiceSensore, Timestamp, Scostamento)
        SELECT R1D.CodiceSensore, R1D.Timestamp, ((R1D.Valore / valore_soglia) - 1)
        FROM Registrazione1D R1D
        WHERE R1D.CodiceSensore = NEW.CodiceSensore AND R1D.Timestamp = NEW.Timestamp;
	END IF;
    IF (valore_soglia_inf IS NOT NULL) THEN
		IF NEW.Valore < valore_soglia_inf THEN
			INSERT INTO Alert1D
			SELECT R1D1.CodiceSensore, R1D1.Timestamp, ABS((R1D1.Valore / valore_soglia) - 1)
			FROM Registrazione1D R1D1
			WHERE R1D1.CodiceSensore = NEW.CodiceSensore AND R1D1.Timestamp = NEW.Timestamp;
		END IF;
    END IF;
END */;;
DELIMITER ;
/*!50003 SET sql_mode              = @saved_sql_mode */ ;
/*!50003 SET character_set_client  = @saved_cs_client */ ;
/*!50003 SET character_set_results = @saved_cs_results */ ;
/*!50003 SET collation_connection  = @saved_col_connection */ ;

--
-- Table structure for table `Registrazione2D`
--

DROP TABLE IF EXISTS `Registrazione2D`;
/*!40101 SET @saved_cs_client     = @@character_set_client */;
/*!50503 SET character_set_client = utf8mb4 */;
CREATE TABLE `Registrazione2D` (
  `Timestamp` timestamp NOT NULL DEFAULT CURRENT_TIMESTAMP,
  `ValoreX` float NOT NULL,
  `ValoreY` float NOT NULL,
  `CodiceSensore` int unsigned NOT NULL,
  PRIMARY KEY (`Timestamp`,`CodiceSensore`),
  KEY `fk_Registrazione2D_Sensore2D1_idx` (`CodiceSensore`),
  CONSTRAINT `fk_Registrazione2D_Sensore2D1` FOREIGN KEY (`CodiceSensore`) REFERENCES `Sensore2D` (`CodiceSensore`)
) ENGINE=InnoDB DEFAULT CHARSET=utf8mb4 COLLATE=utf8mb4_0900_ai_ci;
/*!40101 SET character_set_client = @saved_cs_client */;

--
-- Dumping data for table `Registrazione2D`
--

LOCK TABLES `Registrazione2D` WRITE;
/*!40000 ALTER TABLE `Registrazione2D` DISABLE KEYS */;
INSERT INTO `Registrazione2D` VALUES ('2022-07-28 18:39:10',-0.2185,0.1767,0),('2022-07-28 18:39:31',1.215,-4.27,1),('2022-07-28 18:39:52',-0.3002,-0.3066,2),('2022-07-28 18:40:14',2.43,5.886,3),('2022-07-28 18:40:35',3.337,-1.8,4),('2022-07-28 18:40:56',9.024,6.372,5),('2022-07-28 18:41:18',9.072,2.668,6),('2022-07-28 18:41:39',0.3885,0.0198,7),('2022-07-28 18:42:01',-0.4004,0.2806,8),('2022-07-28 18:54:10',-0.0069,-0.3705,0),('2022-07-28 18:54:31',7.245,2.379,1),('2022-07-28 18:54:53',0.0988,-0.147,2),('2022-07-28 18:55:14',6.3,-0.702,3),('2022-07-28 18:55:35',-5.358,5.76,4),('2022-07-28 18:55:57',0.235,10.03,5),('2022-07-28 18:56:18',-3.12,-8.418,6),('2022-07-28 18:56:40',-0.1764,0.2904,7),('2022-07-28 18:57:01',-0.00000000000000405231,-0.0345,8),('2022-07-28 19:09:10',-0.1725,-0.0722,0),('2022-07-28 19:09:31',-3.06,10.736,1),('2022-07-28 19:09:53',-0.2299,0.399,2),('2022-07-28 19:10:14',5.265,1.242,3),('2022-07-28 19:10:35',4.841,-1.14,4),('2022-07-28 19:10:57',4.371,-9.794,5),('2022-07-28 19:11:18',-4.32,5.198,6),('2022-07-28 19:11:40',0.3276,0.3168,7),('2022-07-28 19:12:01',0.011,0.3358,8),('2022-07-28 19:24:11',-0.3174,0.0798,0),('2022-07-28 19:24:32',-3.555,4.148,1),('2022-07-28 19:24:53',-0.2774,0.2226,2),('2022-07-28 19:25:14',-1.035,4.806,3),('2022-07-28 19:25:36',4.794,-10.2,4),('2022-07-28 19:25:57',4.23,-0.472,5),('2022-07-28 19:26:18',3.744,-7.36,6),('2022-07-28 19:26:40',0.2982,0.3718,7),('2022-07-28 19:27:02',-0.2662,-0.1173,8),('2022-07-28 19:39:11',0.0414,-0.1881,0),('2022-07-28 19:39:32',4.77,12.139,1),('2022-07-28 19:39:53',0.2185,0.1512,2),('2022-07-28 19:40:14',7.74,0.54,3),('2022-07-28 19:40:36',-4.559,-4.32,4),('2022-07-28 19:40:57',3.243,11.741,5),('2022-07-28 19:41:19',6.624,1.564,6),('2022-07-28 19:41:40',-0.3507,-0.2574,7),('2022-07-28 19:42:02',0.1958,0.0759,8),('2022-07-28 19:54:11',0.2576,0.1748,0),('2022-07-28 19:54:32',1.98,-6.1,1),('2022-07-28 19:54:54',-0.2755,0.0105,2),('2022-07-28 19:55:15',-1.755,9.936,3),('2022-07-28 19:55:36',-3.995,-7.98,4),('2022-07-28 19:55:57',-7.379,-10.561,5),('2022-07-28 19:56:19',-2.352,4.646,6),('2022-07-28 19:56:41',0.2058,-0.1562,7),('2022-07-28 19:57:02',-0.033,-0.0966,8),('2022-07-28 20:09:11',0.3082,-0.0836,0),('2022-07-28 20:09:32',-0.495,-5.185,1),('2022-07-28 20:09:54',0.057,-0.3612,2),('2022-07-28 20:10:15',-6.975,-0.918,3),('2022-07-28 20:10:36',6.674,-10.62,4),('2022-07-28 20:10:58',-1.739,8.024,5),('2022-07-28 20:11:19',2.064,-3.174,6),('2022-07-28 20:11:41',0.3339,0.2706,7),('2022-07-28 20:12:02',-0.1716,0.3473,8),('2022-07-28 20:24:11',0.4508,0.2546,0),('2022-07-28 20:24:33',-3.105,4.026,1),('2022-07-28 20:24:54',-0.2261,0.0945,2),('2022-07-28 20:25:15',-5.31,9.99,3),('2022-07-28 20:25:37',6.063,-6.36,4),('2022-07-28 20:25:58',7.943,7.198,5),('2022-07-28 20:26:19',-4.368,0.644,6),('2022-07-28 20:26:41',-0.189,-0.4048,7),('2022-07-28 20:27:03',0.0286,-0.2921,8),('2022-07-28 20:39:12',-0.3312,0.0551,0),('2022-07-28 20:39:33',6.57,8.479,1),('2022-07-28 20:39:54',-0.0266,-0.4074,2),('2022-07-28 20:40:15',-7.425,-0.054,3),('2022-07-28 20:40:37',3.478,3.3,4),('2022-07-28 20:40:58',7.661,4.602,5),('2022-07-28 20:41:20',0.912,7.36,6),('2022-07-28 20:41:41',-0.126,0.2772,7),('2022-07-28 20:42:03',0.2992,0.4278,8),('2022-07-28 20:54:12',-0.322,0.1539,0),('2022-07-28 20:54:33',-3.735,11.834,1),('2022-07-28 20:54:54',0.3173,-0.0525,2),('2022-07-28 20:55:16',3.105,8.478,3),('2022-07-28 20:55:37',-0.094,7.14,4),('2022-07-28 20:55:58',6.345,0.295,5),('2022-07-28 20:56:20',-7.92,-5.566,6),('2022-07-28 20:56:41',0.21,-0.1958,7),('2022-07-28 20:57:03',0.1518,0.2645,8),('2022-07-28 21:09:12',0.2047,-0.1501,0),('2022-07-28 21:09:33',7.47,1.037,1),('2022-07-28 21:09:55',0.3401,0.1638,2),('2022-07-28 21:10:16',4.86,-5.346,3),('2022-07-28 21:10:37',3.901,0.18,4),('2022-07-28 21:10:59',-1.504,4.012,5),('2022-07-28 21:11:20',0.048,6.302,6),('2022-07-28 21:11:42',-0.0924,-0.3872,7),('2022-07-28 21:12:03',0.0286,-0.3036,8),('2022-07-28 21:24:12',0.1541,0.3458,0),('2022-07-28 21:24:33',4.455,-3.416,1),('2022-07-28 21:24:55',0.2774,0.2352,2),('2022-07-28 21:25:16',4.545,7.722,3),('2022-07-28 21:25:37',6.204,1.68,4),('2022-07-28 21:25:59',-0.846,3.363,5),('2022-07-28 21:26:20',-4.992,8.142,6),('2022-07-28 21:26:42',0.2205,-0.00000000000000405231,7),('2022-07-28 21:27:03',-0.4092,0.1081,8),('2022-07-28 21:39:12',-0.4301,-0.1824,0),('2022-07-28 21:39:34',-8.505,-6.832,1),('2022-07-28 21:39:55',-0.1672,-0.0525,2),('2022-07-28 21:40:16',3.69,3.24,3),('2022-07-28 21:40:38',-5.405,-2.28,4),('2022-07-28 21:40:59',7.426,9.735,5),('2022-07-28 21:41:20',-1.008,-7.498,6),('2022-07-28 21:41:42',0.1239,0.407,7),('2022-07-28 21:42:04',-0.253,-0.3358,8),('2022-07-28 21:54:13',-0.0345,-0.1976,0),('2022-07-28 21:54:34',-7.515,-0.61,1),('2022-07-28 21:54:55',0.1691,0.2268,2),('2022-07-28 21:55:16',-6.66,-7.074,3),('2022-07-28 21:55:38',-5.405,-9,4),('2022-07-28 21:55:59',4.23,0.059,5),('2022-07-28 21:56:21',-4.608,-7.36,6),('2022-07-28 21:56:42',-0.3297,0.3982,7),('2022-07-28 21:57:04',-0.1056,-0.1081,8),('2022-07-28 22:09:13',-0.2599,0.2869,0),('2022-07-28 22:09:34',2.07,-1.952,1),('2022-07-28 22:09:55',0.2812,-0.1848,2),('2022-07-28 22:10:17',7.65,9.936,3),('2022-07-28 22:10:38',-6.157,8.88,4),('2022-07-28 22:10:59',9.306,10.148,5),('2022-07-28 22:11:21',1.392,1.104,6),('2022-07-28 22:11:42',-0.0357,-0.286,7),('2022-07-28 22:12:04',-0.143,0.1127,8),('2022-07-28 22:24:13',-0.2714,0.228,0),('2022-07-28 22:24:34',-3.645,-7.686,1),('2022-07-28 22:24:56',-0.0627,-0.1869,2),('2022-07-28 22:25:17',-4.275,-6.318,3),('2022-07-28 22:25:38',-4.559,1.44,4),('2022-07-28 22:26:00',-7.473,7.67,5),('2022-07-28 22:26:21',-8.688,7.774,6),('2022-07-28 22:26:43',-0.0777,0.3278,7),('2022-07-28 22:27:04',-0.2178,-0.4577,8),('2022-07-28 22:39:13',0.1863,-0.2128,0),('2022-07-28 22:39:34',6.48,-0.854,1),('2022-07-28 22:39:56',0.0494,-0.3906,2),('2022-07-28 22:40:17',5.445,2.538,3),('2022-07-28 22:40:38',1.222,9.12,4),('2022-07-28 22:41:00',2.303,-4.484,5),('2022-07-28 22:41:21',4.656,5.152,6),('2022-07-28 22:41:43',0.1071,-0.3476,7),('2022-07-28 22:42:04',-0.3608,-0.0483,8),('2022-07-28 22:54:14',-0.1748,-0.3306,0),('2022-07-28 22:54:35',7.515,6.161,1),('2022-07-28 22:54:56',-0.3211,0.1974,2),('2022-07-28 22:55:17',3.06,-7.506,3),('2022-07-28 22:55:39',0.188,10.5,4),('2022-07-28 22:56:00',7.896,-6.313,5),('2022-07-28 22:56:21',-5.28,8.05,6),('2022-07-28 22:56:43',0.3045,0.1804,7),('2022-07-28 22:57:05',-0.242,-0.1495,8),('2022-07-28 23:09:14',-0.2576,0.3059,0),('2022-07-28 23:09:35',3.51,-10.065,1),('2022-07-28 23:09:56',-0.0494,0.1995,2),('2022-07-28 23:10:17',-2.385,-10.692,3),('2022-07-28 23:10:39',-6.204,7.32,4),('2022-07-28 23:11:00',2.021,10.915,5),('2022-07-28 23:11:22',3.12,-2.852,6),('2022-07-28 23:11:43',-0.0882,0.3608,7),('2022-07-28 23:12:05',-0.3234,-0.1679,8),('2022-07-28 23:24:14',-0.0345,-0.3572,0),('2022-07-28 23:24:35',0.27,10.309,1),('2022-07-28 23:24:56',0.228,-0.0168,2),('2022-07-28 23:25:18',-7.65,-7.56,3),('2022-07-28 23:25:39',3.008,-11.76,4),('2022-07-28 23:26:00',8.131,-7.67,5),('2022-07-28 23:26:22',-1.296,8.188,6),('2022-07-28 23:26:44',-0.042,0.3124,7),('2022-07-28 23:27:05',-0.022,-0.0115,8),('2022-07-28 23:39:14',0.1633,0.2242,0),('2022-07-28 23:39:35',6.12,8.784,1),('2022-07-28 23:39:57',-0.3135,-0.2331,2),('2022-07-28 23:40:18',-1.305,-7.668,3),('2022-07-28 23:40:39',-9.212,-0.48,4),('2022-07-28 23:41:01',-9.259,2.891,5),('2022-07-28 23:41:22',-0.576,1.104,6),('2022-07-28 23:41:44',-0.0252,0.4246,7),('2022-07-28 23:42:05',-0.2442,-0.2047,8),('2022-07-28 23:54:14',-0.1472,-0.0342,0),('2022-07-28 23:54:36',6.165,-3.538,1),('2022-07-28 23:54:57',0.3287,0.1176,2),('2022-07-28 23:55:18',-2.925,-5.994,3),('2022-07-28 23:55:39',9.212,2.46,4),('2022-07-28 23:56:01',2.773,5.428,5),('2022-07-28 23:56:22',1.056,5.658,6),('2022-07-28 23:56:44',-0.0714,0.0022,7),('2022-07-28 23:57:05',0.3608,-0.414,8),('2022-07-29 00:09:15',-0.2024,-0.323,0),('2022-07-29 00:09:36',3.555,1.342,1),('2022-07-29 00:09:57',0.2356,-0.3654,2),('2022-07-29 00:10:18',2.385,-1.188,3),('2022-07-29 00:10:40',-1.269,3,4),('2022-07-29 00:11:01',5.029,1.416,5),('2022-07-29 00:11:23',-1.392,6.394,6),('2022-07-29 00:11:44',-0.0378,0.1892,7),('2022-07-29 00:12:06',-0.154,0.4301,8),('2022-07-29 00:24:15',-0.322,0.2413,0),('2022-07-29 00:24:36',1.8,6.832,1),('2022-07-29 00:24:57',-0.0209,-0.126,2),('2022-07-29 00:25:19',-7.695,-4.374,3),('2022-07-29 00:25:40',0.564,0.000000000000099476,4),('2022-07-29 00:26:01',-3.666,-0.413,5),('2022-07-29 00:26:23',-7.872,-3.128,6),('2022-07-29 00:26:44',-0.2478,-0.2552,7),('2022-07-29 00:27:06',-0.132,0.0736,8),('2022-07-29 00:39:15',0.0736,-0.0266,0),('2022-07-29 00:39:36',8.46,-10.98,1),('2022-07-29 00:39:58',0.1672,-0.0273,2),('2022-07-29 00:40:19',-8.775,-10.206,3),('2022-07-29 00:40:40',6.345,-5.64,4),('2022-07-29 00:41:02',-7.614,2.006,5),('2022-07-29 00:41:23',-0.768,1.058,6),('2022-07-29 00:41:45',0.4137,0.1034,7),('2022-07-29 00:42:06',-0.0792,0.2852,8),('2022-07-29 00:54:15',0.0023,-0.2375,0),('2022-07-29 00:54:36',4.095,-3.172,1),('2022-07-29 00:54:58',-0.2926,-0.2373,2),('2022-07-29 00:55:19',-8.55,-3.348,3),('2022-07-29 00:55:40',-3.901,-5.34,4),('2022-07-29 00:56:02',-1.645,-1.239,5),('2022-07-29 00:56:23',-6.144,-4.14,6),('2022-07-29 00:56:45',0.3192,-0.2948,7),('2022-07-29 00:57:06',0.0022,-0.2047,8),('2022-07-29 01:09:15',0.2461,-0.2945,0),('2022-07-29 01:09:37',-5.895,10.126,1),('2022-07-29 01:09:58',-0.361,0.1848,2),('2022-07-29 01:10:19',-1.665,-5.94,3),('2022-07-29 01:10:40',8.319,1.14,4),('2022-07-29 01:11:02',2.961,-4.838,5),('2022-07-29 01:11:23',-0.864,-3.082,6),('2022-07-29 01:11:45',-0.4053,-0.418,7),('2022-07-29 01:12:07',-0.3058,-0.299,8),('2022-07-29 01:24:16',-0.3496,0.2432,0),('2022-07-29 01:24:37',-8.325,-2.745,1),('2022-07-29 01:24:58',-0.0874,-0.2058,2),('2022-07-29 01:25:19',4.725,0.648,3),('2022-07-29 01:25:41',3.149,-11.7,4),('2022-07-29 01:26:02',3.901,2.655,5),('2022-07-29 01:26:24',-7.968,-4.738,6),('2022-07-29 01:26:46',-0.2373,0.2222,7),('2022-07-29 01:27:07',-0.0396,-0.2047,8),('2022-07-29 01:39:16',-0.2392,0.0874,0),('2022-07-29 01:39:37',0.135,-6.527,1),('2022-07-29 01:39:58',0.1995,-0.126,2),('2022-07-29 01:40:20',-8.055,5.022,3),('2022-07-29 01:40:41',-8.037,7.8,4),('2022-07-29 01:41:02',1.551,-0.000000000000145661,5),('2022-07-29 01:41:24',1.2,4.784,6),('2022-07-29 01:41:46',-0.0126,-0.1716,7),('2022-07-29 01:42:07',0.4202,-0.437,8),('2022-07-29 01:54:16',-0.4508,0.1919,0),('2022-07-29 01:54:37',0.585,5.124,1),('2022-07-29 01:54:59',-0.1919,-0.2898,2),('2022-07-29 01:55:20',-3.915,5.4,3),('2022-07-29 01:55:41',3.713,4.74,4),('2022-07-29 01:56:03',7.332,9.204,5),('2022-07-29 01:56:24',-4.704,0.736,6),('2022-07-29 01:56:46',0.1428,-0.3806,7),('2022-07-29 01:57:07',-0.3762,0.2576,8),('2022-07-29 02:09:16',-0.0966,0.304,0),('2022-07-29 02:09:37',2.61,2.806,1),('2022-07-29 02:09:59',0.2109,0.1932,2),('2022-07-29 02:10:20',-8.64,-3.564,3),('2022-07-29 02:10:41',-3.243,-6.54,4),('2022-07-29 02:11:03',-4.512,3.363,5),('2022-07-29 02:11:24',-2.544,4.968,6),('2022-07-29 02:11:46',-0.1869,-0.2046,7),('2022-07-29 02:12:07',-0.1364,0.207,8),('2022-07-29 02:24:16',0.3427,-0.0969,0),('2022-07-29 02:24:38',7.965,9.699,1),('2022-07-29 02:24:59',0.1007,0.3696,2),('2022-07-29 02:25:20',0.765,-10.044,3),('2022-07-29 02:25:42',-5.123,-1.44,4),('2022-07-29 02:26:03',-6.298,-1.121,5),('2022-07-29 02:26:25',-2.88,-3.128,6),('2022-07-29 02:26:46',-0.1995,0.209,7),('2022-07-29 02:27:08',0.2794,0.2254,8),('2022-07-29 02:39:17',-0.0667,0.3154,0),('2022-07-29 02:39:38',-1.935,-3.111,1),('2022-07-29 02:39:59',0.038,0.2982,2),('2022-07-29 02:40:20',1.125,4.86,3),('2022-07-29 02:40:42',-7.144,4.92,4),('2022-07-29 02:41:03',4.136,3.54,5),('2022-07-29 02:41:25',-2.784,1.518,6),('2022-07-29 02:41:47',-0.0315,-0.1166,7),('2022-07-29 02:42:08',-0.3476,-0.207,8),('2022-07-29 02:54:17',-0.4255,-0.2318,0),('2022-07-29 02:54:38',6.615,6.222,1),('2022-07-29 02:54:59',0.2679,-0.2583,2),('2022-07-29 02:55:21',3.24,0.594,3),('2022-07-29 02:55:42',-5.123,-2.58,4),('2022-07-29 02:56:03',8.46,10.148,5),('2022-07-29 02:56:25',-8.304,-4.554,6),('2022-07-29 02:56:47',0.084,-0.3388,7),('2022-07-29 02:57:08',-0.187,0.2852,8),('2022-07-29 03:09:17',0.2116,0.057,0),('2022-07-29 03:09:38',4.14,-0.0000000000000106581,1),('2022-07-29 03:10:00',-0.3002,-0.3717,2),('2022-07-29 03:10:21',1.395,3.456,3),('2022-07-29 03:10:42',8.272,-9.48,4),('2022-07-29 03:11:04',0.94,-5.369,5),('2022-07-29 03:11:25',-6.336,6.808,6),('2022-07-29 03:11:47',0.3822,-0.22,7),('2022-07-29 03:12:08',-0.2992,-0.0644,8),('2022-07-29 03:24:17',0.0299,-0.095,0),('2022-07-29 03:24:39',-5.58,6.588,1),('2022-07-29 03:25:00',0.3287,0.315,2),('2022-07-29 03:25:21',-7.74,3.456,3),('2022-07-29 03:25:43',4.418,5.58,4),('2022-07-29 03:26:04',5.264,-4.543,5),('2022-07-29 03:26:25',-7.008,1.012,6),('2022-07-29 03:26:47',0.252,-0.099,7),('2022-07-29 03:27:08',0.396,-0.4485,8),('2022-07-29 03:39:18',-0.1058,-0.304,0),('2022-07-29 03:39:39',5.715,4.758,1),('2022-07-29 03:40:00',0.0399,-0.0315,2),('2022-07-29 03:40:21',5.445,0.27,3),('2022-07-29 03:40:43',-2.961,-2.94,4),('2022-07-29 03:41:04',-9.024,10.738,5),('2022-07-29 03:41:26',3.264,1.564,6),('2022-07-29 03:41:47',0.1554,0.3938,7),('2022-07-29 03:42:09',-0.429,0.253,8),('2022-07-29 03:54:18',0.0667,-0.2831,0),('2022-07-29 03:54:39',-6.525,4.941,1),('2022-07-29 03:55:00',0.2736,-0.1323,2),('2022-07-29 03:55:22',8.37,2.916,3),('2022-07-29 03:55:43',-3.948,-9.78,4),('2022-07-29 03:56:04',7.285,11.387,5),('2022-07-29 03:56:26',6.864,6.762,6),('2022-07-29 03:56:48',-0.1386,0.3036,7),('2022-07-29 03:57:09',0.176,0.0092,8),('2022-07-29 04:09:18',0.4554,-0.0361,0),('2022-07-29 04:09:39',-8.28,-2.745,1),('2022-07-29 04:10:01',0.2679,0.2961,2),('2022-07-29 04:10:22',8.145,8.1,3),('2022-07-29 04:10:43',5.076,11.82,4),('2022-07-29 04:11:04',-5.405,-5.133,5),('2022-07-29 04:11:26',-8.688,-6.532,6),('2022-07-29 04:11:48',0.1638,-0.3806,7),('2022-07-29 04:12:09',-0.2816,-0.3496,8),('2022-07-29 04:24:18',-0.3013,0.3363,0),('2022-07-29 04:24:39',6.03,-0.427,1),('2022-07-29 04:25:01',-0.0646,0.4032,2),('2022-07-29 04:25:22',-7.74,-3.618,3),('2022-07-29 04:25:43',3.196,-8.94,4),('2022-07-29 04:26:05',-6.815,-7.08,5),('2022-07-29 04:26:26',-3.696,-2.576,6),('2022-07-29 04:26:48',0.1113,0.0902,7),('2022-07-29 04:27:09',0.0396,0.253,8),('2022-07-29 04:39:18',0.0184,-0.3648,0),('2022-07-29 04:39:40',4.005,-8.601,1),('2022-07-29 04:40:01',-0.1273,-0.3045,2),('2022-07-29 04:40:22',2.205,10.152,3),('2022-07-29 04:40:44',-6.768,7.68,4),('2022-07-29 04:41:05',6.815,-4.13,5),('2022-07-29 04:41:26',-4.656,5.796,6),('2022-07-29 04:41:48',0.0924,-0.2882,7),('2022-07-29 04:42:10',0.0418,-0.299,8),('2022-07-29 04:54:19',-0.1449,-0.3591,0),('2022-07-29 04:54:40',7.02,-10.675,1),('2022-07-29 04:55:01',-0.0798,-0.2583,2),('2022-07-29 04:55:22',-6.435,-8.91,3),('2022-07-29 04:55:44',-2.397,7.56,4),('2022-07-29 04:56:05',0.799,9.676,5),('2022-07-29 04:56:27',-0.576,2.668,6),('2022-07-29 04:56:48',-0.1617,-0.3058,7),('2022-07-29 04:57:10',-0.1958,-0.1127,8),('2022-07-29 05:09:19',-0.0299,0.1254,0),('2022-07-29 05:09:40',-1.08,-8.174,1),('2022-07-29 05:10:01',0.2603,0.3549,2),('2022-07-29 05:10:23',3.645,6.048,3),('2022-07-29 05:10:44',-3.384,-11.52,4),('2022-07-29 05:11:05',8.131,7.021,5),('2022-07-29 05:11:27',5.472,-8.142,6),('2022-07-29 05:11:49',-0.2226,-0.3014,7),('2022-07-29 05:12:10',0.33,0.1587,8),('2022-07-29 05:24:19',0.0759,0.1577,0),('2022-07-29 05:24:40',-6.255,-10.98,1),('2022-07-29 05:25:02',-0.19,-0.3423,2),('2022-07-29 05:25:23',4.185,7.83,3),('2022-07-29 05:25:44',8.789,5.52,4),('2022-07-29 05:26:06',-4.23,-7.965,5),('2022-07-29 05:26:27',6.384,3.634,6),('2022-07-29 05:26:49',0.3381,-0.3982,7),('2022-07-29 05:27:10',0.2948,-0.4416,8),('2022-07-29 05:39:19',0.1656,0.0095,0),('2022-07-29 05:39:40',-0.72,-0.61,1),('2022-07-29 05:40:02',0.266,0.2562,2),('2022-07-29 05:40:23',8.325,-4.644,3),('2022-07-29 05:40:44',7.05,-9.06,4),('2022-07-29 05:41:06',6.392,-0.118,5),('2022-07-29 05:41:27',-8.4,5.52,6),('2022-07-29 05:41:49',0.2268,-0.2816,7),('2022-07-29 05:42:10',-0.1232,-0.4485,8),('2022-07-29 05:54:20',-0.2346,-0.1501,0),('2022-07-29 05:54:41',0.27,-5.002,1),('2022-07-29 05:55:02',-0.1178,-0.3654,2),('2022-07-29 05:55:23',-6.255,2.538,3),('2022-07-29 05:55:45',7.379,-3.36,4),('2022-07-29 05:56:06',-8.319,2.419,5),('2022-07-29 05:56:27',6.288,7.038,6),('2022-07-29 05:56:49',-0.2793,-0.385,7),('2022-07-29 05:57:11',-0.1694,0.2944,8),('2022-07-29 06:09:20',-0.1242,0.2888,0),('2022-07-29 06:09:41',3.78,2.623,1),('2022-07-29 06:10:02',0.323,0.1344,2),('2022-07-29 06:10:23',1.845,-4.266,3),('2022-07-29 06:10:45',4.465,4.44,4),('2022-07-29 06:11:06',7.379,-4.484,5),('2022-07-29 06:11:28',4.176,-3.91,6),('2022-07-29 06:11:50',0.0063,0.1848,7),('2022-07-29 06:12:11',-0.1826,0.3726,8),('2022-07-29 06:24:20',-0.207,-0.0836,0),('2022-07-29 06:24:41',5.67,-4.88,1),('2022-07-29 06:25:02',-0.3781,-0.0336,2),('2022-07-29 06:25:24',-7.02,-9.828,3),('2022-07-29 06:25:45',-1.081,-3.18,4),('2022-07-29 06:26:06',-8.93,-2.478,5),('2022-07-29 06:26:28',2.352,-3.404,6),('2022-07-29 06:26:50',0.3171,0.0154,7),('2022-07-29 06:27:11',-0.3014,0.092,8),('2022-07-29 06:39:20',-0.0115,-0.2831,0),('2022-07-29 06:39:41',0.945,-4.026,1),('2022-07-29 06:40:03',0.2432,-0.1932,2),('2022-07-29 06:40:24',4.635,-8.316,3),('2022-07-29 06:40:45',0.517,10.38,4),('2022-07-29 06:41:07',2.209,-10.443,5),('2022-07-29 06:41:28',-8.304,7.406,6),('2022-07-29 06:41:50',0.1953,0.0594,7),('2022-07-29 06:42:11',0.2662,-0.2323,8),('2022-07-29 06:54:20',0.3358,0.1995,0),('2022-07-29 06:54:42',-6.66,9.455,1),('2022-07-29 06:55:03',-0.1083,-0.3822,2),('2022-07-29 06:55:24',4.68,-2.754,3),('2022-07-29 06:55:46',-1.739,5.4,4),('2022-07-29 06:56:07',4.794,10.797,5),('2022-07-29 06:56:28',-9.6,4.278,6),('2022-07-29 06:56:50',0.3675,0.2156,7),('2022-07-29 06:57:11',-0.4048,-0.2967,8),('2022-07-29 07:09:21',0.2208,-0.1919,0),('2022-07-29 07:09:42',-7.875,4.819,1),('2022-07-29 07:10:03',-0.0304,0.2772,2),('2022-07-29 07:10:24',8.55,9.72,3),('2022-07-29 07:10:46',6.392,-8.64,4),('2022-07-29 07:11:07',3.619,5.251,5),('2022-07-29 07:11:29',3.072,4.462,6),('2022-07-29 07:11:50',-0.3129,-0.407,7),('2022-07-29 07:12:12',0.2288,0.2162,8),('2022-07-29 07:24:21',-0.2093,-0.1634,0),('2022-07-29 07:24:42',-3.6,-1.342,1),('2022-07-29 07:25:03',-0.3192,0.1869,2),('2022-07-29 07:25:25',-3.735,8.478,3),('2022-07-29 07:25:46',-6.674,3.6,4),('2022-07-29 07:26:07',-7.379,-6.313,5),('2022-07-29 07:26:29',-1.776,2.76,6),('2022-07-29 07:26:51',0.3465,0.198,7),('2022-07-29 07:27:12',0.1914,-0.2162,8),('2022-07-29 07:39:21',0.1748,-0.3382,0),('2022-07-29 07:39:42',-2.25,1.037,1),('2022-07-29 07:40:04',-0.0038,0.0966,2),('2022-07-29 07:40:25',-8.865,-7.506,3),('2022-07-29 07:40:46',0.94,-0.48,4),('2022-07-29 07:41:07',3.478,-11.8,5),('2022-07-29 07:41:29',-4.416,3.956,6),('2022-07-29 07:41:51',-0.3192,-0.3168,7),('2022-07-29 07:42:12',0.363,-0.3059,8),('2022-07-29 07:54:21',-0.1426,-0.3591,0),('2022-07-29 07:54:42',3.42,10.553,1),('2022-07-29 07:55:04',-0.171,0.4011,2),('2022-07-29 07:55:25',4.185,5.886,3),('2022-07-29 07:55:46',-2.115,-6.72,4),('2022-07-29 07:56:08',-3.76,11.21,5),('2022-07-29 07:56:29',3.264,-8.05,6),('2022-07-29 07:56:51',0.2268,0.088,7),('2022-07-29 07:57:12',-0.1716,0.0575,8),('2022-07-29 08:09:21',-0.4163,-0.1862,0),('2022-07-29 08:09:43',-0.27,-0.976,1),('2022-07-29 08:10:04',0.2736,0.1029,2),('2022-07-29 08:10:25',1.62,9.18,3),('2022-07-29 08:10:47',2.397,7.92,4),('2022-07-29 08:11:08',-2.068,-11.269,5),('2022-07-29 08:11:29',3.936,3.68,6),('2022-07-29 08:11:51',-0.0105,0.3542,7),('2022-07-29 08:12:13',-0.4334,0.1748,8),('2022-07-29 08:24:22',-0.1817,0.2793,0),('2022-07-29 08:24:43',0.135,3.538,1),('2022-07-29 08:25:04',-0.2907,0.0063,2),('2022-07-29 08:25:25',5.805,-7.452,3),('2022-07-29 08:25:47',3.666,0.78,4),('2022-07-29 08:26:08',-4.747,-3.599,5),('2022-07-29 08:26:30',-3.504,4.37,6),('2022-07-29 08:26:52',-0.0378,0.396,7),('2022-07-29 08:27:13',-0.132,-0.0713,8),('2022-07-29 08:39:22',-0.2852,-0.1311,0),('2022-07-29 08:39:43',-2.97,8.235,1),('2022-07-29 08:40:04',-0.1995,0.3822,2),('2022-07-29 08:40:26',-8.595,8.316,3),('2022-07-29 08:40:47',-0.799,-3.12,4),('2022-07-29 08:41:08',-7.144,10.856,5),('2022-07-29 08:41:30',0.912,1.196,6),('2022-07-29 08:41:52',0.3759,-0.3784,7),('2022-07-29 08:42:13',-0.4246,0.0299,8),('2022-07-29 08:54:22',-0.0161,0.0076,0),('2022-07-29 08:54:43',0.18,9.028,1),('2022-07-29 08:55:05',0.1843,0.357,2),('2022-07-29 08:55:26',3.645,-5.616,3),('2022-07-29 08:55:47',-9.4,-1.02,4),('2022-07-29 08:56:09',0.705,7.552,5),('2022-07-29 08:56:30',-6.624,-1.932,6),('2022-07-29 08:56:52',-0.21,-0.0462,7),('2022-07-29 08:57:13',-0.3234,-0.4232,8),('2022-07-29 09:09:22',0.3818,0.1178,0),('2022-07-29 09:09:43',-4.14,-1.159,1),('2022-07-29 09:10:05',0.0209,-0.0105,2),('2022-07-29 09:10:26',-8.37,-7.128,3),('2022-07-29 09:10:47',9.118,-11.34,4),('2022-07-29 09:11:09',-0.846,10.856,5),('2022-07-29 09:11:30',1.968,3.496,6),('2022-07-29 09:11:52',-0.294,-0.0066,7),('2022-07-29 09:12:13',-0.1166,-0.0483,8),('2022-07-29 09:24:22',-0.3588,-0.3249,0),('2022-07-29 09:24:44',-0.855,-4.087,1),('2022-07-29 09:25:05',-0.2717,0.0714,2),('2022-07-29 09:25:26',-0.54,-0.216,3),('2022-07-29 09:25:48',0.893,-9.72,4),('2022-07-29 09:26:09',2.397,8.26,5),('2022-07-29 09:26:31',-0.096,-1.242,6),('2022-07-29 09:26:52',0.1029,0.2442,7),('2022-07-29 09:27:14',-0.3762,-0.2093,8),('2022-07-29 09:39:23',0.4301,-0.2546,0),('2022-07-29 09:39:44',-0.63,-9.516,1),('2022-07-29 09:40:05',-0.2774,-0.4095,2),('2022-07-29 09:40:26',3.78,9.612,3),('2022-07-29 09:40:48',4.512,-4.5,4),('2022-07-29 09:41:09',-3.431,9.794,5),('2022-07-29 09:41:31',0.288,-4.784,6),('2022-07-29 09:41:53',0.1995,-0.352,7),('2022-07-29 09:42:14',-0.308,-0.4485,8),('2022-07-29 09:54:23',-0.1863,0.2204,0),('2022-07-29 09:54:44',5.67,-10.553,1),('2022-07-29 09:55:05',0.0988,-0.0924,2),('2022-07-29 09:55:27',-6.255,-0.27,3),('2022-07-29 09:55:48',-0.94,5.58,4),('2022-07-29 09:56:09',1.128,3.953,5),('2022-07-29 09:56:31',8.688,-0.138,6),('2022-07-29 09:56:53',-0.1911,-0.2332,7),('2022-07-29 09:57:14',-0.341,-0.4002,8),('2022-07-29 10:09:23',-0.4163,0.1387,0),('2022-07-29 10:09:44',7.065,1.769,1),('2022-07-29 10:10:06',-0.0437,0.0567,2),('2022-07-29 10:10:27',-6.84,3.24,3),('2022-07-29 10:10:48',7.52,-7.62,4),('2022-07-29 10:11:10',-6.58,-8.968,5),('2022-07-29 10:11:31',-7.968,-4.186,6),('2022-07-29 10:11:53',0.0504,-0.00000000000000405231,7),('2022-07-29 10:12:14',-0.1034,-0.3933,8),('2022-07-29 10:24:23',0.4094,0.0969,0),('2022-07-29 10:24:44',-0.765,8.601,1),('2022-07-29 10:25:06',0.3496,0.1764,2),('2022-07-29 10:25:27',3.69,6.318,3),('2022-07-29 10:25:49',1.739,-7.74,4),('2022-07-29 10:26:10',-4.324,1.062,5),('2022-07-29 10:26:32',1.056,-0.736,6),('2022-07-29 10:26:53',0.1995,-0.2398,7),('2022-07-29 10:27:14',-0.4356,0.3082,8),('2022-07-29 10:39:23',-0.2783,-0.3097,0),('2022-07-29 10:39:45',0.72,-7.625,1),('2022-07-29 10:40:06',-0.3534,0.0105,2),('2022-07-29 10:40:27',-0.72,5.454,3),('2022-07-29 10:40:49',1.034,-5.76,4),('2022-07-29 10:41:10',6.486,-4.779,5),('2022-07-29 10:41:32',3.168,6.072,6),('2022-07-29 10:41:53',-0.3843,-0.4048,7),('2022-07-29 10:42:15',0.1958,-0.2507,8),('2022-07-29 10:54:24',0.3289,0.3648,0),('2022-07-29 10:54:45',4.905,1.708,1),('2022-07-29 10:55:06',0.1463,-0.1428,2),('2022-07-29 10:55:27',3.375,0.216,3),('2022-07-29 10:55:49',-7.332,3.12,4),('2022-07-29 10:56:10',7.99,2.891,5),('2022-07-29 10:56:32',1.248,-5.566,6),('2022-07-29 10:56:54',-0.3003,-0.264,7),('2022-07-29 10:57:15',0.0308,0.1587,8),('2022-07-29 11:09:24',-0.4002,-0.1368,0),('2022-07-29 11:09:45',2.61,-10.004,1),('2022-07-29 11:10:06',0.2964,0.042,2),('2022-07-29 11:10:28',-4.05,7.02,3),('2022-07-29 11:10:49',-7.755,9.12,4),('2022-07-29 11:11:11',-7.379,2.242,5),('2022-07-29 11:11:32',8.16,0.138,6),('2022-07-29 11:11:54',-0.2205,0.0638,7),('2022-07-29 11:12:15',-0.00000000000000405231,-0.276,8),('2022-07-29 11:24:24',-0.2024,-0.3629,0),('2022-07-29 11:24:45',6.3,-1.586,1),('2022-07-29 11:25:07',-0.0703,0.084,2),('2022-07-29 11:25:28',-3.69,6.696,3),('2022-07-29 11:25:49',-7.99,9,4),('2022-07-29 11:26:11',-0.094,-3.54,5),('2022-07-29 11:26:32',-3.936,-7.636,6),('2022-07-29 11:26:54',-0.357,0.3894,7),('2022-07-29 11:27:15',-0.2684,-0.3657,8),('2022-07-29 11:39:24',-0.4462,0.3306,0),('2022-07-29 11:39:46',-6.57,-2.379,1),('2022-07-29 11:40:07',0.1007,0.273,2),('2022-07-29 11:40:28',-5.04,-0.216,3),('2022-07-29 11:40:50',6.815,2.76,4),('2022-07-29 11:41:11',0.329,-5.723,5),('2022-07-29 11:41:33',5.328,-0.46,6),('2022-07-29 11:41:54',0.3654,-0.4246,7),('2022-07-29 11:42:16',-0.3652,0.138,8),('2022-07-29 11:54:25',0.4439,0.2014,0),('2022-07-29 11:54:46',-0.225,8.052,1),('2022-07-29 11:55:07',0.2337,-0.4032,2),('2022-07-29 11:55:28',2.115,-2.376,3),('2022-07-29 11:55:50',-8.93,-4.62,4),('2022-07-29 11:56:11',5.593,8.319,5),('2022-07-29 11:56:33',-2.208,5.336,6),('2022-07-29 11:56:55',0.3108,-0.4026,7),('2022-07-29 11:57:16',0.275,0.4048,8),('2022-07-29 12:09:25',0.1633,0.2698,0),('2022-07-29 12:09:46',1.575,2.562,1),('2022-07-29 12:10:07',0.1976,-0.2436,2),('2022-07-29 12:10:29',-7.47,10.476,3),('2022-07-29 12:10:50',-5.922,-9.24,4),('2022-07-29 12:11:11',8.131,10.856,5),('2022-07-29 12:11:33',7.632,-6.026,6),('2022-07-29 12:11:55',-0.3549,0.077,7),('2022-07-29 12:12:16',-0.4356,0.0184,8),('2022-07-29 12:24:25',0.4508,0.0114,0),('2022-07-29 12:24:46',-3.06,5.734,1),('2022-07-29 12:25:08',0.3534,-0.2499,2),('2022-07-29 12:25:29',-0.45,0.378,3),('2022-07-29 12:25:50',-5.828,10.44,4),('2022-07-29 12:26:12',-8.742,0.295,5),('2022-07-29 12:26:33',5.04,5.704,6),('2022-07-29 12:26:55',-0.3276,-0.2046,7),('2022-07-29 12:27:16',-0.3212,-0.1587,8),('2022-07-29 12:39:25',0.3289,-0.1501,0),('2022-07-29 12:39:46',-8.685,-5.734,1),('2022-07-29 12:40:08',-0.095,-0.1008,2),('2022-07-29 12:40:29',-7.605,6.264,3),('2022-07-29 12:40:50',-6.204,-2.7,4),('2022-07-29 12:41:12',2.632,11.387,5),('2022-07-29 12:41:33',-6.048,7.59,6),('2022-07-29 12:41:55',0.0273,-0.341,7),('2022-07-29 12:42:16',0.242,0.4025,8),('2022-07-29 12:54:25',0.4094,0.3553,0),('2022-07-29 12:54:47',-8.46,-5.246,1),('2022-07-29 12:55:08',-0.2413,-0.3948,2),('2022-07-29 12:55:29',-6.345,-8.64,3),('2022-07-29 12:55:51',-7.661,-9.48,4),('2022-07-29 12:56:12',1.786,4.012,5),('2022-07-29 12:56:34',4.992,-0.368,6),('2022-07-29 12:56:55',-0.1428,-0.0418,7),('2022-07-29 12:57:17',-0.4114,0.0023,8),('2022-07-29 13:09:26',0.115,0.3287,0),('2022-07-29 13:09:47',-7.515,7.686,1),('2022-07-29 13:10:08',-0.2299,0.3885,2),('2022-07-29 13:10:29',-0.315,2.16,3),('2022-07-29 13:10:51',0.846,1.44,4),('2022-07-29 13:11:12',8.836,8.437,5),('2022-07-29 13:11:34',6.048,4.968,6),('2022-07-29 13:11:56',0.3318,-0.0066,7),('2022-07-29 13:12:17',-0.1298,-0.1035,8),('2022-07-29 13:24:26',-0.2645,0.095,0),('2022-07-29 13:24:47',0.36,-4.941,1),('2022-07-29 13:25:08',-0.1577,-0.2688,2),('2022-07-29 13:25:30',-1.71,-5.346,3),('2022-07-29 13:25:51',-6.862,3.3,4),('2022-07-29 13:26:12',8.46,3.363,5),('2022-07-29 13:26:34',3.072,-3.22,6),('2022-07-29 13:26:56',0.1995,0.2618,7),('2022-07-29 13:27:17',0.3366,-0.0046,8),('2022-07-29 13:39:26',0.0874,0.3477,0),('2022-07-29 13:39:47',-6.705,11.712,1),('2022-07-29 13:40:09',-0.3344,0.2898,2),('2022-07-29 13:40:30',-6.75,3.024,3),('2022-07-29 13:40:51',6.486,-1.86,4),('2022-07-29 13:41:13',-0.846,11.564,5),('2022-07-29 13:41:34',0.528,8.97,6),('2022-07-29 13:41:56',-0.21,0.2002,7),('2022-07-29 13:42:17',-0.2332,0.391,8),('2022-07-29 13:54:26',-0.069,-0.3762,0),('2022-07-29 13:54:47',-4.905,-1.708,1),('2022-07-29 13:55:09',0.3762,-0.2457,2),('2022-07-29 13:55:30',4.725,-3.51,3),('2022-07-29 13:55:51',0.188,-11.1,4),('2022-07-29 13:56:13',5.593,10.384,5),('2022-07-29 13:56:35',5.472,-5.98,6),('2022-07-29 13:56:56',0.1008,0.1276,7),('2022-07-29 13:57:17',-0.0374,-0.4531,8),('2022-07-29 14:09:26',0.1357,0.0114,0),('2022-07-29 14:09:48',7.47,9.394,1),('2022-07-29 14:10:09',-0.2299,0.3318,2),('2022-07-29 14:10:30',5.85,4.806,3),('2022-07-29 14:10:52',8.695,5.04,4),('2022-07-29 14:11:13',7.097,-3.422,5),('2022-07-29 14:11:35',6.72,-0.184,6),('2022-07-29 14:11:56',0.3213,0.4246,7),('2022-07-29 14:12:18',-0.3454,0.3979,8),('2022-07-29 14:24:27',-0.0161,-0.0741,0),('2022-07-29 14:24:48',2.88,-11.712,1),('2022-07-29 14:25:09',0.19,-0.3927,2),('2022-07-29 14:25:30',0.09,9.666,3),('2022-07-29 14:25:52',-5.358,-2.4,4),('2022-07-29 14:26:13',4.559,-3.009,5),('2022-07-29 14:26:35',-8.304,2.622,6),('2022-07-29 14:26:57',0.0126,-0.3784,7),('2022-07-29 14:27:18',0.4356,-0.0897,8),('2022-07-29 14:39:27',0.2208,0.2926,0),('2022-07-29 14:39:48',-0.405,-7.747,1),('2022-07-29 14:40:09',-0.2337,-0.2814,2),('2022-07-29 14:40:31',-8.055,-8.64,3),('2022-07-29 14:40:52',7.473,-8.04,4),('2022-07-29 14:41:14',-2.82,3.186,5),('2022-07-29 14:41:35',4.608,0.598,6),('2022-07-29 14:41:57',-0.0756,-0.033,7),('2022-07-29 14:42:18',0.1606,0.2484,8),('2022-07-29 14:54:27',0.0621,0.2508,0),('2022-07-29 14:54:48',-0.0000000000000142109,2.135,1),('2022-07-29 14:55:10',-0.2755,0.0357,2),('2022-07-29 14:55:31',-1.35,-4.752,3),('2022-07-29 14:55:52',8.366,-6.9,4),('2022-07-29 14:56:14',-3.854,7.021,5),('2022-07-29 14:56:35',-5.856,6.992,6),('2022-07-29 14:56:57',-0.1071,-0.1342,7),('2022-07-29 14:57:18',-0.4224,0.4117,8),('2022-07-29 15:09:27',0.0897,-0.019,0),('2022-07-29 15:09:49',1.35,-6.649,1),('2022-07-29 15:10:10',0.1596,0.2499,2),('2022-07-29 15:10:31',4.185,2.052,3),('2022-07-29 15:10:53',-5.264,0.9,4),('2022-07-29 15:11:14',3.807,5.133,5),('2022-07-29 15:11:36',0.48,3.036,6),('2022-07-29 15:11:57',0.3507,0.1408,7),('2022-07-29 15:12:18',0.3542,-0.1219,8),('2022-07-29 15:24:28',0.0736,0.2774,0),('2022-07-29 15:24:49',3.915,3.416,1),('2022-07-29 15:25:10',0.1881,-0.0504,2),('2022-07-29 15:25:31',-6.93,-9.018,3),('2022-07-29 15:25:53',-4.559,-9.18,4),('2022-07-29 15:26:14',4.7,-7.847,5),('2022-07-29 15:26:36',1.824,1.15,6),('2022-07-29 15:26:57',-0.3423,0.1012,7),('2022-07-29 15:27:19',0.4092,0.0046,8),('2022-07-29 15:39:28',0.1541,0.3116,0),('2022-07-29 15:39:49',-6.84,-10.797,1),('2022-07-29 15:40:10',-0.3249,-0.168,2),('2022-07-29 15:40:32',2.655,-0.216,3),('2022-07-29 15:40:53',1.927,10.86,4),('2022-07-29 15:41:14',-8.93,-9.145,5),('2022-07-29 15:41:36',6.96,-6.854,6),('2022-07-29 15:41:58',-0.0399,-0.1254,7),('2022-07-29 15:42:19',-0.4092,0.3174,8),('2022-07-29 15:54:28',-0.1656,0.1216,0),('2022-07-29 15:54:49',6.165,7.686,1),('2022-07-29 15:55:10',-0.0513,0.252,2),('2022-07-29 15:55:32',1.755,8.694,3),('2022-07-29 15:55:53',8.319,2.34,4),('2022-07-29 15:56:15',6.815,10.207,5),('2022-07-29 15:56:36',-1.872,-1.702,6),('2022-07-29 15:56:58',-0.0336,-0.0264,7),('2022-07-29 15:57:19',-0.0396,0.0046,8),('2022-07-29 16:09:28',-0.0138,0.0988,0),('2022-07-29 16:09:49',-0.315,-0.549,1),('2022-07-29 16:10:11',-0.038,0.399,2),('2022-07-29 16:10:32',-5.58,-5.184,3),('2022-07-29 16:10:53',1.363,-8.58,4),('2022-07-29 16:11:15',1.645,0.767,5),('2022-07-29 16:11:36',5.664,5.888,6),('2022-07-29 16:11:58',0.1911,0.2794,7),('2022-07-29 16:12:19',0.1342,0.2645,8),('2022-07-29 16:24:28',0.184,-0.1938,0),('2022-07-29 16:24:50',-3.15,10.431,1),('2022-07-29 16:25:11',-0.209,-0.147,2),('2022-07-29 16:25:32',-6.57,-10.53,3),('2022-07-29 16:25:54',-9.306,-1.74,4),('2022-07-29 16:26:15',-2.35,-1.357,5),('2022-07-29 16:26:37',-7.488,1.518,6),('2022-07-29 16:26:58',-0.1848,0.088,7),('2022-07-29 16:27:20',-0.2816,0.299,8),('2022-07-29 16:39:29',0.0023,0.3173,0),('2022-07-29 16:39:50',8.82,-7.808,1),('2022-07-29 16:40:11',0.2109,0.2247,2),('2022-07-29 16:40:32',-7.425,-0.378,3),('2022-07-29 16:40:54',7.332,-8.1,4),('2022-07-29 16:41:15',-2.585,-2.36,5),('2022-07-29 16:41:37',-7.44,3.588,6),('2022-07-29 16:41:59',0.0714,-0.4092,7),('2022-07-29 16:42:20',0.0924,0.2668,8),('2022-07-29 16:54:29',-0.0276,-0.2888,0),('2022-07-29 16:54:50',-7.155,2.806,1),('2022-07-29 16:55:11',0.2451,-0.1428,2),('2022-07-29 16:55:33',3.33,10.692,3),('2022-07-29 16:55:54',-9.165,3.42,4),('2022-07-29 16:56:15',-8.742,11.623,5),('2022-07-29 16:56:37',-6.912,4.508,6),('2022-07-29 16:56:59',-0.2772,-0.2442,7),('2022-07-29 16:57:20',0.4246,0.0483,8),('2022-07-29 17:09:29',0.2047,0.1292,0),('2022-07-29 17:09:50',-3.105,4.514,1),('2022-07-29 17:10:12',0.1957,-0.147,2),('2022-07-29 17:10:33',-6.3,0.0000000000000532907,3),('2022-07-29 17:10:54',9.259,6.3,4),('2022-07-29 17:11:16',2.35,9.912,5),('2022-07-29 17:11:37',-2.448,9.062,6),('2022-07-29 17:11:59',-0.1323,-0.4334,7),('2022-07-29 17:12:20',-0.0176,-0.0276,8),('2022-07-29 17:24:29',-0.4439,-0.342,0),('2022-07-29 17:24:50',4.41,-2.013,1),('2022-07-29 17:25:12',-0.2299,-0.2793,2),('2022-07-29 17:25:33',5.04,-2.214,3),('2022-07-29 17:25:54',-4.277,11.1,4),('2022-07-29 17:26:16',-8.648,3.068,5),('2022-07-29 17:26:38',-6.192,1.978,6),('2022-07-29 17:26:59',0.1575,0.176,7),('2022-07-29 17:27:20',-0.352,-0.1035,8),('2022-07-29 17:39:29',-0.4577,-0.3648,0),('2022-07-29 17:39:51',-0.225,-3.538,1),('2022-07-29 17:40:12',-0.2014,-0.2856,2),('2022-07-29 17:40:33',6.3,-5.832,3),('2022-07-29 17:40:55',-2.585,-4.44,4),('2022-07-29 17:41:16',8.601,-2.773,5),('2022-07-29 17:41:38',9.264,-8.786,6),('2022-07-29 17:41:59',0.3465,0.4268,7),('2022-07-29 17:42:21',-0.121,0.2254,8),('2022-07-29 17:54:30',0.00000000000000482947,0.1235,0),('2022-07-29 17:54:51',4.23,-6.832,1),('2022-07-29 17:55:12',-0.1938,-0.1596,2),('2022-07-29 17:55:33',-3.24,8.154,3),('2022-07-29 17:55:55',-1.269,11.88,4),('2022-07-29 17:56:16',-3.243,-4.897,5),('2022-07-29 17:56:38',6.48,0.138,6),('2022-07-29 17:57:00',0.3738,-0.1452,7),('2022-07-29 17:57:21',-0.3762,-0.3036,8),('2022-07-29 18:09:30',0.115,0.1311,0),('2022-07-29 18:09:51',-3.735,-1.83,1),('2022-07-29 18:10:12',0.3762,0.2478,2),('2022-07-29 18:10:34',-6.12,-6.912,3),('2022-07-29 18:10:55',6.345,4.26,4),('2022-07-29 18:11:17',-7.285,-0.413,5),('2022-07-29 18:11:38',-2.304,5.198,6),('2022-07-29 18:12:00',-0.3234,-0.1584,7),('2022-07-29 18:12:21',-0.2662,0.4071,8),('2022-07-29 18:24:30',-0.4439,0.1007,0),('2022-07-29 18:24:51',-1.305,11.529,1),('2022-07-29 18:25:13',-0.3762,-0.0336,2),('2022-07-29 18:25:34',-0.54,2.376,3),('2022-07-29 18:25:55',6.721,2.16,4),('2022-07-29 18:26:17',8.178,5.782,5),('2022-07-29 18:26:38',9.168,4.094,6),('2022-07-29 18:27:00',0.0819,0.0968,7),('2022-07-29 18:27:21',-0.341,-0.1702,8),('2022-07-29 18:39:30',0.2737,0.3705,0),('2022-07-29 18:39:52',4.14,9.821,1),('2022-07-29 18:40:13',0.0304,-0.3423,2),('2022-07-29 18:40:34',-8.325,-0.81,3),('2022-07-29 18:40:56',-0.611,2.34,4),('2022-07-29 18:41:17',-3.29,-7.08,5),('2022-07-29 18:41:39',4.416,6.578,6),('2022-07-29 18:42:00',0.336,-0.3806,7),('2022-07-29 18:42:22',0.0132,-0.3197,8),('2022-07-29 18:54:30',-0.2829,-0.0798,0),('2022-07-29 18:54:52',-8.46,10.187,1),('2022-07-29 18:55:13',-0.0285,0.0105,2),('2022-07-29 18:55:34',6.615,-2.97,3),('2022-07-29 18:55:56',-6.533,0.06,4),('2022-07-29 18:56:17',6.721,-2.95,5),('2022-07-29 18:56:39',3.408,-5.474,6),('2022-07-29 18:57:00',-0.3528,-0.319,7),('2022-07-29 18:57:22',-0.0836,-0.1173,8),('2022-07-29 19:09:31',-0.1472,0.0247,0),('2022-07-29 19:09:52',8.595,0.244,1),('2022-07-29 19:10:13',-0.3306,-0.231,2),('2022-07-29 19:10:34',5.22,-9.072,3),('2022-07-29 19:10:56',1.034,7.32,4),('2022-07-29 19:11:17',5.546,8.142,5),('2022-07-29 19:11:39',6.96,-0.138,6),('2022-07-29 19:12:01',0.3549,0.1694,7),('2022-07-29 19:12:22',-0.33,-0.161,8),('2022-07-29 19:24:31',0.3726,-0.228,0),('2022-07-29 19:24:52',-4.5,-11.224,1),('2022-07-29 19:25:13',0.2603,0.2289,2),('2022-07-29 19:25:35',-4.68,-5.13,3),('2022-07-29 19:25:56',4.935,-6,4),('2022-07-29 19:26:18',-2.961,9.086,5),('2022-07-29 19:26:39',-2.448,-1.61,6),('2022-07-29 19:27:01',0.21,-0.1056,7),('2022-07-29 19:27:22',0.1034,-0.115,8);
/*!40000 ALTER TABLE `Registrazione2D` ENABLE KEYS */;
UNLOCK TABLES;
/*!50003 SET @saved_cs_client      = @@character_set_client */ ;
/*!50003 SET @saved_cs_results     = @@character_set_results */ ;
/*!50003 SET @saved_col_connection = @@collation_connection */ ;
/*!50003 SET character_set_client  = utf8mb4 */ ;
/*!50003 SET character_set_results = utf8mb4 */ ;
/*!50003 SET collation_connection  = utf8mb4_0900_ai_ci */ ;
/*!50003 SET @saved_sql_mode       = @@sql_mode */ ;
/*!50003 SET sql_mode              = 'ONLY_FULL_GROUP_BY,STRICT_TRANS_TABLES,NO_ZERO_IN_DATE,NO_ZERO_DATE,ERROR_FOR_DIVISION_BY_ZERO,NO_ENGINE_SUBSTITUTION' */ ;
DELIMITER ;;
/*!50003 CREATE*/ /*!50017 DEFINER=`remoteroot`@`%`*/ /*!50003 TRIGGER `set_alert2D` AFTER INSERT ON `Registrazione2D` FOR EACH ROW BEGIN
	DECLARE valore_soglia_x FLOAT DEFAULT 0;
    DECLARE valore_soglia_y FLOAT DEFAULT 0;
	DECLARE valore_ins_x FLOAT DEFAULT NULL;
    DECLARE valore_ins_y FLOAT DEFAULT NULL;
    SELECT SogliaX, SogliaY INTO valore_soglia_x, valore_soglia_y
    FROM Sensore2D
    WHERE CodiceSensore = NEW.CodiceSensore;
    IF(NEW.ValoreX >= valore_soglia_x) THEN
			SET valore_ins_x = ABS((NEW.ValoreX / valore_soglia_x) - 1);
	END IF;
    IF(NEW.ValoreY >= valore_soglia_y) THEN
			SET valore_ins_y = ABS((NEW.ValoreY / valore_soglia_y) - 1);
	END IF;
	IF NEW.ValoreX >= valore_soglia_x OR NEW.ValoreY >= valore_soglia_y  THEN
		INSERT INTO Alert2D(CodiceSensore, Timestamp, ScostamentoX, ScostamentoY)
        SELECT R2D.CodiceSensore, R2D.Timestamp, IfNull(valore_ins_x, 0), IfNull(valore_ins_y,0)
		FROM Registrazione2D R2D
		WHERE R2D.CodiceSensore = NEW.CodiceSensore AND R2D.Timestamp = NEW.Timestamp;
	END IF;
END */;;
DELIMITER ;
/*!50003 SET sql_mode              = @saved_sql_mode */ ;
/*!50003 SET character_set_client  = @saved_cs_client */ ;
/*!50003 SET character_set_results = @saved_cs_results */ ;
/*!50003 SET collation_connection  = @saved_col_connection */ ;

--
-- Table structure for table `Registrazione3D`
--

DROP TABLE IF EXISTS `Registrazione3D`;
/*!40101 SET @saved_cs_client     = @@character_set_client */;
/*!50503 SET character_set_client = utf8mb4 */;
CREATE TABLE `Registrazione3D` (
  `Timestamp` timestamp NOT NULL DEFAULT CURRENT_TIMESTAMP,
  `ValoreX` float NOT NULL,
  `ValoreY` float NOT NULL,
  `ValoreZ` float NOT NULL,
  `CodiceSensore` int unsigned NOT NULL,
  PRIMARY KEY (`Timestamp`,`CodiceSensore`),
  KEY `fk_Registrazione3D_Sensore3D1_idx` (`CodiceSensore`),
  CONSTRAINT `fk_Registrazione3D_Sensore3D1` FOREIGN KEY (`CodiceSensore`) REFERENCES `Sensore3D` (`CodiceSensore`)
) ENGINE=InnoDB DEFAULT CHARSET=utf8mb4 COLLATE=utf8mb4_0900_ai_ci;
/*!40101 SET character_set_client = @saved_cs_client */;

--
-- Dumping data for table `Registrazione3D`
--

LOCK TABLES `Registrazione3D` WRITE;
/*!40000 ALTER TABLE `Registrazione3D` DISABLE KEYS */;
INSERT INTO `Registrazione3D` VALUES ('2022-07-28 18:43:41',0.011,-0.3477,0.2478,0),('2022-07-28 18:44:02',-0.75,-0.952,-3.743,1),('2022-07-28 18:44:24',0.485,-0.2728,-0.192,2),('2022-07-28 18:44:45',0.731,-1.28,-2.001,3),('2022-07-28 18:45:06',-0.2983,-0.3519,0.1029,4),('2022-07-28 18:45:27',0.28575,0.2751,-0.2805,5),('2022-07-28 18:45:49',-3.504,-0.6757,-0.216,6),('2022-07-28 18:46:10',-4.163,0.696,0.378,7),('2022-07-28 18:58:42',-0.374,-0.0988,-0.0322,0),('2022-07-28 18:59:03',4.075,2.548,1.102,1),('2022-07-28 18:59:24',-0.2275,0.0308,0.3552,2),('2022-07-28 18:59:45',0.527,2.36,2.691,3),('2022-07-28 19:00:06',-0.0152,0.1702,0.2814,4),('2022-07-28 19:00:27',-0.31725,0.0525,-0.00000000000000416334,5),('2022-07-28 19:00:49',0.888,-2.9824,4.833,6),('2022-07-28 19:01:10',-3.013,-4.32,-1.092,7),('2022-07-28 19:13:42',-0.3872,-0.2793,0.0714,0),('2022-07-28 19:14:03',4.75,1.876,2.413,1),('2022-07-28 19:14:25',-0.35,0.1914,-0.4752,2),('2022-07-28 19:14:46',1.598,2.16,-3.427,3),('2022-07-28 19:15:07',-0.1691,-0.3312,-0.21,4),('2022-07-28 19:15:28',0.378,-0.4095,0.2856,5),('2022-07-28 19:15:49',3.6,1.2116,0.324,6),('2022-07-28 19:16:10',-1.702,-3.696,2.688,7),('2022-07-28 19:28:42',0.2464,-0.3078,0.0854,0),('2022-07-28 19:29:03',-1.125,-4.536,-1.33,1),('2022-07-28 19:29:25',-0.08,0.4246,0.348,2),('2022-07-28 19:29:46',0.102,-3.84,-1.15,3),('2022-07-28 19:30:07',0.3344,-0.3358,-0.2625,4),('2022-07-28 19:30:28',0.4005,-0.294,-0.2329,5),('2022-07-28 19:30:49',0.984,2.9824,-2.781,6),('2022-07-28 19:31:10',-2.737,3.912,-2.037,7),('2022-07-28 19:43:42',-0.2618,0.2869,-0.1022,0),('2022-07-28 19:44:03',4.375,-0.504,-3.344,1),('2022-07-28 19:44:25',0.01,-0.055,-0.2976,2),('2022-07-28 19:44:46',-3.366,0.82,2.53,3),('2022-07-28 19:45:07',0.2356,0.2806,-0.0504,4),('2022-07-28 19:45:28',-0.13725,-0.0462,-0.3247,5),('2022-07-28 19:45:49',-3.936,-3.7047,1.485,6),('2022-07-28 19:46:10',1.909,4.032,3.318,7),('2022-07-28 19:58:43',0.0638,0.0684,0.1316,0),('2022-07-28 19:59:03',-3.25,4.956,-1.957,1),('2022-07-28 19:59:25',0.0875,0.4246,-0.468,2),('2022-07-28 19:59:46',-2.04,-3.84,-2.185,3),('2022-07-28 20:00:07',-0.1919,-0.4577,-0.3297,4),('2022-07-28 20:00:28',0.42075,0.1722,-0.0697,5),('2022-07-28 20:00:50',2.976,-0.699,-5.184,6),('2022-07-28 20:01:11',0.322,-3.312,-1.596,7),('2022-07-28 20:13:43',-0.2794,0.0228,-0.2786,0),('2022-07-28 20:14:04',-3.075,2.828,-2.774,1),('2022-07-28 20:14:25',-0.4325,-0.1188,-0.3264,2),('2022-07-28 20:14:46',-0.323,1.96,3.542,3),('2022-07-28 20:15:07',-0.0684,-0.1495,-0.3444,4),('2022-07-28 20:15:28',0.35775,-0.4137,-0.1972,5),('2022-07-28 20:15:50',3.216,2.4465,-0.945,6),('2022-07-28 20:16:11',-2.3,-3.768,2.058,7),('2022-07-28 20:28:43',0.0418,0.1615,-0.021,0),('2022-07-28 20:29:04',4.625,-3.864,-2.166,1),('2022-07-28 20:29:26',0.48,-0.0176,-0.456,2),('2022-07-28 20:29:47',-2.686,2.52,-3.059,3),('2022-07-28 20:30:08',0.1026,0.0322,0.3003,4),('2022-07-28 20:30:29',0.4365,-0.0735,-0.1054,5),('2022-07-28 20:30:50',-0.696,0.3961,-1.701,6),('2022-07-28 20:31:11',4.531,-1.848,2.583,7),('2022-07-28 20:43:43',-0.165,-0.2736,0.2058,0),('2022-07-28 20:44:04',4.15,2.912,-1.159,1),('2022-07-28 20:44:26',-0.1575,-0.286,0.0648,2),('2022-07-28 20:44:47',0.952,-0.72,-1.909,3),('2022-07-28 20:45:08',0.0266,-0.0207,-0.1113,4),('2022-07-28 20:45:29',0.2655,-0.1239,0.3383,5),('2022-07-28 20:45:50',2.136,-1.398,4.563,6),('2022-07-28 20:46:11',-0.644,-3.528,1.008,7),('2022-07-28 20:58:43',-0.2376,-0.0209,0.2338,0),('2022-07-28 20:59:04',0.85,5.04,-0.931,1),('2022-07-28 20:59:26',-0.3525,0.2948,0.2616,2),('2022-07-28 20:59:47',2.363,-2.18,0.92,3),('2022-07-28 21:00:08',-0.3344,0.1058,-0.3654,4),('2022-07-28 21:00:29',0.2655,0.3213,0.2193,5),('2022-07-28 21:00:50',3.528,1.0485,0.459,6),('2022-07-28 21:01:11',-0.437,-2.472,-0.651,7),('2022-07-28 21:13:44',-0.1408,0.2033,0.1064,0),('2022-07-28 21:14:04',-2.575,-3.332,-0.152,1),('2022-07-28 21:14:26',0.2325,-0.1628,0.156,2),('2022-07-28 21:14:47',-1.632,-3.2,0.667,3),('2022-07-28 21:15:08',0.2261,-0.1748,-0.0168,4),('2022-07-28 21:15:29',-0.14175,-0.2625,0.2465,5),('2022-07-28 21:15:51',-4.416,-4.5668,-2.268,6),('2022-07-28 21:16:12',-2.668,-4.224,1.827,7),('2022-07-28 21:28:44',-0.385,0.3477,0.0224,0),('2022-07-28 21:29:05',1.85,1.904,0.418,1),('2022-07-28 21:29:26',-0.13,0.0198,-0.2952,2),('2022-07-28 21:29:47',1.343,2.94,0.276,3),('2022-07-28 21:30:09',-0.0912,-0.23,-0.0546,4),('2022-07-28 21:30:30',-0.27,-0.0273,0.0595,5),('2022-07-28 21:30:51',2.64,-0.6757,0.162,6),('2022-07-28 21:31:12',4.508,-0.672,-3.99,7),('2022-07-28 21:43:44',-0.2024,0.2375,0.0252,0),('2022-07-28 21:44:05',-3.425,0.896,-3.477,1),('2022-07-28 21:44:27',0.1075,0.3718,0.2352,2),('2022-07-28 21:44:48',-2.941,0.86,-0.897,3),('2022-07-28 21:45:09',-0.1786,-0.1081,-0.2373,4),('2022-07-28 21:45:30',0.29025,-0.4158,-0.0731,5),('2022-07-28 21:45:51',-4.416,3.961,-0.459,6),('2022-07-28 21:46:12',-1.242,1.272,-2.226,7),('2022-07-28 21:58:44',-0.2156,0.0076,0.0518,0),('2022-07-28 21:59:05',-4.875,0.504,-1.577,1),('2022-07-28 21:59:27',0.225,0.4334,-0.1848,2),('2022-07-28 21:59:48',1.054,3.24,4.462,3),('2022-07-28 22:00:09',-0.0741,-0.3772,-0.4179,4),('2022-07-28 22:00:30',0.42075,0.378,0.2159,5),('2022-07-28 22:00:51',-1.008,2.3533,-4.158,6),('2022-07-28 22:01:12',-3.243,-0.768,0.567,7),('2022-07-28 22:13:44',-0.3938,-0.3059,-0.133,0),('2022-07-28 22:14:05',4.85,-3.304,-0.209,1),('2022-07-28 22:14:27',0.05,-0.0154,0.3768,2),('2022-07-28 22:14:48',0.425,-2.78,0.621,3),('2022-07-28 22:15:09',0.2983,0.3243,0.3948,4),('2022-07-28 22:15:30',0.0225,0.1638,-0.0391,5),('2022-07-28 22:15:51',-3.552,0.7223,1.242,6),('2022-07-28 22:16:12',0.46,-4.032,4.095,7),('2022-07-28 22:28:45',-0.0726,-0.304,0.2002,0),('2022-07-28 22:29:05',3.875,-2.436,-3.401,1),('2022-07-28 22:29:27',-0.15,0.1694,-0.0576,2),('2022-07-28 22:29:48',-2.958,3.66,0.506,3),('2022-07-28 22:30:09',0.0456,0.3243,-0.1869,4),('2022-07-28 22:30:30',-0.18675,0.0168,-0.1207,5),('2022-07-28 22:30:52',-4.704,-4.1707,2.97,6),('2022-07-28 22:31:13',4.117,0.528,-0.756,7),('2022-07-28 22:43:45',0.2508,-0.0532,-0.0322,0),('2022-07-28 22:44:06',2.65,4.816,1.919,1),('2022-07-28 22:44:27',0.0425,-0.2618,0.0144,2),('2022-07-28 22:44:49',2.193,1.1,0.851,3),('2022-07-28 22:45:10',0.1273,0.2392,0.2205,4),('2022-07-28 22:45:31',-0.08325,0.2436,0.2414,5),('2022-07-28 22:45:52',3.96,4.2406,-0.783,6),('2022-07-28 22:46:13',-2.093,4.56,2.877,7),('2022-07-28 22:58:45',0.0506,-0.2755,0.1344,0),('2022-07-28 22:59:06',1.85,2.52,-3.61,1),('2022-07-28 22:59:28',0.36,-0.418,-0.24,2),('2022-07-28 22:59:49',3.332,3.86,-1.426,3),('2022-07-28 23:00:10',0.0836,-0.2047,-0.0042,4),('2022-07-28 23:00:31',-0.41625,-0.2877,-0.0153,5),('2022-07-28 23:00:52',1.68,3.6581,2.862,6),('2022-07-28 23:01:13',-1.725,2.136,3.402,7),('2022-07-28 23:13:45',0.1584,0.1767,-0.1568,0),('2022-07-28 23:14:06',4.35,4.872,-1.045,1),('2022-07-28 23:14:28',-0.0075,0.2354,-0.024,2),('2022-07-28 23:14:49',-2.618,1.1,-3.381,3),('2022-07-28 23:15:10',0.3401,-0.4554,-0.2457,4),('2022-07-28 23:15:31',0.135,-0.336,0.0017,5),('2022-07-28 23:15:52',-3.624,3.9144,-2.322,6),('2022-07-28 23:16:13',-2.53,-0.12,-1.617,7),('2022-07-28 23:28:45',0.3454,-0.3287,0.1722,0),('2022-07-28 23:29:06',-4.675,3.472,-0.931,1),('2022-07-28 23:29:28',-0.15,0.2508,0.0192,2),('2022-07-28 23:29:49',1.819,-2.28,-1.472,3),('2022-07-28 23:30:10',0.3762,0.0184,-0.3717,4),('2022-07-28 23:30:31',-0.20025,-0.2163,0.2618,5),('2022-07-28 23:30:53',-0.312,0.2563,2.619,6),('2022-07-28 23:31:14',-2.967,0.96,0.21,7),('2022-07-28 23:43:46',0.3366,-0.1957,0.2772,0),('2022-07-28 23:44:07',-1.85,4.676,2.299,1),('2022-07-28 23:44:28',0.455,0.1144,0.0024,2),('2022-07-28 23:44:49',-2.023,-3.32,0.943,3),('2022-07-28 23:45:10',0.2185,-0.46,-0.3885,4),('2022-07-28 23:45:31',-0.26325,0.1659,0.0051,5),('2022-07-28 23:45:53',-0.48,1.5145,4.077,6),('2022-07-28 23:46:14',-4.393,-0.264,2.835,7),('2022-07-28 23:58:46',0.011,-0.1159,-0.0252,0),('2022-07-28 23:59:07',3.55,2.268,0.589,1),('2022-07-28 23:59:29',0.03,-0.3168,-0.396,2),('2022-07-28 23:59:50',-1.36,-3.6,3.266,3),('2022-07-29 00:00:11',0.1881,0.1817,-0.2415,4),('2022-07-29 00:00:32',-0.126,0.1323,-0.1377,5),('2022-07-29 00:00:53',1.992,-3.3785,-3.375,6),('2022-07-29 00:01:14',-3.404,1.128,-1.911,7),('2022-07-29 00:13:46',0.2508,-0.0171,0.0882,0),('2022-07-29 00:14:07',-4.1,2.66,-2.489,1),('2022-07-29 00:14:29',-0.1825,0.374,-0.0336,2),('2022-07-29 00:14:50',2.907,0.18,0.437,3),('2022-07-29 00:15:11',0.0798,0.0391,-0.3696,4),('2022-07-29 00:15:32',-0.207,0.2163,0.102,5),('2022-07-29 00:15:53',1.752,-1.7242,2.268,6),('2022-07-29 00:16:14',0.759,3.504,-1.344,7),('2022-07-29 00:28:46',0.3014,0.1159,-0.2156,0),('2022-07-29 00:29:07',3.425,0.644,-0.133,1),('2022-07-29 00:29:29',-0.0075,-0.3674,0.4152,2),('2022-07-29 00:29:50',-1.972,3.36,1.081,3),('2022-07-29 00:30:11',0.0152,0.2806,-0.2772,4),('2022-07-29 00:30:32',-0.1755,0.1701,-0.0578,5),('2022-07-29 00:30:53',4.536,-0.1864,-0.243,6),('2022-07-29 00:31:14',-4.485,1.152,-1.659,7),('2022-07-29 00:43:46',0.3982,-0.2261,0.1386,0),('2022-07-29 00:44:07',4.15,-2.94,-1.824,1),('2022-07-29 00:44:29',-0.165,0.3366,-0.3216,2),('2022-07-29 00:44:50',3.366,-0.04,-2.254,3),('2022-07-29 00:45:11',0.1919,0.3082,0.3927,4),('2022-07-29 00:45:32',-0.05625,0.0756,-0.1632,5),('2022-07-29 00:45:54',-3.024,-2.8193,-4.266,6),('2022-07-29 00:46:15',-2.553,-2.592,-2.898,7),('2022-07-29 00:58:47',-0.374,0.0019,0.2632,0),('2022-07-29 00:59:08',-3.225,-2.548,-1.995,1),('2022-07-29 00:59:29',0.17,-0.0352,-0.0912,2),('2022-07-29 00:59:50',1.938,2.74,4.301,3),('2022-07-29 01:00:11',0.1444,0.1541,0.2268,4),('2022-07-29 01:00:33',-0.25875,0.0525,0.2737,5),('2022-07-29 01:00:54',-0.864,1.4446,-1.323,6),('2022-07-29 01:01:15',2.944,-2.496,3.066,7),('2022-07-29 01:13:47',0.374,0.1539,-0.147,0),('2022-07-29 01:14:08',1.025,-4.256,3.458,1),('2022-07-29 01:14:30',0.0975,0.4048,-0.3408,2),('2022-07-29 01:14:51',1.989,0.78,-4.071,3),('2022-07-29 01:15:12',0.0893,0.00000000000000482947,0.0588,4),('2022-07-29 01:15:33',0.38925,0.0567,-0.0357,5),('2022-07-29 01:15:54',-1.392,0.8854,-0.756,6),('2022-07-29 01:16:15',3.818,-0.168,-0.147,7),('2022-07-29 01:28:47',0.3278,0.2527,0.1848,0),('2022-07-29 01:29:08',-4.95,2.744,2.812,1),('2022-07-29 01:29:30',-0.02,-0.0968,0.096,2),('2022-07-29 01:29:51',1.36,-3.52,-0.092,3),('2022-07-29 01:30:12',0.1862,0.3128,-0.336,4),('2022-07-29 01:30:33',0.35775,-0.3276,0.3026,5),('2022-07-29 01:30:54',-2.04,2.3533,4.185,6),('2022-07-29 01:31:15',3.772,-3.216,-3.717,7),('2022-07-29 01:43:47',-0.4158,-0.0836,-0.0448,0),('2022-07-29 01:44:08',-4.1,-0.392,3.002,1),('2022-07-29 01:44:30',0.305,-0.11,0.1848,2),('2022-07-29 01:44:51',-0.493,1,3.45,3),('2022-07-29 01:45:12',-0.3097,-0.0046,-0.2079,4),('2022-07-29 01:45:33',0.3105,-0.378,-0.2278,5),('2022-07-29 01:45:54',-2.16,0.5359,4.509,6),('2022-07-29 01:46:15',-4.209,-1.56,0.546,7),('2022-07-29 01:58:48',0.4246,-0.1482,0.1666,0),('2022-07-29 01:59:08',3.875,-1.176,-1.843,1),('2022-07-29 01:59:30',0.205,-0.3102,-0.2016,2),('2022-07-29 01:59:51',-2.482,3.1,-3.611,3),('2022-07-29 02:00:12',-0.0912,0.023,0.2562,4),('2022-07-29 02:00:33',-0.24525,0.1302,-0.1989,5),('2022-07-29 02:00:55',-3.168,3.4717,3.159,6),('2022-07-29 02:01:16',2.553,1.512,0.861,7),('2022-07-29 02:13:48',-0.0638,-0.1159,0.1862,0),('2022-07-29 02:14:09',0.15,-5.208,2.603,1),('2022-07-29 02:14:30',-0.1225,0.3102,-0.4416,2),('2022-07-29 02:14:51',1.734,2.96,-0.943,3),('2022-07-29 02:15:13',0.0285,-0.0713,0.0609,4),('2022-07-29 02:15:34',0.36,0.1113,0.2142,5),('2022-07-29 02:15:55',2.04,4.3338,-0.324,6),('2022-07-29 02:16:16',2.139,-2.256,1.785,7),('2022-07-29 02:28:48',-0.0704,-0.1292,0.1274,0),('2022-07-29 02:29:09',1.15,-4.368,1.558,1),('2022-07-29 02:29:31',-0.43,0.2618,-0.4608,2),('2022-07-29 02:29:52',2.278,2.5,-1.794,3),('2022-07-29 02:30:13',0.0684,-0.0575,0.2394,4),('2022-07-29 02:30:34',-0.3645,0.0168,0.0782,5),('2022-07-29 02:30:55',-1.416,-1.9339,-4.158,6),('2022-07-29 02:31:16',-2.139,-2.928,3.15,7),('2022-07-29 02:43:48',0.3982,-0.1938,0.1022,0),('2022-07-29 02:44:09',-3.925,-0.896,-0.969,1),('2022-07-29 02:44:31',-0.3025,-0.2398,-0.0864,2),('2022-07-29 02:44:52',-2.448,-0.84,1.38,3),('2022-07-29 02:45:13',0.3496,-0.3772,0.2772,4),('2022-07-29 02:45:34',-0.1575,-0.0693,-0.1615,5),('2022-07-29 02:45:55',4.728,0.0932,3.726,6),('2022-07-29 02:46:16',-4.186,-3.96,-1.134,7),('2022-07-29 02:58:48',0.3102,-0.2261,0.2786,0),('2022-07-29 02:59:09',-4.525,3.668,0.095,1),('2022-07-29 02:59:31',-0.07,0.2222,-0.0312,2),('2022-07-29 02:59:52',0.476,1.12,-1.863,3),('2022-07-29 03:00:13',-0.0969,0.0897,-0.0714,4),('2022-07-29 03:00:34',0.18,0.2541,-0.323,5),('2022-07-29 03:00:55',2.064,-2.33,4.536,6),('2022-07-29 03:01:16',-0.713,1.464,-0.273,7),('2022-07-29 03:13:49',0.2552,-0.1216,0.189,0),('2022-07-29 03:14:09',-4.525,3.836,-1.197,1),('2022-07-29 03:14:31',0.3875,0.3784,0.024,2),('2022-07-29 03:14:52',-2.38,1.36,3.174,3),('2022-07-29 03:15:13',0.0627,-0.1817,0.2415,4),('2022-07-29 03:15:34',-0.28125,-0.2436,0.3026,5),('2022-07-29 03:15:56',4.584,3.8212,3.618,6),('2022-07-29 03:16:17',-3.795,4.296,-3.864,7),('2022-07-29 03:28:49',-0.3938,0.1064,0.0406,0),('2022-07-29 03:29:10',0.5,2.968,0.836,1),('2022-07-29 03:29:31',0.1325,-0.429,0.3912,2),('2022-07-29 03:29:52',3.349,-1,-0.46,3),('2022-07-29 03:30:14',-0.2356,-0.2415,-0.2751,4),('2022-07-29 03:30:35',0.15975,-0.2772,-0.0799,5),('2022-07-29 03:30:56',-0.216,-1.6776,-1.431,6),('2022-07-29 03:31:17',1.058,3.072,-3.423,7),('2022-07-29 03:43:49',-0.3916,-0.2812,-0.0938,0),('2022-07-29 03:44:10',1.925,-2.464,2.489,1),('2022-07-29 03:44:32',0.075,-0.2508,0.144,2),('2022-07-29 03:44:53',-1.275,3.36,-4.071,3),('2022-07-29 03:45:14',-0.247,0.0414,-0.2583,4),('2022-07-29 03:45:35',0.04275,-0.3969,-0.2669,5),('2022-07-29 03:45:56',4.032,0.6291,2.592,6),('2022-07-29 03:46:17',0.345,-4.8,0.357,7),('2022-07-29 03:58:49',-0.374,0.2204,0.112,0),('2022-07-29 03:59:10',4.2,-4.956,0.95,1),('2022-07-29 03:59:32',-0.38,-0.3102,0.216,2),('2022-07-29 03:59:53',2.261,-1.52,-4.531,3),('2022-07-29 04:00:14',0.1387,-0.4186,-0.2016,4),('2022-07-29 04:00:35',-0.19125,0.3423,0.0459,5),('2022-07-29 04:00:56',-1.56,1.8174,-3.915,6),('2022-07-29 04:01:17',-4.071,-4.272,4.179,7),('2022-07-29 04:13:49',-0.3014,0.2394,-0.1708,0),('2022-07-29 04:14:10',4.6,0.784,2.698,1),('2022-07-29 04:14:32',0.2325,0.3586,0.4128,2),('2022-07-29 04:14:53',0.527,2.54,-3.91,3),('2022-07-29 04:15:14',0.2432,-0.0943,-0.2898,4),('2022-07-29 04:15:35',0.06975,0.3171,0.2533,5),('2022-07-29 04:15:56',1.56,4.3804,1.458,6),('2022-07-29 04:16:18',2.99,-2.352,-1.386,7),('2022-07-29 04:28:50',0.1034,-0.1843,-0.021,0),('2022-07-29 04:29:11',1.9,0.14,2.831,1),('2022-07-29 04:29:32',0.2425,-0.1452,-0.0168,2),('2022-07-29 04:29:53',-1.224,1.78,1.817,3),('2022-07-29 04:30:14',0.3401,0.2714,0.042,4),('2022-07-29 04:30:36',-0.396,-0.3675,-0.0187,5),('2022-07-29 04:30:57',3.744,0.1398,2.673,6),('2022-07-29 04:31:18',-4.531,4.752,-0.42,7),('2022-07-29 04:43:50',-0.2838,-0.0722,0.0308,0),('2022-07-29 04:44:11',1.825,-4.648,-3.534,1),('2022-07-29 04:44:33',0.36,-0.4246,0.1896,2),('2022-07-29 04:44:54',0.799,1.18,-3.588,3),('2022-07-29 04:45:15',-0.3591,-0.2254,0.294,4),('2022-07-29 04:45:36',-0.05625,-0.0882,0.0646,5),('2022-07-29 04:45:57',3.72,0.7689,4.671,6),('2022-07-29 04:46:18',-1.127,-4.56,-3.003,7),('2022-07-29 04:58:50',-0.1496,-0.0703,0.0868,0),('2022-07-29 04:59:11',-3.925,-5.488,3.401,1),('2022-07-29 04:59:33',-0.1575,-0.4092,-0.1872,2),('2022-07-29 04:59:54',2.873,-2.56,-1.288,3),('2022-07-29 05:00:15',0.0475,-0.2231,-0.3759,4),('2022-07-29 05:00:36',0.0855,0.168,-0.3145,5),('2022-07-29 05:00:57',-1.008,3.2853,3.402,6),('2022-07-29 05:01:18',-1.265,0.024,0.231,7),('2022-07-29 05:13:50',-0.2002,-0.2337,0.0882,0),('2022-07-29 05:14:12',-2.2,-3.332,-0.456,1),('2022-07-29 05:14:33',0.415,0.4356,0.168,2),('2022-07-29 05:14:54',1.547,0.98,-1.104,3),('2022-07-29 05:15:15',0.0684,0.3933,0.3654,4),('2022-07-29 05:15:36',-0.24525,0.315,-0.2856,5),('2022-07-29 05:15:57',-0.024,3.5183,-1.161,6),('2022-07-29 05:16:18',-2.99,-2.232,-3.108,7),('2022-07-29 05:28:50',0.2948,-0.0418,-0.2702,0),('2022-07-29 05:29:12',3.05,2.716,-3.116,1),('2022-07-29 05:29:33',-0.4525,0.1408,0.336,2),('2022-07-29 05:29:54',1.36,-1.34,1.679,3),('2022-07-29 05:30:15',-0.1596,-0.1955,0.2394,4),('2022-07-29 05:30:36',-0.324,-0.3423,-0.3077,5),('2022-07-29 05:30:58',-0.768,3.1921,3.537,6),('2022-07-29 05:31:19',-4.462,1.776,1.281,7),('2022-07-29 05:43:51',-0.0792,-0.3724,0.0476,0),('2022-07-29 05:44:12',-1.85,-4.732,-0.152,1),('2022-07-29 05:44:33',-0.1725,0.308,0.0888,2),('2022-07-29 05:44:54',2.635,0.8,0.69,3),('2022-07-29 05:45:15',-0.1292,0.2599,-0.3171,4),('2022-07-29 05:45:37',0.21375,-0.0966,-0.1207,5),('2022-07-29 05:45:58',-4.248,-1.631,-5.265,6),('2022-07-29 05:46:19',1.564,1.152,-2.31,7),('2022-07-29 05:58:51',-0.2376,-0.2698,0.1512,0),('2022-07-29 05:59:12',3.175,3.836,-2.793,1),('2022-07-29 05:59:34',-0.1275,0.3102,0.4536,2),('2022-07-29 05:59:55',-2.363,2.76,-3.335,3),('2022-07-29 06:00:16',0.0399,0.4232,-0.3528,4),('2022-07-29 06:00:37',-0.08325,0.0336,0.2907,5),('2022-07-29 06:00:58',-2.64,-1.1184,4.077,6),('2022-07-29 06:01:19',0.414,1.296,3.003,7),('2022-07-29 06:13:51',0.3806,0.3059,-0.1092,0),('2022-07-29 06:14:12',-4.2,3.08,-1.919,1),('2022-07-29 06:14:34',0.095,-0.1166,0.3864,2),('2022-07-29 06:14:55',-3.128,2.7,-1.058,3),('2022-07-29 06:15:16',0.2964,0.2829,0.0336,4),('2022-07-29 06:15:37',-0.20475,0.3087,0.0408,5),('2022-07-29 06:15:58',2.664,1.7941,0.162,6),('2022-07-29 06:16:19',3.864,1.872,3.843,7),('2022-07-29 06:28:51',0.4224,0.1083,0.2254,0),('2022-07-29 06:29:13',-4.075,-4.844,-3.173,1),('2022-07-29 06:29:34',-0.2625,-0.3762,-0.1656,2),('2022-07-29 06:29:55',2.227,-3.26,1.932,3),('2022-07-29 06:30:16',0.114,-0.3266,-0.315,4),('2022-07-29 06:30:37',-0.04725,-0.147,0.136,5),('2022-07-29 06:30:58',-4.44,-3.0989,-4.212,6),('2022-07-29 06:31:19',-3.381,2.112,4.179,7),('2022-07-29 06:43:51',-0.1672,0.2223,-0.189,0),('2022-07-29 06:44:13',-4.625,-3.724,-3.173,1),('2022-07-29 06:44:34',-0.3975,-0.1298,-0.2232,2),('2022-07-29 06:44:55',-0.391,1.46,-3.059,3),('2022-07-29 06:45:16',0.3667,0.23,0.1239,4),('2022-07-29 06:45:38',0.05175,-0.3297,0.119,5),('2022-07-29 06:45:59',1.656,0.2563,-2.187,6),('2022-07-29 06:46:20',4.324,2.592,-0.756,7),('2022-07-29 06:58:52',-0.3762,0.1311,0.098,0),('2022-07-29 06:59:13',-1.075,-3.64,0.247,1),('2022-07-29 06:59:34',0.1475,-0.0088,-0.3984,2),('2022-07-29 06:59:55',-0.391,3.56,2.438,3),('2022-07-29 07:00:16',0.2413,-0.0943,-0.2184,4),('2022-07-29 07:00:38',-0.2025,0.3129,-0.1292,5),('2022-07-29 07:00:59',0.432,-3.6348,-4.185,6),('2022-07-29 07:01:20',-3.243,2.568,1.218,7),('2022-07-29 07:13:52',0.1496,-0.0855,0.2394,0),('2022-07-29 07:14:13',1.725,4.368,3.135,1),('2022-07-29 07:14:35',0.1475,-0.1188,-0.2664,2),('2022-07-29 07:14:56',-1.309,-0.64,-0.575,3),('2022-07-29 07:15:17',0.2869,0.2277,0.0735,4),('2022-07-29 07:15:38',0.18225,-0.2142,0.0544,5),('2022-07-29 07:15:59',1.2,4.5668,-3.618,6),('2022-07-29 07:16:20',2.852,-3.504,-2.268,7),('2022-07-29 07:28:52',0.4114,0.0855,0.2086,0),('2022-07-29 07:29:13',-1.35,-5.432,3.021,1),('2022-07-29 07:29:35',-0.3,-0.0374,-0.2976,2),('2022-07-29 07:29:56',3.349,2.26,-3.657,3),('2022-07-29 07:30:17',-0.2774,-0.3634,-0.0252,4),('2022-07-29 07:30:38',0.21375,-0.3087,-0.0119,5),('2022-07-29 07:30:59',4.488,0.5126,-0.513,6),('2022-07-29 07:31:20',-1.265,0.336,3.906,7),('2022-07-29 07:43:52',-0.3146,0.1482,0.154,0),('2022-07-29 07:44:14',-1.575,-5.348,3.249,1),('2022-07-29 07:44:35',0.04,-0.2684,-0.2136,2),('2022-07-29 07:44:56',2.227,3.94,2.668,3),('2022-07-29 07:45:17',0.1406,-0.4186,-0.3507,4),('2022-07-29 07:45:38',-0.11025,-0.042,0.2771,5),('2022-07-29 07:45:59',4.032,3.5183,4.428,6),('2022-07-29 07:46:21',2.691,2.808,3.612,7),('2022-07-29 07:58:52',-0.2574,-0.2888,0.2786,0),('2022-07-29 07:59:14',-2.275,-3.836,-1.786,1),('2022-07-29 07:59:35',-0.22,0.2596,-0.4416,2),('2022-07-29 07:59:56',-1.173,-0.26,-3.105,3),('2022-07-29 08:00:17',-0.0874,0.1403,0.4158,4),('2022-07-29 08:00:39',-0.42525,-0.378,-0.2057,5),('2022-07-29 08:01:00',-1.2,4.6134,-1.647,6),('2022-07-29 08:01:21',1.725,2.592,0.273,7),('2022-07-29 08:13:53',0.1562,0.3477,0.189,0),('2022-07-29 08:14:14',1.625,1.344,3.743,1),('2022-07-29 08:14:35',-0.11,0.0638,0.108,2),('2022-07-29 08:14:57',3.383,0.82,-0.667,3),('2022-07-29 08:15:18',0.1539,0.3105,-0.3192,4),('2022-07-29 08:15:39',0.414,-0.273,0.2074,5),('2022-07-29 08:16:00',-4.368,-2.2135,4.158,6),('2022-07-29 08:16:21',0.989,-1.368,-2.226,7),('2022-07-29 08:28:53',0.1452,0.2774,0.1204,0),('2022-07-29 08:29:14',4.35,-5.376,0.38,1),('2022-07-29 08:29:36',0.0525,-0.3784,-0.3384,2),('2022-07-29 08:29:57',-3.264,-0.3,1.541,3),('2022-07-29 08:30:18',0.0361,-0.3933,-0.1386,4),('2022-07-29 08:30:39',0.05175,0.1134,0.1071,5),('2022-07-29 08:31:00',-2.616,-0.3262,-2.97,6),('2022-07-29 08:31:21',-0.23,-1.104,3.444,7),('2022-07-29 08:43:53',0.0242,0.1919,-0.2226,0),('2022-07-29 08:44:15',1.95,4.928,0.874,1),('2022-07-29 08:44:36',0.1025,-0.396,-0.3576,2),('2022-07-29 08:44:57',1.955,-3.38,-0.667,3),('2022-07-29 08:45:18',0.0209,0.1426,0.3927,4),('2022-07-29 08:45:39',0.1125,0.4053,-0.3383,5),('2022-07-29 08:46:00',3.408,-4.2406,-5.265,6),('2022-07-29 08:46:21',-3.243,-1.296,0.126,7),('2022-07-29 08:58:53',-0.2156,-0.342,0.2296,0),('2022-07-29 08:59:15',-1.3,-2.604,-2.508,1),('2022-07-29 08:59:36',-0.225,-0.2244,0.012,2),('2022-07-29 08:59:57',-2.142,2.24,2.53,3),('2022-07-29 09:00:18',0.3306,0.4071,0.2562,4),('2022-07-29 09:00:39',0.03375,0.0105,-0.1598,5),('2022-07-29 09:01:00',-1.416,1.9572,-4.293,6),('2022-07-29 09:01:22',-2.599,-1.104,1.071,7),('2022-07-29 09:13:53',-0.2354,-0.133,0.1078,0),('2022-07-29 09:14:15',2.05,5.012,0.988,1),('2022-07-29 09:14:36',-0.1975,-0.2552,0.0816,2),('2022-07-29 09:14:57',1.938,-0.72,3.542,3),('2022-07-29 09:15:18',0.2831,0.0414,-0.3822,4),('2022-07-29 09:15:40',-0.12375,0.1491,0.2839,5),('2022-07-29 09:16:01',3.768,-4.2872,4.86,6),('2022-07-29 09:16:22',-2.438,1.44,3.885,7),('2022-07-29 09:28:54',0.1034,0.3781,0.1974,0),('2022-07-29 09:29:15',1.125,4.144,-1.178,1),('2022-07-29 09:29:36',-0.11,-0.3234,-0.168,2),('2022-07-29 09:29:58',-0.646,-2.16,2.668,3),('2022-07-29 09:30:19',-0.2546,0.2967,-0.3129,4),('2022-07-29 09:30:40',-0.44325,-0.1911,-0.289,5),('2022-07-29 09:31:01',3.048,0.0699,-3.483,6),('2022-07-29 09:31:22',4.048,-4.536,-3.171,7),('2022-07-29 09:43:54',-0.2662,-0.1843,-0.203,0),('2022-07-29 09:44:15',1.875,1.624,-1.805,1),('2022-07-29 09:44:37',-0.2775,0.1342,0.4392,2),('2022-07-29 09:44:58',-0.051,3.5,-0.161,3),('2022-07-29 09:45:19',0.2546,-0.4094,-0.1134,4),('2022-07-29 09:45:40',0.42075,0.2877,-0.0901,5),('2022-07-29 09:46:01',-1.296,-0.7223,-5.103,6),('2022-07-29 09:46:22',3.473,1.008,-2.625,7),('2022-07-29 09:58:54',-0.0308,-0.1463,0.2786,0),('2022-07-29 09:59:16',2.65,4.872,2.204,1),('2022-07-29 09:59:37',-0.185,-0.0088,0.2496,2),('2022-07-29 09:59:58',1.87,-3.82,-1.771,3),('2022-07-29 10:00:19',0.0836,0.1058,0.2835,4),('2022-07-29 10:00:40',-0.42525,0.0042,0.0595,5),('2022-07-29 10:01:01',0.36,-2.9125,2.862,6),('2022-07-29 10:01:22',-4.002,-2.664,2.982,7),('2022-07-29 10:13:54',0.4048,-0.1026,0.007,0),('2022-07-29 10:14:16',0.25,4.312,2.014,1),('2022-07-29 10:14:37',-0.4475,-0.1914,0.384,2),('2022-07-29 10:14:58',-2.89,-4,-0.92,3),('2022-07-29 10:15:19',-0.3135,0.207,-0.3045,4),('2022-07-29 10:15:40',-0.054,0.2835,-0.2329,5),('2022-07-29 10:16:02',-0.744,1.2815,-2.376,6),('2022-07-29 10:16:23',2.254,3.312,3.486,7),('2022-07-29 10:28:55',0.4334,-0.0836,-0.1288,0),('2022-07-29 10:29:16',3.525,0.84,2.584,1),('2022-07-29 10:29:37',-0.3775,-0.0396,-0.1896,2),('2022-07-29 10:29:58',2.737,3.98,-0.345,3),('2022-07-29 10:30:19',0.0323,0.0713,-0.336,4),('2022-07-29 10:30:41',0.33525,0.2016,0.2839,5),('2022-07-29 10:31:02',4.272,-1.7475,5.157,6),('2022-07-29 10:31:23',-3.841,-1.32,-4.137,7),('2022-07-29 10:43:55',0.319,0.1539,-0.1302,0),('2022-07-29 10:44:16',1.575,1.736,3.648,1),('2022-07-29 10:44:38',-0.33,0.0506,0.2592,2),('2022-07-29 10:44:59',-2.788,-2.68,-0.92,3),('2022-07-29 10:45:20',-0.0114,0.2047,-0.4074,4),('2022-07-29 10:45:41',0.198,0.3423,-0.187,5),('2022-07-29 10:46:02',-2.688,2.5164,5.13,6),('2022-07-29 10:46:23',-0.322,1.464,1.029,7),('2022-07-29 10:58:55',0.3674,0.1026,-0.1288,0),('2022-07-29 10:59:16',-0.3,3.612,-2.85,1),('2022-07-29 10:59:38',-0.0425,-0.11,0.0744,2),('2022-07-29 10:59:59',-1.156,-2.34,-2.99,3),('2022-07-29 11:00:20',0.3173,0.3726,0.0903,4),('2022-07-29 11:00:41',0.39825,-0.0021,-0.3043,5),('2022-07-29 11:01:02',1.152,4.4736,2.268,6),('2022-07-29 11:01:23',2.3,-3.936,-1.617,7),('2022-07-29 11:13:55',-0.4026,-0.019,-0.0672,0),('2022-07-29 11:14:17',-3.85,3.248,2.261,1),('2022-07-29 11:14:38',-0.48,-0.1408,0.18,2),('2022-07-29 11:14:59',-1.598,-3.08,2.001,3),('2022-07-29 11:15:20',-0.1862,-0.3588,0.2793,4),('2022-07-29 11:15:41',-0.34425,0.3381,0.0289,5),('2022-07-29 11:16:02',-0.144,1.6776,0.972,6),('2022-07-29 11:16:23',-2.691,-1.92,-0.441,7),('2022-07-29 11:28:55',-0.1386,0.266,-0.028,0),('2022-07-29 11:29:17',1.425,-2.156,3.553,1),('2022-07-29 11:29:38',-0.0525,-0.2222,-0.252,2),('2022-07-29 11:29:59',1.887,-3.48,-0.368,3),('2022-07-29 11:30:20',0.171,-0.3427,-0.2079,4),('2022-07-29 11:30:41',-0.405,-0.2184,0.0425,5),('2022-07-29 11:31:03',-4.296,4.5901,3.861,6),('2022-07-29 11:31:24',-3.266,-3.048,-0.336,7),('2022-07-29 11:43:56',0.2068,0.0038,-0.0756,0),('2022-07-29 11:44:17',-4.6,0.98,3.002,1),('2022-07-29 11:44:38',-0.0375,-0.0462,0.2088,2),('2022-07-29 11:44:59',-2.55,-2.36,2.921,3),('2022-07-29 11:45:20',0.323,0.1748,-0.0042,4),('2022-07-29 11:45:42',0.1845,-0.1848,-0.1955,5),('2022-07-29 11:46:03',-4.416,-2.4465,-3.807,6),('2022-07-29 11:46:24',0.23,-0.552,-2.52,7),('2022-07-29 11:58:56',-0.308,-0.1805,0.0896,0),('2022-07-29 11:59:17',-1.05,-3.472,0.171,1),('2022-07-29 11:59:39',-0.115,0.4224,0.4488,2),('2022-07-29 12:00:00',-1.173,0.66,2.714,3),('2022-07-29 12:00:21',-0.3762,-0.2783,-0.2499,4),('2022-07-29 12:00:42',0.4275,-0.2814,0.2312,5),('2022-07-29 12:01:03',-4.608,3.1921,3.429,6),('2022-07-29 12:01:24',-4.117,1.008,2.793,7),('2022-07-29 12:13:56',0.297,0.0703,-0.1386,0),('2022-07-29 12:14:18',-3.15,-2.912,1.159,1),('2022-07-29 12:14:39',-0.4725,0.044,-0.4752,2),('2022-07-29 12:15:00',-0.782,2.74,-4.301,3),('2022-07-29 12:15:21',0.3002,0.2001,-0.3948,4),('2022-07-29 12:15:42',-0.08325,0.3759,0.238,5),('2022-07-29 12:16:03',2.208,0.0932,0.324,6),('2022-07-29 12:16:24',3.611,1.704,2.646,7),('2022-07-29 12:28:56',0.044,-0.0475,0.238,0),('2022-07-29 12:29:18',3.45,-2.968,3.135,1),('2022-07-29 12:29:39',-0.34,-0.0726,0.42,2),('2022-07-29 12:30:00',1.309,-3.02,0.069,3),('2022-07-29 12:30:21',-0.3496,0.184,-0.1764,4),('2022-07-29 12:30:42',-0.31275,-0.2499,0.2159,5),('2022-07-29 12:31:03',3.816,-1.0951,-1.674,6),('2022-07-29 12:31:24',-3.588,-2.472,-2.331,7),('2022-07-29 12:43:56',-0.0814,-0.0133,0.21,0),('2022-07-29 12:44:18',-1.025,-1.568,-1.387,1),('2022-07-29 12:44:39',-0.12,-0.1474,0.1104,2),('2022-07-29 12:45:00',1.122,2.32,-1.104,3),('2022-07-29 12:45:21',0.3097,0.0276,0.2919,4),('2022-07-29 12:45:43',-0.0855,0.2982,-0.0544,5),('2022-07-29 12:46:04',0.072,2.0737,-1.323,6),('2022-07-29 12:46:25',3.105,-0.936,1.806,7),('2022-07-29 12:58:57',-0.2178,-0.0133,0.1316,0),('2022-07-29 12:59:18',-1.825,-3.388,1.672,1),('2022-07-29 12:59:39',-0.0175,0.4114,-0.4296,2),('2022-07-29 13:00:00',-3.094,-0.2,-1.242,3),('2022-07-29 13:00:21',0.0551,0.4324,0.0273,4),('2022-07-29 13:00:43',0.396,0.1638,-0.0221,5),('2022-07-29 13:01:04',-4.512,0.0699,-1.809,6),('2022-07-29 13:01:25',-2.3,1.704,-4.158,7),('2022-07-29 13:13:57',0.176,-0.323,0.0224,0),('2022-07-29 13:14:18',2.95,-3.668,2.983,1),('2022-07-29 13:14:40',0.455,-0.3454,-0.4776,2),('2022-07-29 13:15:01',2.975,0.98,3.519,3),('2022-07-29 13:15:22',0.1349,0.368,-0.2247,4),('2022-07-29 13:15:43',-0.144,0.021,-0.1139,5),('2022-07-29 13:16:04',-2.64,3.262,-4.914,6),('2022-07-29 13:16:25',-1.863,-3.264,-0.105,7),('2022-07-29 13:28:57',-0.3784,0.1425,0.1862,0),('2022-07-29 13:29:19',4.425,-2.772,-1.235,1),('2022-07-29 13:29:40',-0.2625,-0.1298,0.0168,2),('2022-07-29 13:30:01',-2.873,-3.52,-0.736,3),('2022-07-29 13:30:22',0.266,0.3634,0.1638,4),('2022-07-29 13:30:43',-0.4185,0.3066,-0.0918,5),('2022-07-29 13:31:04',-2.256,-3.3086,-4.941,6),('2022-07-29 13:31:25',-0.299,-4.392,2.877,7),('2022-07-29 13:43:57',-0.4202,0.1976,-0.2688,0),('2022-07-29 13:44:19',1.35,-5.208,0.304,1),('2022-07-29 13:44:40',-0.42,-0.3102,-0.2448,2),('2022-07-29 13:45:01',-2.125,2.88,-4.186,3),('2022-07-29 13:45:22',-0.3249,0.0115,-0.1659,4),('2022-07-29 13:45:43',0.1215,0.2457,-0.2057,5),('2022-07-29 13:46:04',3.36,2.4698,5.211,6),('2022-07-29 13:46:25',-1.748,1.896,-2.877,7),('2022-07-29 13:58:58',-0.2794,-0.3021,-0.0938,0),('2022-07-29 13:59:19',-1.175,-2.464,-2.964,1),('2022-07-29 13:59:40',-0.3425,-0.0946,0.1056,2),('2022-07-29 14:00:01',-3.213,0.54,-1.196,3),('2022-07-29 14:00:22',-0.0665,-0.2323,0.0504,4),('2022-07-29 14:00:44',-0.30375,-0.4137,-0.221,5),('2022-07-29 14:01:05',-3.72,-3.495,5.049,6),('2022-07-29 14:01:26',-0.897,2.064,-0.546,7),('2022-07-29 14:13:58',0.4048,0.2375,0.0154,0),('2022-07-29 14:14:19',-1.2,-4.536,-0.361,1),('2022-07-29 14:14:40',0.3375,-0.1012,0.0984,2),('2022-07-29 14:15:02',0.799,1.24,-2.967,3),('2022-07-29 14:15:22',0.3287,0.1817,0.1533,4),('2022-07-29 14:15:44',-0.07425,-0.1806,-0.00000000000000416334,5),('2022-07-29 14:16:05',-4.32,-0.699,4.914,6),('2022-07-29 14:16:26',4.577,-1.488,-3.36,7),('2022-07-29 14:28:58',-0.3036,0.1216,0.2268,0),('2022-07-29 14:29:20',-4.625,0.896,0.152,1),('2022-07-29 14:29:41',0.0075,0.2508,-0.1944,2),('2022-07-29 14:30:02',2.04,-1.92,0.828,3),('2022-07-29 14:30:23',0.0152,0.4209,0.105,4),('2022-07-29 14:30:44',-0.4005,-0.3759,0.0731,5),('2022-07-29 14:31:05',-2.952,-3.728,5.049,6),('2022-07-29 14:31:26',-4.209,-2.376,3.906,7),('2022-07-29 14:43:58',-0.429,-0.1064,0.2478,0),('2022-07-29 14:44:20',-4.675,-3.892,-0.646,1),('2022-07-29 14:44:41',-0.1525,0.363,0.072,2),('2022-07-29 14:45:02',-0.901,-3.92,-1.449,3),('2022-07-29 14:45:23',0.1976,-0.1081,-0.0441,4),('2022-07-29 14:45:44',-0.02925,-0.0588,0.1904,5),('2022-07-29 14:46:05',-4.104,2.8193,3.564,6),('2022-07-29 14:46:26',0.115,-0.744,-2.646,7),('2022-07-29 14:58:58',-0.2728,-0.1064,-0.021,0),('2022-07-29 14:59:20',4.575,-5.096,3.116,1),('2022-07-29 14:59:41',-0.445,0.3036,-0.4032,2),('2022-07-29 15:00:02',-0.578,0.92,0.92,3),('2022-07-29 15:00:23',-0.0247,0.0414,0.2373,4),('2022-07-29 15:00:44',0.38475,-0.2604,0.0867,5),('2022-07-29 15:01:05',-0.264,-3.4484,0.297,6),('2022-07-29 15:01:26',-1.909,-1.224,2.961,7),('2022-07-29 15:13:59',0.4092,-0.1387,-0.0196,0),('2022-07-29 15:14:20',0.4,-5.236,-0.323,1),('2022-07-29 15:14:41',0.35,-0.3344,0.1152,2),('2022-07-29 15:15:02',0.034,-2.84,4.416,3),('2022-07-29 15:15:23',0.3249,0.4324,-0.3528,4),('2022-07-29 15:15:45',-0.43425,0.1239,-0.1326,5),('2022-07-29 15:16:06',1.8,1.5844,3.78,6),('2022-07-29 15:16:27',-2.783,0.048,-4.116,7),('2022-07-29 15:28:59',0.4202,0.1102,0.07,0),('2022-07-29 15:29:20',-2.95,1.176,3.002,1),('2022-07-29 15:29:42',0.0375,-0.143,-0.12,2),('2022-07-29 15:30:03',-3.23,0.18,4.186,3),('2022-07-29 15:30:24',0.2774,0.1357,-0.1533,4),('2022-07-29 15:30:45',-0.171,0.3003,-0.2176,5),('2022-07-29 15:31:06',-2.352,-1.7708,1.215,6),('2022-07-29 15:31:27',0.345,2.184,1.617,7),('2022-07-29 15:43:59',-0.0902,0.323,-0.1246,0),('2022-07-29 15:44:21',4.45,0.812,-0.532,1),('2022-07-29 15:44:42',-0.1325,-0.2002,0.3312,2),('2022-07-29 15:45:03',2.499,-1.9,-0.276,3),('2022-07-29 15:45:24',0.0323,-0.0483,-0.2793,4),('2022-07-29 15:45:45',0.32625,-0.0861,0.3349,5),('2022-07-29 15:46:06',0.072,2.9591,-2.322,6),('2022-07-29 15:46:27',3.565,3.072,3.591,7),('2022-07-29 15:58:59',-0.3542,-0.2926,-0.1904,0),('2022-07-29 15:59:21',-2.675,1.372,-1.615,1),('2022-07-29 15:59:42',0.285,0.3652,0.4248,2),('2022-07-29 16:00:03',0.85,0.98,-0.621,3),('2022-07-29 16:00:24',0.2774,0.0713,0.3612,4),('2022-07-29 16:00:45',0.20475,-0.4158,0.0527,5),('2022-07-29 16:01:06',3.672,-0.5592,1.458,6),('2022-07-29 16:01:27',-3.519,4.152,0.882,7),('2022-07-29 16:13:59',0.4136,-0.1843,-0.1806,0),('2022-07-29 16:14:21',1.25,-1.54,2.09,1),('2022-07-29 16:14:42',-0.4475,-0.2244,0.0216,2),('2022-07-29 16:15:03',-0.0000000000000190958,2.66,2.898,3),('2022-07-29 16:15:24',-0.2204,-0.1817,-0.4137,4),('2022-07-29 16:15:46',0.162,0.3381,0.2397,5),('2022-07-29 16:16:07',3.696,-4.4037,3.024,6),('2022-07-29 16:16:28',0.621,1.536,-1.953,7),('2022-07-29 16:29:00',0.3938,-0.1254,-0.1526,0),('2022-07-29 16:29:21',0.025,-1.232,2.85,1),('2022-07-29 16:29:42',0.24,-0.0858,-0.1128,2),('2022-07-29 16:30:03',2.312,-2.92,4.14,3),('2022-07-29 16:30:24',-0.228,-0.2185,-0.1995,4),('2022-07-29 16:30:46',-0.33075,0.3612,0.2856,5),('2022-07-29 16:31:07',-4.248,-3.9144,1.755,6),('2022-07-29 16:31:28',1.426,1.512,-2.688,7),('2022-07-29 16:44:00',0.3146,-0.247,0.1876,0),('2022-07-29 16:44:21',4.2,-1.904,3.458,1),('2022-07-29 16:44:43',-0.1425,-0.253,0.0456,2),('2022-07-29 16:45:04',1.734,2.66,-0.253,3),('2022-07-29 16:45:25',0.1672,0.2622,0.1701,4),('2022-07-29 16:45:46',-0.10125,-0.1323,-0.1734,5),('2022-07-29 16:46:07',-2.232,4.2639,-1.485,6),('2022-07-29 16:46:28',-0.69,-1.032,0.252,7),('2022-07-29 16:59:00',0.1232,0.0019,-0.112,0),('2022-07-29 16:59:22',4,-1.512,2.546,1),('2022-07-29 16:59:43',-0.2825,-0.2772,0.0192,2),('2022-07-29 17:00:04',-2.958,3.34,-3.059,3),('2022-07-29 17:00:25',0.2983,0.4255,-0.0357,4),('2022-07-29 17:00:46',0.23625,-0.1386,-0.1139,5),('2022-07-29 17:01:07',0.24,-0.3961,-2.889,6),('2022-07-29 17:01:28',4.347,0.504,4.053,7),('2022-07-29 17:14:00',0.1584,0.1235,0.2534,0),('2022-07-29 17:14:22',-2.55,-3.892,0.0000000000000257572,1),('2022-07-29 17:14:43',-0.275,0.3982,0.1104,2),('2022-07-29 17:15:04',-1.904,2.5,-4.37,3),('2022-07-29 17:15:25',-0.171,0.2645,0.3654,4),('2022-07-29 17:15:46',0.17325,0.0336,0.272,5),('2022-07-29 17:16:07',-3.744,0.9087,1.188,6),('2022-07-29 17:16:28',4.163,3.624,-0.651,7),('2022-07-29 17:29:00',0.297,-0.3572,0.0728,0),('2022-07-29 17:29:22',-1.225,1.288,-3.268,1),('2022-07-29 17:29:43',0.35,-0.0858,0.3912,2),('2022-07-29 17:30:04',-1.955,-1.72,1.058,3),('2022-07-29 17:30:25',0.3116,-0.0759,-0.0336,4),('2022-07-29 17:30:47',0.33975,0.3654,0.1445,5),('2022-07-29 17:31:08',0.96,0.5126,2.916,6),('2022-07-29 17:31:29',3.404,-2.304,4.158,7),('2022-07-29 17:44:01',0.132,-0.2394,-0.063,0),('2022-07-29 17:44:22',0.5,-5.208,-1.121,1),('2022-07-29 17:44:43',-0.235,0.4202,-0.0648,2),('2022-07-29 17:45:05',2.329,0.22,0.92,3),('2022-07-29 17:45:25',-0.342,0.4002,0.2163,4),('2022-07-29 17:45:47',0.10125,-0.0084,-0.0289,5),('2022-07-29 17:46:08',3.84,3.029,2.43,6),('2022-07-29 17:46:29',-1.656,0.504,-2.877,7),('2022-07-29 17:59:01',-0.198,-0.3363,-0.1834,0),('2022-07-29 17:59:23',-1.975,-2.212,0.969,1),('2022-07-29 17:59:44',0.3875,-0.1298,0.1512,2),('2022-07-29 18:00:05',0.986,-2.16,0.943,3),('2022-07-29 18:00:26',-0.3268,0.2967,-0.2793,4),('2022-07-29 18:00:47',0.13275,-0.2079,-0.0119,5),('2022-07-29 18:01:08',1.008,-1.6543,-3.483,6),('2022-07-29 18:01:29',-3.289,-0.216,-1.596,7),('2022-07-29 18:14:01',0.3256,-0.2451,0.042,0),('2022-07-29 18:14:23',4.975,4.172,3.648,1),('2022-07-29 18:14:44',0.4,0.066,-0.1752,2),('2022-07-29 18:15:05',-0.391,0.38,-3.427,3),('2022-07-29 18:15:26',0.1938,0.1702,0.168,4),('2022-07-29 18:15:47',-0.315,0.2415,0.1156,5),('2022-07-29 18:16:08',-1.608,-0.3961,-3.591,6),('2022-07-29 18:16:29',0.391,4.272,-3.213,7),('2022-07-29 18:29:01',-0.4026,0.2527,-0.1372,0),('2022-07-29 18:29:23',3.775,2.1,-0.095,1),('2022-07-29 18:29:44',0.235,-0.385,-0.0048,2),('2022-07-29 18:30:05',1.564,-3.62,1.84,3),('2022-07-29 18:30:26',0.2679,0.4255,0.2793,4),('2022-07-29 18:30:47',-0.06525,-0.3654,-0.3332,5),('2022-07-29 18:31:08',3.84,4.1707,-2.997,6),('2022-07-29 18:31:29',3.68,4.68,2.541,7),('2022-07-29 18:44:02',0.3014,0.3496,0.1862,0),('2022-07-29 18:44:23',4.725,-2.576,3.325,1),('2022-07-29 18:44:44',0.285,0.2706,0.3984,2),('2022-07-29 18:45:05',-1.887,-2.74,2.852,3),('2022-07-29 18:45:26',0.1919,-0.3335,-0.1155,4),('2022-07-29 18:45:48',-0.19125,0.2898,-0.3162,5),('2022-07-29 18:46:09',3.024,-1.2815,2.16,6),('2022-07-29 18:46:30',-0.437,-4.008,-2.835,7),('2022-07-29 18:59:02',0.11,0.2926,0.0126,0),('2022-07-29 18:59:23',-0.7,-1.484,2.147,1),('2022-07-29 18:59:44',-0.2225,-0.2508,0.132,2),('2022-07-29 19:00:06',-3.383,0.4,0.161,3),('2022-07-29 19:00:26',0.0912,-0.1288,-0.3339,4),('2022-07-29 19:00:48',-0.15525,-0.2772,-0.1428,5),('2022-07-29 19:01:09',4.776,0.6058,-3.645,6),('2022-07-29 19:01:30',1.955,4.08,2.352,7),('2022-07-29 19:14:02',0.2838,-0.1178,-0.0994,0),('2022-07-29 19:14:24',-2.1,0.364,-0.589,1),('2022-07-29 19:14:45',-0.39,0.1166,0.468,2),('2022-07-29 19:15:06',1.972,0.4,1.702,3),('2022-07-29 19:15:27',-0.3458,0.1909,0.0714,4),('2022-07-29 19:15:48',0.1485,-0.00000000000000183187,0.0153,5),('2022-07-29 19:16:09',2.208,-1.9339,4.131,6),('2022-07-29 19:16:30',-2.553,2.64,-3.528,7),('2022-07-29 19:29:02',0.0594,0.0912,0.0532,0),('2022-07-29 19:29:24',1,-2.688,1.558,1),('2022-07-29 19:29:45',-0.435,0.1804,-0.228,2),('2022-07-29 19:30:06',2.431,0.38,-1.403,3),('2022-07-29 19:30:27',-0.0285,-0.3726,0.0315,4),('2022-07-29 19:30:48',0.00675,-0.0588,0.1139,5),('2022-07-29 19:31:09',4.224,1.1883,-2.916,6),('2022-07-29 19:31:30',-4.025,-1.296,-1.722,7);
/*!40000 ALTER TABLE `Registrazione3D` ENABLE KEYS */;
UNLOCK TABLES;
/*!50003 SET @saved_cs_client      = @@character_set_client */ ;
/*!50003 SET @saved_cs_results     = @@character_set_results */ ;
/*!50003 SET @saved_col_connection = @@collation_connection */ ;
/*!50003 SET character_set_client  = utf8mb4 */ ;
/*!50003 SET character_set_results = utf8mb4 */ ;
/*!50003 SET collation_connection  = utf8mb4_0900_ai_ci */ ;
/*!50003 SET @saved_sql_mode       = @@sql_mode */ ;
/*!50003 SET sql_mode              = 'ONLY_FULL_GROUP_BY,STRICT_TRANS_TABLES,NO_ZERO_IN_DATE,NO_ZERO_DATE,ERROR_FOR_DIVISION_BY_ZERO,NO_ENGINE_SUBSTITUTION' */ ;
DELIMITER ;;
/*!50003 CREATE*/ /*!50017 DEFINER=`remoteroot`@`%`*/ /*!50003 TRIGGER `set_alert3D` AFTER INSERT ON `Registrazione3D` FOR EACH ROW BEGIN
	DECLARE valore_soglia_x FLOAT DEFAULT 0;
    DECLARE valore_soglia_y FLOAT DEFAULT 0;
    DECLARE valore_soglia_z FLOAT DEFAULT 0;
    DECLARE valore_ins_x FLOAT DEFAULT NULL;
    DECLARE valore_ins_y FLOAT DEFAULT NULL;
    DECLARE valore_ins_z FLOAT DEFAULT NULL;
    SELECT SogliaX, SogliaY, SogliaZ INTO valore_soglia_x, valore_soglia_y, valore_soglia_z
    FROM Sensore3D
    WHERE CodiceSensore = NEW.CodiceSensore;
    IF(NEW.ValoreX >= valore_soglia_x) THEN
			SET valore_ins_x = ABS((NEW.ValoreX / valore_soglia_x) - 1);
	END IF;
    IF(NEW.ValoreY >= valore_soglia_y) THEN
			SET valore_ins_y = ABS((NEW.ValoreY / valore_soglia_y) - 1);
	END IF;
    IF(NEW.ValoreZ >= valore_soglia_z) THEN
			SET valore_ins_z = ABS((NEW.ValoreZ / valore_soglia_z) - 1);
	END IF;
	IF NEW.ValoreX >= valore_soglia_x OR NEW.ValoreY >= valore_soglia_y OR NEW.ValoreZ >= valore_soglia_z  THEN
		INSERT INTO Alert3D(CodiceSensore, Timestamp, ScostamentoX, ScostamentoY, ScostamentoZ)
        SELECT R3D.CodiceSensore, R3D.Timestamp, IfNull(valore_ins_x, 0), IfNull(valore_ins_y, 0), IfNull(valore_ins_z, 0)
		FROM Registrazione3D R3D
		WHERE R3D.CodiceSensore = NEW.CodiceSensore AND R3D.Timestamp = NEW.Timestamp;
	END IF;
END */;;
DELIMITER ;
/*!50003 SET sql_mode              = @saved_sql_mode */ ;
/*!50003 SET character_set_client  = @saved_cs_client */ ;
/*!50003 SET character_set_results = @saved_cs_results */ ;
/*!50003 SET collation_connection  = @saved_col_connection */ ;

--
-- Table structure for table `Responsabile`
--

DROP TABLE IF EXISTS `Responsabile`;
/*!40101 SET @saved_cs_client     = @@character_set_client */;
/*!50503 SET character_set_client = utf8mb4 */;
CREATE TABLE `Responsabile` (
  `CodFiscale` varchar(16) NOT NULL,
  `StipendioGiornaliero` int unsigned NOT NULL,
  PRIMARY KEY (`CodFiscale`),
  UNIQUE KEY `CodFiscale_UNIQUE` (`CodFiscale`),
  CONSTRAINT `Responsabile_chk_1` CHECK ((`StipendioGiornaliero` >= 48))
) ENGINE=InnoDB DEFAULT CHARSET=utf8mb4 COLLATE=utf8mb4_0900_ai_ci;
/*!40101 SET character_set_client = @saved_cs_client */;

--
-- Dumping data for table `Responsabile`
--

LOCK TABLES `Responsabile` WRITE;
/*!40000 ALTER TABLE `Responsabile` DISABLE KEYS */;
INSERT INTO `Responsabile` VALUES ('MRCFDN03D28C352M',100),('STNCLV02M27A509W',100);
/*!40000 ALTER TABLE `Responsabile` ENABLE KEYS */;
UNLOCK TABLES;

--
-- Table structure for table `Riferimento`
--

DROP TABLE IF EXISTS `Riferimento`;
/*!40101 SET @saved_cs_client     = @@character_set_client */;
/*!50503 SET character_set_client = utf8mb4 */;
CREATE TABLE `Riferimento` (
  `Lunghezza` float unsigned NOT NULL,
  `Larghezza` float unsigned NOT NULL,
  `Altezza` float unsigned NOT NULL,
  `X` float unsigned NOT NULL,
  `Y` float unsigned NOT NULL,
  `Z` float unsigned NOT NULL,
  `CodiceDanno` int unsigned NOT NULL,
  PRIMARY KEY (`CodiceDanno`),
  KEY `fk_Riferimento_Danno1_idx` (`CodiceDanno`),
  CONSTRAINT `fk_Riferimento_Danno1` FOREIGN KEY (`CodiceDanno`) REFERENCES `Danno` (`CodiceDanno`) ON DELETE CASCADE ON UPDATE CASCADE,
  CONSTRAINT `Riferimento_chk_1` CHECK ((`Lunghezza` > 0)),
  CONSTRAINT `Riferimento_chk_2` CHECK ((`Larghezza` > 0)),
  CONSTRAINT `Riferimento_chk_3` CHECK ((`Altezza` > 0))
) ENGINE=InnoDB DEFAULT CHARSET=utf8mb4 COLLATE=utf8mb4_0900_ai_ci;
/*!40101 SET character_set_client = @saved_cs_client */;

--
-- Dumping data for table `Riferimento`
--

LOCK TABLES `Riferimento` WRITE;
/*!40000 ALTER TABLE `Riferimento` DISABLE KEYS */;
INSERT INTO `Riferimento` VALUES (0.13,0.05,0.13,3.9,0.1,1,0),(0.23,0.12,0.01,3.6,9.8,0.8,1),(0.07,0.13,0.07,8.4,9.8,1.3,2),(0.06,0.25,0.16,11.1,4.4,1.6,3),(0.15,0.23,0.04,2.2,0.3,0,4),(0.19,0.16,0.12,8,11.2,0.55,5),(0.21,0.3,0.2,15,4,0.4,6),(0.09,0.2,0.17,15,4.9,1.3,7);
/*!40000 ALTER TABLE `Riferimento` ENABLE KEYS */;
UNLOCK TABLES;

--
-- Table structure for table `Rischio`
--

DROP TABLE IF EXISTS `Rischio`;
/*!40101 SET @saved_cs_client     = @@character_set_client */;
/*!50503 SET character_set_client = utf8mb4 */;
CREATE TABLE `Rischio` (
  `Tipo` varchar(45) NOT NULL,
  `Data` timestamp NOT NULL,
  `Coefficiente` float NOT NULL,
  `NomeArea` varchar(45) NOT NULL,
  PRIMARY KEY (`Data`,`Tipo`,`NomeArea`),
  KEY `AreaGeo(NomeArea)` (`NomeArea`),
  CONSTRAINT `fk_Rischio_AreaGeo1` FOREIGN KEY (`NomeArea`) REFERENCES `AreaGeo` (`NomeArea`) ON DELETE CASCADE ON UPDATE CASCADE,
  CONSTRAINT `Rischio_chk_1` CHECK ((`Coefficiente` between 0 and 1))
) ENGINE=InnoDB DEFAULT CHARSET=utf8mb4 COLLATE=utf8mb4_0900_ai_ci;
/*!40101 SET character_set_client = @saved_cs_client */;

--
-- Dumping data for table `Rischio`
--

LOCK TABLES `Rischio` WRITE;
/*!40000 ALTER TABLE `Rischio` DISABLE KEYS */;
INSERT INTO `Rischio` VALUES ('Lahar','2022-06-30 00:00:00',0.23,'Pisa'),('Terremoto','2022-06-30 00:00:00',0.45,'Pisa'),('Terremoto','2022-06-30 00:00:00',0.49,'Prato'),('Tsunami','2022-06-30 00:00:00',0.34,'Pisa'),('Alluvione','2022-07-10 00:00:00',0.65,'Grosseto'),('Alluvione','2022-07-10 00:00:00',0.48,'Massa-Carrara'),('Alluvione','2022-07-10 00:00:00',0.47,'Pistoia'),('Frana','2022-07-10 00:00:00',0.48,'Grosseto'),('Terremoto','2022-07-10 00:00:00',0.37,'Grosseto'),('Terremoto','2022-07-10 00:00:00',0.48,'Livorno'),('Terremoto','2022-07-10 00:00:00',0.53,'Massa-Carrara'),('Terremoto','2022-07-10 00:00:00',0.71,'Pistoia'),('Tsunami','2022-07-10 00:00:00',0.38,'Livorno'),('Tsunami','2022-07-10 00:00:00',0.23,'Massa-Carrara'),('Alluvione','2022-07-20 00:00:00',0.57,'Arezzo'),('Alluvione','2022-07-20 00:00:00',0.4,'Firenze'),('Alluvione','2022-07-20 00:00:00',0.43,'Lucca'),('Alluvione','2022-07-20 00:00:00',0.6,'Siena'),('Eruzione','2022-07-20 00:00:00',0.27,'Siena'),('Frana','2022-07-20 00:00:00',0.6,'Arezzo'),('Frana','2022-07-20 00:00:00',0.59,'Lucca'),('Frana','2022-07-20 00:00:00',0.54,'Siena'),('Terremoto','2022-07-20 00:00:00',0.65,'Arezzo'),('Terremoto','2022-07-20 00:00:00',0.59,'Firenze'),('Terremoto','2022-07-20 00:00:00',0.62,'Lucca'),('Terremoto','2022-07-20 00:00:00',0.55,'Siena'),('Alluvione','2022-07-29 00:00:00',0.590971,'Arezzo'),('Alluvione','2022-07-29 00:00:00',0.429262,'Firenze'),('Alluvione','2022-07-29 00:00:00',0.505361,'Massa-Carrara'),('Terremoto','2022-07-29 00:00:00',0.609996,'Firenze');
/*!40000 ALTER TABLE `Rischio` ENABLE KEYS */;
UNLOCK TABLES;

--
-- Table structure for table `Sensore1D`
--

DROP TABLE IF EXISTS `Sensore1D`;
/*!40101 SET @saved_cs_client     = @@character_set_client */;
/*!50503 SET character_set_client = utf8mb4 */;
CREATE TABLE `Sensore1D` (
  `CodiceSensore` int unsigned NOT NULL AUTO_INCREMENT,
  `X` float NOT NULL,
  `Y` float unsigned NOT NULL,
  `Z` float unsigned NOT NULL,
  `Soglia` float NOT NULL DEFAULT '1',
  `Tipo` varchar(45) NOT NULL,
  `DataInstallazione` timestamp NOT NULL DEFAULT CURRENT_TIMESTAMP,
  `CodiceVano` int unsigned NOT NULL,
  PRIMARY KEY (`CodiceSensore`),
  KEY `fk_Sensore1D_Vano1_idx` (`CodiceVano`),
  CONSTRAINT `fk_Sensore1D_Vano1` FOREIGN KEY (`CodiceVano`) REFERENCES `Vano` (`CodiceVano`) ON DELETE CASCADE ON UPDATE CASCADE,
  CONSTRAINT `Sensore1D_chk_1` CHECK ((`Soglia` > 0))
) ENGINE=InnoDB AUTO_INCREMENT=33 DEFAULT CHARSET=utf8mb4 COLLATE=utf8mb4_0900_ai_ci;
/*!40101 SET character_set_client = @saved_cs_client */;

--
-- Dumping data for table `Sensore1D`
--

LOCK TABLES `Sensore1D` WRITE;
/*!40000 ALTER TABLE `Sensore1D` DISABLE KEYS */;
INSERT INTO `Sensore1D` VALUES (0,8,10,2,80,'UmiditaEsterna','2016-11-10 00:00:00',3),(1,2,0,2,80,'UmiditaInterna','2016-11-10 00:00:00',0),(2,5,10.1,1.5,35,'TemperaturaEsterna','2016-11-10 00:00:00',2),(3,7.4,2,1.5,28,'TemperaturaInterna','2016-11-10 00:00:00',7),(4,8,10.1,1,6,'Precipitazione','2016-11-10 00:00:00',3),(5,2,10,2,80,'UmiditaInterna','2016-11-10 00:00:00',9),(6,11,0,2,80,'UmiditaInterna','2016-11-10 00:00:00',12),(7,7,11.5,1.5,35,'TemperaturaEsterna','2016-11-10 00:00:00',10),(8,10,5.5,1.5,28,'TemperaturaInterna','2016-11-10 00:00:00',11),(9,5,11,0,6,'Precipitazione','2016-11-10 00:00:00',10),(10,15,4,0.4,0.473333,'Posizione','2019-05-01 05:16:00',12),(11,8,11.2,0.55,0.313333,'Posizione','2019-05-01 05:16:00',10),(12,2.2,1.2,0,0.28,'Posizione','2019-05-01 05:16:00',8),(13,11.1,4.4,1.6,0.313333,'Posizione','2019-05-01 05:16:00',6),(14,15,4.9,1.3,0.306667,'Posizione','2021-07-29 09:00:00',4),(15,8.4,9.8,1.3,0.18,'Posizione','2019-05-01 05:16:00',3),(16,3.6,9.8,0.8,0.24,'Posizione','2019-05-01 05:16:00',1),(17,3.2,0,1,0.206667,'Posizione','2019-05-01 05:16:00',0);
/*!40000 ALTER TABLE `Sensore1D` ENABLE KEYS */;
UNLOCK TABLES;

--
-- Table structure for table `Sensore2D`
--

DROP TABLE IF EXISTS `Sensore2D`;
/*!40101 SET @saved_cs_client     = @@character_set_client */;
/*!50503 SET character_set_client = utf8mb4 */;
CREATE TABLE `Sensore2D` (
  `CodiceSensore` int unsigned NOT NULL AUTO_INCREMENT,
  `X` float unsigned NOT NULL,
  `Y` float unsigned NOT NULL,
  `Z` float unsigned NOT NULL,
  `SogliaX` float NOT NULL DEFAULT '1',
  `SogliaY` float NOT NULL DEFAULT '1',
  `Tipo` varchar(45) NOT NULL,
  `DataInstallazione` timestamp NOT NULL DEFAULT CURRENT_TIMESTAMP,
  `CodiceVano` int unsigned NOT NULL,
  PRIMARY KEY (`CodiceSensore`),
  KEY `fk_Sensore2D_Vano1_idx` (`CodiceVano`),
  CONSTRAINT `fk_Sensore2D_Vano1` FOREIGN KEY (`CodiceVano`) REFERENCES `Vano` (`CodiceVano`) ON DELETE CASCADE ON UPDATE CASCADE,
  CONSTRAINT `Sensore2D_chk_1` CHECK ((`SogliaX` > 0)),
  CONSTRAINT `Sensore2D_chk_2` CHECK ((`SogliaY` > 0))
) ENGINE=InnoDB AUTO_INCREMENT=10 DEFAULT CHARSET=utf8mb4 COLLATE=utf8mb4_0900_ai_ci;
/*!40101 SET character_set_client = @saved_cs_client */;

--
-- Dumping data for table `Sensore2D`
--

LOCK TABLES `Sensore2D` WRITE;
/*!40000 ALTER TABLE `Sensore2D` DISABLE KEYS */;
INSERT INTO `Sensore2D` VALUES (0,4,5.5,3,0.23,0.19,'Accelerometro','2016-11-10 00:00:00',0),(1,4.1,5.6,3.1,4.5,6.1,'Giroscopio','2016-11-10 00:00:00',0),(2,4,5.5,3,0.19,0.21,'Accelerometro','2016-11-10 00:00:00',8),(3,4.1,5.6,3.1,4.5,5.4,'Giroscopio','2016-11-10 00:00:00',8),(4,3.2,0,1,4.7,6,'Giroscopio','2019-05-01 05:16:00',0),(5,3.6,9.8,0.8,4.7,5.9,'Giroscopio','2019-05-01 05:16:00',1),(6,15,4,0.4,4.8,4.6,'Giroscopio','2019-05-01 05:16:00',12),(7,15,4,0.4,0.21,0.22,'Accelerometro','2019-05-01 05:16:00',12),(8,8,11.2,0.55,0.22,0.23,'Accelerometro','2019-05-01 05:16:00',10);
/*!40000 ALTER TABLE `Sensore2D` ENABLE KEYS */;
UNLOCK TABLES;

--
-- Table structure for table `Sensore3D`
--

DROP TABLE IF EXISTS `Sensore3D`;
/*!40101 SET @saved_cs_client     = @@character_set_client */;
/*!50503 SET character_set_client = utf8mb4 */;
CREATE TABLE `Sensore3D` (
  `CodiceSensore` int unsigned NOT NULL AUTO_INCREMENT,
  `X` float unsigned NOT NULL,
  `Y` float unsigned NOT NULL,
  `Z` float unsigned NOT NULL,
  `SogliaX` float NOT NULL DEFAULT '1',
  `SogliaY` float NOT NULL DEFAULT '1',
  `SogliaZ` float NOT NULL DEFAULT '1',
  `Tipo` varchar(45) NOT NULL,
  `DataInstallazione` timestamp NOT NULL DEFAULT CURRENT_TIMESTAMP,
  `CodiceVano` int unsigned NOT NULL,
  PRIMARY KEY (`CodiceSensore`),
  KEY `fk_Sensore3D_Vano1_idx` (`CodiceVano`),
  CONSTRAINT `fk_Sensore3D_Vano1` FOREIGN KEY (`CodiceVano`) REFERENCES `Vano` (`CodiceVano`) ON DELETE CASCADE ON UPDATE CASCADE,
  CONSTRAINT `Sensore3D_chk_1` CHECK ((`SogliaX` > 0)),
  CONSTRAINT `Sensore3D_chk_2` CHECK ((`SogliaY` > 0)),
  CONSTRAINT `Sensore3D_chk_3` CHECK ((`SogliaZ` > 0))
) ENGINE=InnoDB AUTO_INCREMENT=9 DEFAULT CHARSET=utf8mb4 COLLATE=utf8mb4_0900_ai_ci;
/*!40101 SET character_set_client = @saved_cs_client */;

--
-- Dumping data for table `Sensore3D`
--

LOCK TABLES `Sensore3D` WRITE;
/*!40000 ALTER TABLE `Sensore3D` DISABLE KEYS */;
INSERT INTO `Sensore3D` VALUES (0,7.5,4.5,3,0.22,0.19,0.14,'Accelerometro','2016-11-10 00:00:00',7),(1,7.51,4.51,3.1,2.5,2.8,1.9,'Giroscopio','2016-11-10 00:00:00',7),(2,10,5,3,0.25,0.22,0.24,'Accelerometro','2016-11-10 00:00:00',12),(3,10.1,5.1,3.1,1.7,2,2.3,'Giroscopio','2016-11-10 00:00:00',12),(4,15,4,0.4,0.19,0.23,0.21,'Accelerometro','2019-05-01 05:16:00',12),(5,8,11.2,0.55,0.225,0.21,0.17,'Accelerometro','2019-05-01 05:16:00',10),(6,15,4,0.4,2.4,2.33,2.7,'Giroscopio','2019-05-01 05:16:00',12),(7,8,11.2,0.55,2.3,2.4,2.1,'Giroscopio','2019-05-01 05:16:00',10);
/*!40000 ALTER TABLE `Sensore3D` ENABLE KEYS */;
UNLOCK TABLES;

--
-- Table structure for table `SogliaInferiore`
--

DROP TABLE IF EXISTS `SogliaInferiore`;
/*!40101 SET @saved_cs_client     = @@character_set_client */;
/*!50503 SET character_set_client = utf8mb4 */;
CREATE TABLE `SogliaInferiore` (
  `ValoreInf` float NOT NULL DEFAULT '1',
  `CodiceSensore` int unsigned NOT NULL,
  PRIMARY KEY (`CodiceSensore`),
  CONSTRAINT `fk_SogliaInferiore_Sensore1D1` FOREIGN KEY (`CodiceSensore`) REFERENCES `Sensore1D` (`CodiceSensore`)
) ENGINE=InnoDB DEFAULT CHARSET=utf8mb4 COLLATE=utf8mb4_0900_ai_ci;
/*!40101 SET character_set_client = @saved_cs_client */;

--
-- Dumping data for table `SogliaInferiore`
--

LOCK TABLES `SogliaInferiore` WRITE;
/*!40000 ALTER TABLE `SogliaInferiore` DISABLE KEYS */;
INSERT INTO `SogliaInferiore` VALUES (-15,2),(3,3),(-15,7),(3,8);
/*!40000 ALTER TABLE `SogliaInferiore` ENABLE KEYS */;
UNLOCK TABLES;

--
-- Table structure for table `StadioAva`
--

DROP TABLE IF EXISTS `StadioAva`;
/*!40101 SET @saved_cs_client     = @@character_set_client */;
/*!50503 SET character_set_client = utf8mb4 */;
CREATE TABLE `StadioAva` (
  `DataInizio` date NOT NULL,
  `StimaDataFine` date NOT NULL,
  `DataFine` date DEFAULT NULL,
  `CodiceProgetto` int unsigned NOT NULL,
  PRIMARY KEY (`DataInizio`,`CodiceProgetto`),
  KEY `fk_StadioAvanzamento_Progetto1_idx` (`CodiceProgetto`),
  CONSTRAINT `Progetto(CodiceProgetto)` FOREIGN KEY (`CodiceProgetto`) REFERENCES `Progetto` (`CodiceProgetto`) ON DELETE CASCADE ON UPDATE CASCADE,
  CONSTRAINT `StadioAva_chk_1` CHECK ((`DataFine` > `DataInizio`)),
  CONSTRAINT `StadioAva_chk_2` CHECK ((`StimaDataFine` > `DataInizio`))
) ENGINE=InnoDB DEFAULT CHARSET=utf8mb4 COLLATE=utf8mb4_0900_ai_ci;
/*!40101 SET character_set_client = @saved_cs_client */;

--
-- Dumping data for table `StadioAva`
--

LOCK TABLES `StadioAva` WRITE;
/*!40000 ALTER TABLE `StadioAva` DISABLE KEYS */;
INSERT INTO `StadioAva` VALUES ('2016-03-10','2016-04-10','2016-05-10',0),('2016-04-10','2016-05-10','2016-05-10',0),('2016-05-10','2016-06-10','2016-06-10',0),('2016-06-10','2016-07-10','2016-07-10',0),('2016-07-10','2016-08-10','2016-08-10',0),('2016-08-10','2016-09-10','2016-09-10',0),('2016-09-10','2016-10-10','2016-10-10',0),('2016-10-10','2016-11-10','2016-11-10',0);
/*!40000 ALTER TABLE `StadioAva` ENABLE KEYS */;
UNLOCK TABLES;

--
-- Table structure for table `Stato`
--

DROP TABLE IF EXISTS `Stato`;
/*!40101 SET @saved_cs_client     = @@character_set_client */;
/*!50503 SET character_set_client = utf8mb4 */;
CREATE TABLE `Stato` (
  `VulnSismica` float unsigned NOT NULL DEFAULT '0',
  `VulnIdrogeologica` float unsigned NOT NULL DEFAULT '0',
  `VulnTermica` float unsigned NOT NULL DEFAULT '0',
  `VulnStrutturale` float unsigned NOT NULL DEFAULT '0',
  `CodiceEdificio` int unsigned NOT NULL,
  PRIMARY KEY (`CodiceEdificio`),
  CONSTRAINT `fk_Stato_Edificio1` FOREIGN KEY (`CodiceEdificio`) REFERENCES `Edificio` (`CodiceEdificio`) ON DELETE CASCADE ON UPDATE CASCADE,
  CONSTRAINT `Stato_chk_1` CHECK ((`VulnSismica` between 0 and 1)),
  CONSTRAINT `Stato_chk_2` CHECK ((`VulnIdrogeologica` between 0 and 1)),
  CONSTRAINT `Stato_chk_3` CHECK ((`VulnTermica` between 0 and 1)),
  CONSTRAINT `Stato_chk_4` CHECK ((`VulnStrutturale` between 0 and 1))
) ENGINE=InnoDB DEFAULT CHARSET=utf8mb4 COLLATE=utf8mb4_0900_ai_ci;
/*!40101 SET character_set_client = @saved_cs_client */;

--
-- Dumping data for table `Stato`
--

LOCK TABLES `Stato` WRITE;
/*!40000 ALTER TABLE `Stato` DISABLE KEYS */;
INSERT INTO `Stato` VALUES (0.993209,0.501374,0,0.491835,0),(0,0,0,0,1),(0,0,0,0,2),(0,0,0,0,3),(0,0,0,0,4);
/*!40000 ALTER TABLE `Stato` ENABLE KEYS */;
UNLOCK TABLES;

--
-- Table structure for table `Svolgimento`
--

DROP TABLE IF EXISTS `Svolgimento`;
/*!40101 SET @saved_cs_client     = @@character_set_client */;
/*!50503 SET character_set_client = utf8mb4 */;
CREATE TABLE `Svolgimento` (
  `Ore` float unsigned NOT NULL,
  `CodiceLavoro` int unsigned NOT NULL,
  `GiornoInizio` int NOT NULL,
  `GiornoFine` int NOT NULL,
  `OraInizio` time NOT NULL,
  `OraFine` time NOT NULL,
  `CodFiscale` varchar(16) NOT NULL,
  PRIMARY KEY (`CodiceLavoro`,`GiornoInizio`,`GiornoFine`,`OraInizio`,`OraFine`,`CodFiscale`),
  KEY `fk_Svolgimento_Lavoro1_idx` (`CodiceLavoro`),
  KEY `fk_Svolgimento_Turno1_idx` (`GiornoInizio`,`GiornoFine`,`OraInizio`,`OraFine`),
  KEY `fk_Svolgimento_Lavoratore1_idx` (`CodFiscale`),
  CONSTRAINT `fk_Svolgimento_Lavoratore1` FOREIGN KEY (`CodFiscale`) REFERENCES `Lavoratore` (`CodFiscale`) ON DELETE CASCADE ON UPDATE CASCADE,
  CONSTRAINT `fk_Svolgimento_Lavoro1` FOREIGN KEY (`CodiceLavoro`) REFERENCES `Lavoro` (`CodiceLavoro`) ON UPDATE CASCADE,
  CONSTRAINT `fk_Svolgimento_Turno1` FOREIGN KEY (`GiornoInizio`, `GiornoFine`, `OraInizio`, `OraFine`) REFERENCES `Turno` (`GiornoInizio`, `GiornoFine`, `OraInizio`, `OraFine`) ON DELETE CASCADE ON UPDATE CASCADE,
  CONSTRAINT `Svolgimento_chk_1` CHECK ((`Ore` > 1))
) ENGINE=InnoDB DEFAULT CHARSET=utf8mb4 COLLATE=utf8mb4_0900_ai_ci;
/*!40101 SET character_set_client = @saved_cs_client */;

--
-- Dumping data for table `Svolgimento`
--

LOCK TABLES `Svolgimento` WRITE;
/*!40000 ALTER TABLE `Svolgimento` DISABLE KEYS */;
INSERT INTO `Svolgimento` VALUES (2,0,1,5,'09:00:00','17:00:00','CHJVDN64M62B789N'),(5,0,1,5,'09:00:00','17:00:00','LYTPWN92E14H778C'),(7,0,1,5,'09:00:00','17:00:00','VDCWWG84R64A539V'),(3,0,1,5,'09:00:00','17:00:00','YRBYJF64H06F453M'),(8,0,1,5,'09:00:00','17:00:00','YREVHF69D46E976I'),(5,0,1,5,'14:00:00','22:00:00','CGOLER71L47B270H'),(3,0,1,5,'14:00:00','22:00:00','HJZZNF81M15B602Q'),(8,0,1,5,'14:00:00','22:00:00','LOPDGI81P20G540Y'),(4,0,1,5,'14:00:00','22:00:00','POLCSI82R17B227O'),(7,0,1,5,'14:00:00','22:00:00','PPBPQT66D17B463X'),(7,1,1,5,'09:00:00','17:00:00','CHJVDN64M62B789N'),(5,1,1,5,'09:00:00','17:00:00','LYTPWN92E14H778C'),(3,1,1,5,'09:00:00','17:00:00','VDCWWG84R64A539V'),(4,1,1,5,'09:00:00','17:00:00','YRBYJF64H06F453M'),(4,1,1,5,'09:00:00','17:00:00','YREVHF69D46E976I'),(3,1,1,5,'14:00:00','22:00:00','CGOLER71L47B270H'),(2,1,1,5,'14:00:00','22:00:00','HJZZNF81M15B602Q'),(2,1,1,5,'14:00:00','22:00:00','LOPDGI81P20G540Y'),(8,1,1,5,'14:00:00','22:00:00','POLCSI82R17B227O'),(2,1,1,5,'14:00:00','22:00:00','PPBPQT66D17B463X'),(7,2,1,5,'09:00:00','17:00:00','LYTPWN92E14H778C'),(4,2,1,5,'09:00:00','17:00:00','VDCWWG84R64A539V'),(4,2,1,5,'09:00:00','17:00:00','YRBYJF64H06F453M'),(5,2,1,5,'09:00:00','17:00:00','YREVHF69D46E976I'),(4,2,1,5,'14:00:00','22:00:00','CGOLER71L47B270H'),(2,2,1,5,'14:00:00','22:00:00','HJZZNF81M15B602Q'),(7,2,1,5,'14:00:00','22:00:00','POLCSI82R17B227O'),(5,2,1,5,'14:00:00','22:00:00','PPBPQT66D17B463X'),(3,3,1,5,'09:00:00','17:00:00','GLOLYJ68P06B542P'),(7,3,1,5,'09:00:00','17:00:00','LYTPWN92E14H778C'),(5,3,1,5,'09:00:00','17:00:00','VDCWWG84R64A539V'),(5,3,1,5,'09:00:00','17:00:00','YRBYJF64H06F453M'),(8,3,1,5,'09:00:00','17:00:00','YREVHF69D46E976I'),(3,3,1,5,'14:00:00','22:00:00','CGOLER71L47B270H'),(8,3,1,5,'14:00:00','22:00:00','HJZZNF81M15B602Q'),(6,3,1,5,'14:00:00','22:00:00','POLCSI82R17B227O'),(3,3,1,5,'14:00:00','22:00:00','PPBPQT66D17B463X'),(6,4,1,5,'09:00:00','17:00:00','BCTQYN97E15A555V'),(6,4,1,5,'09:00:00','17:00:00','GLOLYJ68P06B542P'),(4,4,1,5,'09:00:00','17:00:00','LYTPWN92E14H778C'),(4,4,1,5,'09:00:00','17:00:00','VDCWWG84R64A539V'),(4,4,1,5,'09:00:00','17:00:00','YRBYJF64H06F453M'),(3,4,1,5,'14:00:00','22:00:00','CGOLER71L47B270H'),(5,4,1,5,'14:00:00','22:00:00','HJZZNF81M15B602Q'),(7,4,1,5,'14:00:00','22:00:00','POLCSI82R17B227O'),(7,4,1,5,'14:00:00','22:00:00','PPBPQT66D17B463X'),(5,5,1,5,'09:00:00','17:00:00','BCTQYN97E15A555V'),(5,5,1,5,'09:00:00','17:00:00','GLOLYJ68P06B542P'),(2,5,1,5,'09:00:00','17:00:00','LYTPWN92E14H778C'),(2,5,1,5,'09:00:00','17:00:00','VDCWWG84R64A539V'),(4,5,1,5,'09:00:00','17:00:00','YGDHTZ89D50C487E'),(3,5,1,5,'09:00:00','17:00:00','YRBYJF64H06F453M'),(7,5,1,5,'14:00:00','22:00:00','HJZZNF81M15B602Q'),(3,5,1,5,'14:00:00','22:00:00','POLCSI82R17B227O'),(3,5,1,5,'14:00:00','22:00:00','PPBPQT66D17B463X'),(7,5,1,5,'14:00:00','22:00:00','TSQTGW74B02A218P'),(2,6,1,5,'09:00:00','17:00:00','BCTQYN97E15A555V'),(8,6,1,5,'09:00:00','17:00:00','GLOLYJ68P06B542P'),(8,6,1,5,'09:00:00','17:00:00','RZSTYI77H25A796L'),(6,6,1,5,'09:00:00','17:00:00','SGSBDU81L43G274Q'),(5,6,1,5,'09:00:00','17:00:00','VDCWWG84R64A539V'),(8,6,1,5,'09:00:00','17:00:00','YGDHTZ89D50C487E'),(4,6,1,5,'09:00:00','17:00:00','YRBYJF64H06F453M'),(6,6,1,5,'14:00:00','22:00:00','HJZZNF81M15B602Q'),(2,6,1,5,'14:00:00','22:00:00','POLCSI82R17B227O'),(5,6,1,5,'14:00:00','22:00:00','PPBPQT66D17B463X'),(2,6,1,5,'14:00:00','22:00:00','THDBVA88R21I926S'),(3,6,1,5,'14:00:00','22:00:00','TSQTGW74B02A218P'),(2,7,1,5,'09:00:00','17:00:00','BCTQYN97E15A555V'),(4,7,1,5,'09:00:00','17:00:00','GLOLYJ68P06B542P'),(2,7,1,5,'09:00:00','17:00:00','RZSTYI77H25A796L'),(2,7,1,5,'09:00:00','17:00:00','SGSBDU81L43G274Q'),(2,7,1,5,'09:00:00','17:00:00','VDCWWG84R64A539V'),(6,7,1,5,'09:00:00','17:00:00','YGDHTZ89D50C487E'),(7,7,1,5,'09:00:00','17:00:00','YRBYJF64H06F453M'),(7,7,1,5,'09:00:00','17:00:00','YREVHF69D46E976I'),(4,7,1,5,'14:00:00','22:00:00','HJZZNF81M15B602Q'),(2,7,1,5,'14:00:00','22:00:00','POLCSI82R17B227O'),(6,7,1,5,'14:00:00','22:00:00','PPBPQT66D17B463X'),(3,7,1,5,'14:00:00','22:00:00','THDBVA88R21I926S'),(7,7,1,5,'14:00:00','22:00:00','TSQTGW74B02A218P'),(7,8,1,5,'09:00:00','17:00:00','BCTQYN97E15A555V'),(8,8,1,5,'09:00:00','17:00:00','GLOLYJ68P06B542P'),(4,8,1,5,'09:00:00','17:00:00','RZSTYI77H25A796L'),(3,8,1,5,'09:00:00','17:00:00','VDCWWG84R64A539V'),(7,8,1,5,'09:00:00','17:00:00','YGDHTZ89D50C487E'),(5,8,1,5,'09:00:00','17:00:00','YRBYJF64H06F453M'),(3,8,1,5,'14:00:00','22:00:00','HJZZNF81M15B602Q'),(5,8,1,5,'14:00:00','22:00:00','LOPDGI81P20G540Y'),(5,8,1,5,'14:00:00','22:00:00','POLCSI82R17B227O'),(6,8,1,5,'14:00:00','22:00:00','PPBPQT66D17B463X'),(6,8,1,5,'14:00:00','22:00:00','TSQTGW74B02A218P'),(4,9,1,5,'09:00:00','17:00:00','BCTQYN97E15A555V'),(2,9,1,5,'09:00:00','17:00:00','GLOLYJ68P06B542P'),(3,9,1,5,'09:00:00','17:00:00','RZSTYI77H25A796L'),(8,9,1,5,'09:00:00','17:00:00','SGSBDU81L43G274Q'),(6,9,1,5,'09:00:00','17:00:00','VDCWWG84R64A539V'),(2,9,1,5,'09:00:00','17:00:00','YGDHTZ89D50C487E'),(8,9,1,5,'14:00:00','22:00:00','HJZZNF81M15B602Q'),(8,9,1,5,'14:00:00','22:00:00','LOPDGI81P20G540Y'),(8,9,1,5,'14:00:00','22:00:00','POLCSI82R17B227O'),(3,9,1,5,'14:00:00','22:00:00','TSQTGW74B02A218P'),(2,10,1,5,'09:00:00','17:00:00','CHJVDN64M62B789N'),(2,10,1,5,'09:00:00','17:00:00','GLOLYJ68P06B542P'),(8,10,1,5,'09:00:00','17:00:00','LYTPWN92E14H778C'),(6,10,1,5,'09:00:00','17:00:00','RZSTYI77H25A796L'),(8,10,1,5,'09:00:00','17:00:00','VDCWWG84R64A539V'),(5,10,1,5,'09:00:00','17:00:00','YGDHTZ89D50C487E'),(6,10,1,5,'14:00:00','22:00:00','CGOLER71L47B270H'),(2,10,1,5,'14:00:00','22:00:00','HJZZNF81M15B602Q'),(4,10,1,5,'14:00:00','22:00:00','LOPDGI81P20G540Y'),(5,10,1,5,'14:00:00','22:00:00','POLCSI82R17B227O'),(2,10,1,5,'14:00:00','22:00:00','TSQTGW74B02A218P'),(6,11,1,5,'09:00:00','17:00:00','CHJVDN64M62B789N'),(6,11,1,5,'09:00:00','17:00:00','RZSTYI77H25A796L'),(4,11,1,5,'09:00:00','17:00:00','VDCWWG84R64A539V'),(3,11,1,5,'09:00:00','17:00:00','YGDHTZ89D50C487E'),(3,11,1,5,'09:00:00','17:00:00','YREVHF69D46E976I'),(5,11,1,5,'14:00:00','22:00:00','CGOLER71L47B270H'),(7,11,1,5,'14:00:00','22:00:00','HJZZNF81M15B602Q'),(8,11,1,5,'14:00:00','22:00:00','LOPDGI81P20G540Y'),(5,11,1,5,'14:00:00','22:00:00','POLCSI82R17B227O'),(2,11,1,5,'14:00:00','22:00:00','TSQTGW74B02A218P'),(5,12,1,5,'09:00:00','17:00:00','CHJVDN64M62B789N'),(6,12,1,5,'09:00:00','17:00:00','RZSTYI77H25A796L'),(6,12,1,5,'09:00:00','17:00:00','SGSBDU81L43G274Q'),(6,12,1,5,'09:00:00','17:00:00','VDCWWG84R64A539V'),(7,12,1,5,'09:00:00','17:00:00','YGDHTZ89D50C487E'),(3,12,1,5,'09:00:00','17:00:00','YREVHF69D46E976I'),(2,12,1,5,'14:00:00','22:00:00','HJZZNF81M15B602Q'),(3,12,1,5,'14:00:00','22:00:00','LOPDGI81P20G540Y'),(8,12,1,5,'14:00:00','22:00:00','POLCSI82R17B227O'),(8,12,1,5,'14:00:00','22:00:00','THDBVA88R21I926S'),(2,12,1,5,'14:00:00','22:00:00','TSQTGW74B02A218P'),(6,13,1,5,'09:00:00','17:00:00','CHJVDN64M62B789N'),(8,13,1,5,'09:00:00','17:00:00','RZSTYI77H25A796L'),(2,13,1,5,'09:00:00','17:00:00','SGSBDU81L43G274Q'),(4,13,1,5,'09:00:00','17:00:00','VDCWWG84R64A539V'),(6,13,1,5,'09:00:00','17:00:00','YGDHTZ89D50C487E'),(3,13,1,5,'14:00:00','22:00:00','HJZZNF81M15B602Q'),(3,13,1,5,'14:00:00','22:00:00','LOPDGI81P20G540Y'),(8,13,1,5,'14:00:00','22:00:00','POLCSI82R17B227O'),(4,13,1,5,'14:00:00','22:00:00','THDBVA88R21I926S'),(3,14,1,5,'09:00:00','17:00:00','BCTQYN97E15A555V'),(3,14,1,5,'09:00:00','17:00:00','CHJVDN64M62B789N'),(2,14,1,5,'09:00:00','17:00:00','RZSTYI77H25A796L'),(7,14,1,5,'09:00:00','17:00:00','SGSBDU81L43G274Q'),(8,14,1,5,'09:00:00','17:00:00','VDCWWG84R64A539V'),(4,14,1,5,'14:00:00','22:00:00','HJZZNF81M15B602Q'),(5,14,1,5,'14:00:00','22:00:00','LOPDGI81P20G540Y'),(2,14,1,5,'14:00:00','22:00:00','POLCSI82R17B227O'),(2,14,1,5,'14:00:00','22:00:00','THDBVA88R21I926S'),(5,14,1,5,'14:00:00','22:00:00','TSQTGW74B02A218P'),(6,15,1,5,'09:00:00','17:00:00','BCTQYN97E15A555V'),(7,15,1,5,'09:00:00','17:00:00','CHJVDN64M62B789N'),(2,15,1,5,'09:00:00','17:00:00','SGSBDU81L43G274Q'),(6,15,1,5,'09:00:00','17:00:00','VDCWWG84R64A539V'),(6,15,1,5,'14:00:00','22:00:00','LOPDGI81P20G540Y'),(6,15,1,5,'14:00:00','22:00:00','POLCSI82R17B227O'),(2,15,1,5,'14:00:00','22:00:00','THDBVA88R21I926S'),(7,15,1,5,'14:00:00','22:00:00','TSQTGW74B02A218P'),(7,16,1,5,'09:00:00','17:00:00','BCTQYN97E15A555V'),(8,16,1,5,'09:00:00','17:00:00','CHJVDN64M62B789N'),(8,16,1,5,'09:00:00','17:00:00','CRFWBP61D26M178U'),(5,16,1,5,'09:00:00','17:00:00','SGSBDU81L43G274Q'),(4,16,1,5,'09:00:00','17:00:00','VDCWWG84R64A539V'),(6,16,1,5,'09:00:00','17:00:00','YREVHF69D46E976I'),(4,16,1,5,'14:00:00','22:00:00','LOPDGI81P20G540Y'),(2,16,1,5,'14:00:00','22:00:00','POLCSI82R17B227O'),(8,16,1,5,'14:00:00','22:00:00','THDBVA88R21I926S'),(6,17,1,5,'09:00:00','17:00:00','BCTQYN97E15A555V'),(8,17,1,5,'09:00:00','17:00:00','CHJVDN64M62B789N'),(6,17,1,5,'09:00:00','17:00:00','CRFWBP61D26M178U'),(7,17,1,5,'09:00:00','17:00:00','GLOLYJ68P06B542P'),(7,17,1,5,'09:00:00','17:00:00','SGSBDU81L43G274Q'),(2,17,1,5,'09:00:00','17:00:00','VDCWWG84R64A539V'),(5,17,1,5,'09:00:00','17:00:00','YREVHF69D46E976I'),(7,17,1,5,'14:00:00','22:00:00','LOPDGI81P20G540Y'),(5,17,1,5,'14:00:00','22:00:00','POLCSI82R17B227O'),(2,17,1,5,'14:00:00','22:00:00','THDBVA88R21I926S'),(6,18,1,5,'09:00:00','17:00:00','BCTQYN97E15A555V'),(4,18,1,5,'09:00:00','17:00:00','CHJVDN64M62B789N'),(7,18,1,5,'09:00:00','17:00:00','CRFWBP61D26M178U'),(4,18,1,5,'09:00:00','17:00:00','SGSBDU81L43G274Q'),(7,18,1,5,'09:00:00','17:00:00','VDCWWG84R64A539V'),(3,18,1,5,'09:00:00','17:00:00','YGDHTZ89D50C487E'),(7,18,1,5,'09:00:00','17:00:00','YREVHF69D46E976I'),(7,18,1,5,'14:00:00','22:00:00','POLCSI82R17B227O'),(8,18,1,5,'14:00:00','22:00:00','THDBVA88R21I926S'),(2,19,1,5,'09:00:00','17:00:00','CHJVDN64M62B789N'),(2,19,1,5,'09:00:00','17:00:00','CRFWBP61D26M178U'),(6,19,1,5,'09:00:00','17:00:00','SGSBDU81L43G274Q'),(4,19,1,5,'09:00:00','17:00:00','YGDHTZ89D50C487E'),(3,19,1,5,'09:00:00','17:00:00','YREVHF69D46E976I'),(7,19,1,5,'14:00:00','22:00:00','CGOLER71L47B270H'),(8,19,1,5,'14:00:00','22:00:00','LOPDGI81P20G540Y'),(3,19,1,5,'14:00:00','22:00:00','POLCSI82R17B227O'),(2,19,1,5,'14:00:00','22:00:00','TDMYDN81M55B153S'),(6,20,1,5,'09:00:00','17:00:00','CHJVDN64M62B789N'),(6,20,1,5,'09:00:00','17:00:00','CRFWBP61D26M178U'),(4,20,1,5,'09:00:00','17:00:00','SGSBDU81L43G274Q'),(3,20,1,5,'09:00:00','17:00:00','YREVHF69D46E976I'),(7,20,1,5,'14:00:00','22:00:00','LOPDGI81P20G540Y'),(4,20,1,5,'14:00:00','22:00:00','POLCSI82R17B227O'),(6,20,1,5,'14:00:00','22:00:00','TDMYDN81M55B153S'),(4,20,1,5,'14:00:00','22:00:00','THDBVA88R21I926S'),(5,21,1,5,'09:00:00','17:00:00','CHJVDN64M62B789N'),(7,21,1,5,'09:00:00','17:00:00','CRFWBP61D26M178U'),(5,21,1,5,'09:00:00','17:00:00','SGSBDU81L43G274Q'),(4,21,1,5,'09:00:00','17:00:00','YREVHF69D46E976I'),(4,21,1,5,'14:00:00','22:00:00','LOPDGI81P20G540Y'),(5,21,1,5,'14:00:00','22:00:00','POLCSI82R17B227O'),(6,21,1,5,'14:00:00','22:00:00','TDMYDN81M55B153S'),(8,21,1,5,'14:00:00','22:00:00','THDBVA88R21I926S'),(7,22,1,5,'09:00:00','17:00:00','CHJVDN64M62B789N'),(8,22,1,5,'09:00:00','17:00:00','CRFWBP61D26M178U'),(4,22,1,5,'09:00:00','17:00:00','GLOLYJ68P06B542P'),(3,22,1,5,'09:00:00','17:00:00','LYTPWN92E14H778C'),(8,22,1,5,'09:00:00','17:00:00','RZSTYI77H25A796L'),(7,22,1,5,'09:00:00','17:00:00','SGSBDU81L43G274Q'),(7,22,1,5,'09:00:00','17:00:00','YREVHF69D46E976I'),(4,22,1,5,'14:00:00','22:00:00','LOPDGI81P20G540Y'),(5,22,1,5,'14:00:00','22:00:00','POLCSI82R17B227O'),(6,22,1,5,'14:00:00','22:00:00','TDMYDN81M55B153S'),(7,22,1,5,'14:00:00','22:00:00','THDBVA88R21I926S'),(8,22,1,5,'14:00:00','22:00:00','TSQTGW74B02A218P'),(4,23,1,5,'09:00:00','17:00:00','BCTQYN97E15A555V'),(4,23,1,5,'09:00:00','17:00:00','CHJVDN64M62B789N'),(7,23,1,5,'09:00:00','17:00:00','CRFWBP61D26M178U'),(8,23,1,5,'09:00:00','17:00:00','GLOLYJ68P06B542P'),(5,23,1,5,'09:00:00','17:00:00','LYTPWN92E14H778C'),(8,23,1,5,'09:00:00','17:00:00','RZSTYI77H25A796L'),(7,23,1,5,'09:00:00','17:00:00','SGSBDU81L43G274Q'),(8,23,1,5,'09:00:00','17:00:00','YREVHF69D46E976I'),(5,23,1,5,'14:00:00','22:00:00','POLCSI82R17B227O'),(6,23,1,5,'14:00:00','22:00:00','TDMYDN81M55B153S'),(4,23,1,5,'14:00:00','22:00:00','THDBVA88R21I926S'),(7,23,1,5,'14:00:00','22:00:00','TSQTGW74B02A218P'),(3,24,1,5,'09:00:00','17:00:00','BCTQYN97E15A555V'),(5,24,1,5,'09:00:00','17:00:00','CRFWBP61D26M178U'),(2,24,1,5,'09:00:00','17:00:00','GLOLYJ68P06B542P'),(7,24,1,5,'09:00:00','17:00:00','RZSTYI77H25A796L'),(2,24,1,5,'09:00:00','17:00:00','SGSBDU81L43G274Q'),(4,24,1,5,'09:00:00','17:00:00','YGDHTZ89D50C487E'),(5,24,1,5,'09:00:00','17:00:00','YRBYJF64H06F453M'),(5,24,1,5,'14:00:00','22:00:00','POLCSI82R17B227O'),(2,24,1,5,'14:00:00','22:00:00','TDMYDN81M55B153S'),(4,24,1,5,'14:00:00','22:00:00','THDBVA88R21I926S'),(8,24,1,5,'14:00:00','22:00:00','TSQTGW74B02A218P'),(7,25,1,5,'09:00:00','17:00:00','BCTQYN97E15A555V'),(6,25,1,5,'09:00:00','17:00:00','CRFWBP61D26M178U'),(3,25,1,5,'09:00:00','17:00:00','GLOLYJ68P06B542P'),(2,25,1,5,'09:00:00','17:00:00','RZSTYI77H25A796L'),(6,25,1,5,'09:00:00','17:00:00','SGSBDU81L43G274Q'),(3,25,1,5,'09:00:00','17:00:00','YGDHTZ89D50C487E'),(6,25,1,5,'14:00:00','22:00:00','POLCSI82R17B227O'),(4,25,1,5,'14:00:00','22:00:00','TDMYDN81M55B153S'),(2,25,1,5,'14:00:00','22:00:00','THDBVA88R21I926S'),(7,25,1,5,'14:00:00','22:00:00','TSQTGW74B02A218P'),(6,26,1,5,'09:00:00','17:00:00','BCTQYN97E15A555V'),(7,26,1,5,'09:00:00','17:00:00','CRFWBP61D26M178U'),(8,26,1,5,'09:00:00','17:00:00','GLOLYJ68P06B542P'),(8,26,1,5,'09:00:00','17:00:00','RZSTYI77H25A796L'),(6,26,1,5,'09:00:00','17:00:00','YGDHTZ89D50C487E'),(7,26,1,5,'09:00:00','17:00:00','YRBYJF64H06F453M'),(2,26,1,5,'09:00:00','17:00:00','YREVHF69D46E976I'),(4,26,1,5,'14:00:00','22:00:00','CGOLER71L47B270H'),(3,26,1,5,'14:00:00','22:00:00','POLCSI82R17B227O'),(6,26,1,5,'14:00:00','22:00:00','TDMYDN81M55B153S'),(2,26,1,5,'14:00:00','22:00:00','TSQTGW74B02A218P'),(6,27,1,5,'09:00:00','17:00:00','BCTQYN97E15A555V'),(6,27,1,5,'09:00:00','17:00:00','CRFWBP61D26M178U'),(2,27,1,5,'09:00:00','17:00:00','GLOLYJ68P06B542P'),(5,27,1,5,'09:00:00','17:00:00','RZSTYI77H25A796L'),(8,27,1,5,'09:00:00','17:00:00','YGDHTZ89D50C487E'),(6,27,1,5,'14:00:00','22:00:00','CGOLER71L47B270H'),(3,27,1,5,'14:00:00','22:00:00','POLCSI82R17B227O'),(4,27,1,5,'14:00:00','22:00:00','PPBPQT66D17B463X'),(5,27,1,5,'14:00:00','22:00:00','TDMYDN81M55B153S'),(5,27,1,5,'14:00:00','22:00:00','TSQTGW74B02A218P'),(3,28,1,5,'09:00:00','17:00:00','BCTQYN97E15A555V'),(3,28,1,5,'09:00:00','17:00:00','CRFWBP61D26M178U'),(8,28,1,5,'09:00:00','17:00:00','GLOLYJ68P06B542P'),(2,28,1,5,'09:00:00','17:00:00','LYTPWN92E14H778C'),(8,28,1,5,'09:00:00','17:00:00','RZSTYI77H25A796L'),(3,28,1,5,'09:00:00','17:00:00','YGDHTZ89D50C487E'),(3,28,1,5,'14:00:00','22:00:00','CGOLER71L47B270H'),(4,28,1,5,'14:00:00','22:00:00','POLCSI82R17B227O'),(6,28,1,5,'14:00:00','22:00:00','PPBPQT66D17B463X'),(8,28,1,5,'14:00:00','22:00:00','TDMYDN81M55B153S'),(8,29,1,5,'09:00:00','17:00:00','BCTQYN97E15A555V'),(7,29,1,5,'09:00:00','17:00:00','CRFWBP61D26M178U'),(8,29,1,5,'09:00:00','17:00:00','GLOLYJ68P06B542P'),(7,29,1,5,'09:00:00','17:00:00','LYTPWN92E14H778C'),(5,29,1,5,'09:00:00','17:00:00','RZSTYI77H25A796L'),(3,29,1,5,'09:00:00','17:00:00','SGSBDU81L43G274Q'),(3,29,1,5,'09:00:00','17:00:00','YGDHTZ89D50C487E'),(8,29,1,5,'09:00:00','17:00:00','YRBYJF64H06F453M'),(2,29,1,5,'14:00:00','22:00:00','CGOLER71L47B270H'),(7,29,1,5,'14:00:00','22:00:00','POLCSI82R17B227O'),(4,29,1,5,'14:00:00','22:00:00','PPBPQT66D17B463X'),(8,29,1,5,'14:00:00','22:00:00','TDMYDN81M55B153S'),(2,29,1,5,'14:00:00','22:00:00','THDBVA88R21I926S'),(5,29,1,5,'14:00:00','22:00:00','TSQTGW74B02A218P'),(4,30,1,5,'09:00:00','17:00:00','CRFWBP61D26M178U'),(6,30,1,5,'09:00:00','17:00:00','GLOLYJ68P06B542P'),(3,30,1,5,'09:00:00','17:00:00','LYTPWN92E14H778C'),(5,30,1,5,'09:00:00','17:00:00','SGSBDU81L43G274Q'),(7,30,1,5,'09:00:00','17:00:00','YGDHTZ89D50C487E'),(7,30,1,5,'09:00:00','17:00:00','YRBYJF64H06F453M'),(5,30,1,5,'14:00:00','22:00:00','CGOLER71L47B270H'),(5,30,1,5,'14:00:00','22:00:00','LYTPWN92E14H778C'),(7,30,1,5,'14:00:00','22:00:00','POLCSI82R17B227O'),(4,30,1,5,'14:00:00','22:00:00','PPBPQT66D17B463X'),(2,30,1,5,'14:00:00','22:00:00','TDMYDN81M55B153S'),(6,30,1,5,'14:00:00','22:00:00','TSQTGW74B02A218P'),(5,31,1,5,'09:00:00','17:00:00','CRFWBP61D26M178U'),(8,31,1,5,'09:00:00','17:00:00','GLOLYJ68P06B542P'),(8,31,1,5,'09:00:00','17:00:00','LYTPWN92E14H778C'),(6,31,1,5,'09:00:00','17:00:00','YGDHTZ89D50C487E'),(6,31,1,5,'09:00:00','17:00:00','YRBYJF64H06F453M'),(8,31,1,5,'14:00:00','22:00:00','CGOLER71L47B270H'),(7,31,1,5,'14:00:00','22:00:00','HJZZNF81M15B602Q'),(5,31,1,5,'14:00:00','22:00:00','POLCSI82R17B227O'),(8,31,1,5,'14:00:00','22:00:00','PPBPQT66D17B463X'),(3,31,1,5,'14:00:00','22:00:00','TDMYDN81M55B153S'),(4,32,1,5,'09:00:00','17:00:00','CHJVDN64M62B789N'),(3,32,1,5,'09:00:00','17:00:00','CRFWBP61D26M178U'),(8,32,1,5,'09:00:00','17:00:00','LYTPWN92E14H778C'),(2,32,1,5,'09:00:00','17:00:00','SGSBDU81L43G274Q'),(6,32,1,5,'09:00:00','17:00:00','YRBYJF64H06F453M'),(2,32,1,5,'14:00:00','22:00:00','CGOLER71L47B270H'),(4,32,1,5,'14:00:00','22:00:00','LOPDGI81P20G540Y'),(5,32,1,5,'14:00:00','22:00:00','POLCSI82R17B227O'),(3,32,1,5,'14:00:00','22:00:00','PPBPQT66D17B463X'),(4,32,1,5,'14:00:00','22:00:00','TDMYDN81M55B153S'),(3,33,1,5,'09:00:00','17:00:00','CHJVDN64M62B789N'),(8,33,1,5,'09:00:00','17:00:00','CRFWBP61D26M178U'),(6,33,1,5,'09:00:00','17:00:00','LYTPWN92E14H778C'),(4,33,1,5,'09:00:00','17:00:00','YRBYJF64H06F453M'),(6,33,1,5,'09:00:00','17:00:00','YREVHF69D46E976I'),(8,33,1,5,'14:00:00','22:00:00','CGOLER71L47B270H'),(6,33,1,5,'14:00:00','22:00:00','LOPDGI81P20G540Y'),(2,33,1,5,'14:00:00','22:00:00','POLCSI82R17B227O'),(8,33,1,5,'14:00:00','22:00:00','PPBPQT66D17B463X'),(3,33,1,5,'14:00:00','22:00:00','TDMYDN81M55B153S'),(8,34,1,5,'09:00:00','17:00:00','CHJVDN64M62B789N'),(3,34,1,5,'09:00:00','17:00:00','CRFWBP61D26M178U'),(6,34,1,5,'09:00:00','17:00:00','LYTPWN92E14H778C'),(6,34,1,5,'09:00:00','17:00:00','YRBYJF64H06F453M'),(2,34,1,5,'09:00:00','17:00:00','YREVHF69D46E976I'),(5,34,1,5,'14:00:00','22:00:00','CGOLER71L47B270H'),(6,34,1,5,'14:00:00','22:00:00','LOPDGI81P20G540Y'),(5,34,1,5,'14:00:00','22:00:00','PPBPQT66D17B463X'),(6,35,1,5,'09:00:00','17:00:00','CHJVDN64M62B789N'),(5,35,1,5,'09:00:00','17:00:00','CRFWBP61D26M178U'),(7,35,1,5,'09:00:00','17:00:00','LYTPWN92E14H778C'),(6,35,1,5,'09:00:00','17:00:00','YRBYJF64H06F453M'),(7,35,1,5,'09:00:00','17:00:00','YREVHF69D46E976I'),(7,35,1,5,'14:00:00','22:00:00','CGOLER71L47B270H'),(4,35,1,5,'14:00:00','22:00:00','PPBPQT66D17B463X'),(8,35,1,5,'14:00:00','22:00:00','TDMYDN81M55B153S'),(4,36,1,5,'09:00:00','17:00:00','CHJVDN64M62B789N'),(5,36,1,5,'09:00:00','17:00:00','CRFWBP61D26M178U'),(4,36,1,5,'09:00:00','17:00:00','LYTPWN92E14H778C'),(2,36,1,5,'09:00:00','17:00:00','MGRMGT94P69B124P'),(8,36,1,5,'09:00:00','17:00:00','YRBYJF64H06F453M'),(7,36,1,5,'09:00:00','17:00:00','YREVHF69D46E976I'),(8,36,1,5,'14:00:00','22:00:00','CGOLER71L47B270H'),(5,36,1,5,'14:00:00','22:00:00','LOPDGI81P20G540Y'),(8,36,1,5,'14:00:00','22:00:00','PPBPQT66D17B463X'),(2,36,1,5,'14:00:00','22:00:00','TDMYDN81M55B153S'),(2,37,1,5,'09:00:00','17:00:00','CHJVDN64M62B789N'),(4,37,1,5,'09:00:00','17:00:00','CRFWBP61D26M178U'),(7,37,1,5,'09:00:00','17:00:00','LYTPWN92E14H778C'),(8,37,1,5,'09:00:00','17:00:00','MGRMGT94P69B124P'),(2,37,1,5,'09:00:00','17:00:00','YRBYJF64H06F453M'),(7,37,1,5,'09:00:00','17:00:00','YREVHF69D46E976I'),(3,37,1,5,'14:00:00','22:00:00','CGOLER71L47B270H'),(4,37,1,5,'14:00:00','22:00:00','TDMYDN81M55B153S'),(6,38,1,5,'09:00:00','17:00:00','CRFWBP61D26M178U'),(3,38,1,5,'09:00:00','17:00:00','LYTPWN92E14H778C'),(2,38,1,5,'09:00:00','17:00:00','MGRMGT94P69B124P'),(2,38,1,5,'09:00:00','17:00:00','YRBYJF64H06F453M'),(4,38,1,5,'09:00:00','17:00:00','YREVHF69D46E976I'),(3,38,1,5,'14:00:00','22:00:00','CGOLER71L47B270H'),(5,38,1,5,'14:00:00','22:00:00','PPBPQT66D17B463X'),(8,38,1,5,'14:00:00','22:00:00','TDMYDN81M55B153S'),(8,39,1,5,'09:00:00','17:00:00','CRFWBP61D26M178U'),(2,39,1,5,'09:00:00','17:00:00','LYTPWN92E14H778C'),(4,39,1,5,'09:00:00','17:00:00','MGRMGT94P69B124P'),(5,39,1,5,'09:00:00','17:00:00','RZSTYI77H25A796L'),(5,39,1,5,'09:00:00','17:00:00','YRBYJF64H06F453M'),(8,39,1,5,'14:00:00','22:00:00','CGOLER71L47B270H'),(2,39,1,5,'14:00:00','22:00:00','PPBPQT66D17B463X'),(7,39,1,5,'14:00:00','22:00:00','TDMYDN81M55B153S'),(5,40,1,5,'09:00:00','17:00:00','CRFWBP61D26M178U'),(4,40,1,5,'09:00:00','17:00:00','GLOLYJ68P06B542P'),(7,40,1,5,'09:00:00','17:00:00','LYTPWN92E14H778C'),(5,40,1,5,'09:00:00','17:00:00','MGRMGT94P69B124P'),(3,40,1,5,'09:00:00','17:00:00','YGDHTZ89D50C487E'),(7,40,1,5,'09:00:00','17:00:00','YRBYJF64H06F453M'),(8,40,1,5,'14:00:00','22:00:00','CGOLER71L47B270H'),(7,40,1,5,'14:00:00','22:00:00','PPBPQT66D17B463X'),(4,40,1,5,'14:00:00','22:00:00','TDMYDN81M55B153S'),(2,40,1,5,'14:00:00','22:00:00','THDBVA88R21I926S'),(3,41,1,5,'09:00:00','17:00:00','CHJVDN64M62B789N'),(2,41,1,5,'09:00:00','17:00:00','CRFWBP61D26M178U'),(4,41,1,5,'09:00:00','17:00:00','GLOLYJ68P06B542P'),(8,41,1,5,'09:00:00','17:00:00','LYTPWN92E14H778C'),(7,41,1,5,'09:00:00','17:00:00','MGRMGT94P69B124P'),(4,41,1,5,'09:00:00','17:00:00','RZSTYI77H25A796L'),(7,41,1,5,'09:00:00','17:00:00','SGSBDU81L43G274Q'),(5,41,1,5,'09:00:00','17:00:00','YGDHTZ89D50C487E'),(6,41,1,5,'09:00:00','17:00:00','YRBYJF64H06F453M'),(7,41,1,5,'14:00:00','22:00:00','CGOLER71L47B270H'),(6,41,1,5,'14:00:00','22:00:00','PPBPQT66D17B463X'),(4,41,1,5,'14:00:00','22:00:00','TDMYDN81M55B153S'),(3,41,1,5,'14:00:00','22:00:00','TSQTGW74B02A218P'),(2,42,1,5,'09:00:00','17:00:00','BCTQYN97E15A555V'),(8,42,1,5,'09:00:00','17:00:00','CRFWBP61D26M178U'),(2,42,1,5,'09:00:00','17:00:00','GLOLYJ68P06B542P'),(7,42,1,5,'09:00:00','17:00:00','LYTPWN92E14H778C'),(8,42,1,5,'09:00:00','17:00:00','MGRMGT94P69B124P'),(8,42,1,5,'09:00:00','17:00:00','RZSTYI77H25A796L'),(2,42,1,5,'09:00:00','17:00:00','SGSBDU81L43G274Q'),(3,42,1,5,'09:00:00','17:00:00','YGDHTZ89D50C487E'),(6,42,1,5,'09:00:00','17:00:00','YRBYJF64H06F453M'),(8,42,1,5,'09:00:00','17:00:00','YREVHF69D46E976I'),(8,42,1,5,'14:00:00','22:00:00','CGOLER71L47B270H'),(4,42,1,5,'14:00:00','22:00:00','PPBPQT66D17B463X'),(8,42,1,5,'14:00:00','22:00:00','TDMYDN81M55B153S'),(4,42,1,5,'14:00:00','22:00:00','TSQTGW74B02A218P'),(6,43,1,5,'09:00:00','17:00:00','BCTQYN97E15A555V'),(6,43,1,5,'09:00:00','17:00:00','CRFWBP61D26M178U'),(8,43,1,5,'09:00:00','17:00:00','GLOLYJ68P06B542P'),(8,43,1,5,'09:00:00','17:00:00','LYTPWN92E14H778C'),(6,43,1,5,'09:00:00','17:00:00','MGRMGT94P69B124P'),(6,43,1,5,'09:00:00','17:00:00','RZSTYI77H25A796L'),(4,43,1,5,'09:00:00','17:00:00','YGDHTZ89D50C487E'),(3,43,1,5,'09:00:00','17:00:00','YRBYJF64H06F453M'),(3,43,1,5,'14:00:00','22:00:00','PPBPQT66D17B463X'),(2,43,1,5,'14:00:00','22:00:00','TDMYDN81M55B153S'),(7,44,1,5,'09:00:00','17:00:00','BCTQYN97E15A555V'),(3,44,1,5,'09:00:00','17:00:00','GLOLYJ68P06B542P'),(7,44,1,5,'09:00:00','17:00:00','MGRMGT94P69B124P'),(7,44,1,5,'09:00:00','17:00:00','RZSTYI77H25A796L'),(3,44,1,5,'09:00:00','17:00:00','YGDHTZ89D50C487E'),(6,44,1,5,'09:00:00','17:00:00','YRBYJF64H06F453M'),(7,44,1,5,'14:00:00','22:00:00','TDMYDN81M55B153S'),(4,44,1,5,'14:00:00','22:00:00','TSQTGW74B02A218P'),(7,45,1,5,'09:00:00','17:00:00','BCTQYN97E15A555V'),(3,45,1,5,'09:00:00','17:00:00','CRFWBP61D26M178U'),(6,45,1,5,'09:00:00','17:00:00','GLOLYJ68P06B542P'),(8,45,1,5,'09:00:00','17:00:00','MGRMGT94P69B124P'),(2,45,1,5,'09:00:00','17:00:00','RZSTYI77H25A796L'),(3,45,1,5,'09:00:00','17:00:00','YGDHTZ89D50C487E'),(8,45,1,5,'14:00:00','22:00:00','TDMYDN81M55B153S'),(3,45,1,5,'14:00:00','22:00:00','TSQTGW74B02A218P'),(6,46,1,5,'09:00:00','17:00:00','BCTQYN97E15A555V'),(7,46,1,5,'09:00:00','17:00:00','CRFWBP61D26M178U'),(8,46,1,5,'09:00:00','17:00:00','GLOLYJ68P06B542P'),(6,46,1,5,'09:00:00','17:00:00','MGRMGT94P69B124P'),(5,46,1,5,'09:00:00','17:00:00','RZSTYI77H25A796L'),(5,46,1,5,'09:00:00','17:00:00','YGDHTZ89D50C487E'),(3,46,1,5,'14:00:00','22:00:00','TDMYDN81M55B153S'),(2,46,1,5,'14:00:00','22:00:00','THDBVA88R21I926S'),(2,46,1,5,'14:00:00','22:00:00','TSQTGW74B02A218P'),(3,47,1,5,'09:00:00','17:00:00','BCTQYN97E15A555V'),(4,47,1,5,'09:00:00','17:00:00','CRFWBP61D26M178U'),(5,47,1,5,'09:00:00','17:00:00','GLOLYJ68P06B542P'),(3,47,1,5,'09:00:00','17:00:00','MGRMGT94P69B124P'),(2,47,1,5,'09:00:00','17:00:00','RZSTYI77H25A796L'),(4,47,1,5,'09:00:00','17:00:00','YGDHTZ89D50C487E'),(7,47,1,5,'09:00:00','17:00:00','YRBYJF64H06F453M'),(7,47,1,5,'09:00:00','17:00:00','YREVHF69D46E976I'),(7,47,1,5,'14:00:00','22:00:00','TDMYDN81M55B153S'),(2,47,1,5,'14:00:00','22:00:00','THDBVA88R21I926S'),(6,48,1,5,'09:00:00','17:00:00','BCTQYN97E15A555V'),(6,48,1,5,'09:00:00','17:00:00','CRFWBP61D26M178U'),(5,48,1,5,'09:00:00','17:00:00','GLOLYJ68P06B542P'),(7,48,1,5,'09:00:00','17:00:00','MGRMGT94P69B124P'),(7,48,1,5,'09:00:00','17:00:00','RZSTYI77H25A796L'),(6,48,1,5,'09:00:00','17:00:00','SGSBDU81L43G274Q'),(8,48,1,5,'09:00:00','17:00:00','YGDHTZ89D50C487E'),(3,48,1,5,'14:00:00','22:00:00','LOPDGI81P20G540Y'),(7,48,1,5,'14:00:00','22:00:00','POLCSI82R17B227O'),(6,48,1,5,'14:00:00','22:00:00','TDMYDN81M55B153S'),(8,48,1,5,'14:00:00','22:00:00','THDBVA88R21I926S'),(6,48,1,5,'14:00:00','22:00:00','TSQTGW74B02A218P'),(4,49,1,5,'09:00:00','17:00:00','BCTQYN97E15A555V'),(4,49,1,5,'09:00:00','17:00:00','CHJVDN64M62B789N'),(4,49,1,5,'09:00:00','17:00:00','CRFWBP61D26M178U'),(5,49,1,5,'09:00:00','17:00:00','GLOLYJ68P06B542P'),(2,49,1,5,'09:00:00','17:00:00','LYTPWN92E14H778C'),(4,49,1,5,'09:00:00','17:00:00','MGRMGT94P69B124P'),(3,49,1,5,'09:00:00','17:00:00','RZSTYI77H25A796L'),(8,49,1,5,'09:00:00','17:00:00','SGSBDU81L43G274Q'),(6,49,1,5,'09:00:00','17:00:00','YGDHTZ89D50C487E'),(4,49,1,5,'14:00:00','22:00:00','LOPDGI81P20G540Y'),(7,49,1,5,'14:00:00','22:00:00','TDMYDN81M55B153S'),(6,49,1,5,'14:00:00','22:00:00','THDBVA88R21I926S'),(7,49,1,5,'14:00:00','22:00:00','TSQTGW74B02A218P'),(6,50,1,5,'09:00:00','17:00:00','CHJVDN64M62B789N'),(8,50,1,5,'09:00:00','17:00:00','CRFWBP61D26M178U'),(3,50,1,5,'09:00:00','17:00:00','GLOLYJ68P06B542P'),(7,50,1,5,'09:00:00','17:00:00','LYTPWN92E14H778C'),(8,50,1,5,'09:00:00','17:00:00','MGRMGT94P69B124P'),(3,50,1,5,'09:00:00','17:00:00','RZSTYI77H25A796L'),(2,50,1,5,'09:00:00','17:00:00','SGSBDU81L43G274Q'),(5,50,1,5,'14:00:00','22:00:00','LOPDGI81P20G540Y'),(6,50,1,5,'14:00:00','22:00:00','TDMYDN81M55B153S'),(6,50,1,5,'14:00:00','22:00:00','THDBVA88R21I926S'),(5,50,1,5,'14:00:00','22:00:00','TSQTGW74B02A218P'),(6,51,1,5,'09:00:00','17:00:00','CHJVDN64M62B789N'),(6,51,1,5,'09:00:00','17:00:00','CRFWBP61D26M178U'),(2,51,1,5,'09:00:00','17:00:00','LYTPWN92E14H778C'),(4,51,1,5,'09:00:00','17:00:00','MGRMGT94P69B124P'),(7,51,1,5,'09:00:00','17:00:00','SGSBDU81L43G274Q'),(4,51,1,5,'09:00:00','17:00:00','YREVHF69D46E976I'),(3,51,1,5,'14:00:00','22:00:00','CGOLER71L47B270H'),(3,51,1,5,'14:00:00','22:00:00','LOPDGI81P20G540Y'),(4,51,1,5,'14:00:00','22:00:00','TDMYDN81M55B153S'),(3,51,1,5,'14:00:00','22:00:00','THDBVA88R21I926S'),(7,52,1,5,'09:00:00','17:00:00','CRFWBP61D26M178U'),(8,52,1,5,'09:00:00','17:00:00','MGRMGT94P69B124P'),(6,52,1,5,'09:00:00','17:00:00','SGSBDU81L43G274Q'),(3,52,1,5,'09:00:00','17:00:00','YREVHF69D46E976I'),(8,52,1,5,'14:00:00','22:00:00','CGOLER71L47B270H'),(4,52,1,5,'14:00:00','22:00:00','HJZZNF81M15B602Q'),(3,52,1,5,'14:00:00','22:00:00','TDMYDN81M55B153S'),(8,52,1,5,'14:00:00','22:00:00','THDBVA88R21I926S'),(5,53,1,5,'09:00:00','17:00:00','CHJVDN64M62B789N'),(8,53,1,5,'09:00:00','17:00:00','CRFWBP61D26M178U'),(4,53,1,5,'09:00:00','17:00:00','LYTPWN92E14H778C'),(3,53,1,5,'09:00:00','17:00:00','MGRMGT94P69B124P'),(4,53,1,5,'09:00:00','17:00:00','RZSTYI77H25A796L'),(4,53,1,5,'09:00:00','17:00:00','SGSBDU81L43G274Q'),(6,53,1,5,'09:00:00','17:00:00','YREVHF69D46E976I'),(8,53,1,5,'14:00:00','22:00:00','TDMYDN81M55B153S'),(6,53,1,5,'14:00:00','22:00:00','THDBVA88R21I926S'),(7,54,1,5,'09:00:00','17:00:00','BCTQYN97E15A555V'),(3,54,1,5,'09:00:00','17:00:00','CHJVDN64M62B789N'),(8,54,1,5,'09:00:00','17:00:00','MGRMGT94P69B124P'),(7,54,1,5,'09:00:00','17:00:00','SGSBDU81L43G274Q'),(6,54,1,5,'09:00:00','17:00:00','YREVHF69D46E976I'),(7,54,1,5,'14:00:00','22:00:00','LOPDGI81P20G540Y'),(8,54,1,5,'14:00:00','22:00:00','THDBVA88R21I926S'),(3,55,1,5,'09:00:00','17:00:00','BCTQYN97E15A555V'),(2,55,1,5,'09:00:00','17:00:00','CHJVDN64M62B789N'),(5,55,1,5,'09:00:00','17:00:00','CRFWBP61D26M178U'),(2,55,1,5,'09:00:00','17:00:00','MGRMGT94P69B124P'),(8,55,1,5,'09:00:00','17:00:00','SGSBDU81L43G274Q'),(3,55,1,5,'09:00:00','17:00:00','VDCWWG84R64A539V'),(3,55,1,5,'09:00:00','17:00:00','YREVHF69D46E976I'),(5,55,1,5,'14:00:00','22:00:00','THDBVA88R21I926S'),(5,56,1,5,'09:00:00','17:00:00','BCTQYN97E15A555V'),(4,56,1,5,'09:00:00','17:00:00','CHJVDN64M62B789N'),(5,56,1,5,'09:00:00','17:00:00','CRFWBP61D26M178U'),(3,56,1,5,'09:00:00','17:00:00','MGRMGT94P69B124P'),(5,56,1,5,'09:00:00','17:00:00','SGSBDU81L43G274Q'),(6,56,1,5,'09:00:00','17:00:00','VDCWWG84R64A539V'),(6,56,1,5,'09:00:00','17:00:00','YREVHF69D46E976I'),(7,56,1,5,'14:00:00','22:00:00','LOPDGI81P20G540Y'),(2,56,1,5,'14:00:00','22:00:00','THDBVA88R21I926S'),(7,57,1,5,'09:00:00','17:00:00','BCTQYN97E15A555V'),(7,57,1,5,'09:00:00','17:00:00','CHJVDN64M62B789N'),(2,57,1,5,'09:00:00','17:00:00','CRFWBP61D26M178U'),(6,57,1,5,'09:00:00','17:00:00','MGRMGT94P69B124P'),(7,57,1,5,'09:00:00','17:00:00','SGSBDU81L43G274Q'),(3,57,1,5,'09:00:00','17:00:00','YRBYJF64H06F453M'),(4,57,1,5,'09:00:00','17:00:00','YREVHF69D46E976I'),(3,57,1,5,'14:00:00','22:00:00','LOPDGI81P20G540Y'),(4,57,1,5,'14:00:00','22:00:00','TDMYDN81M55B153S'),(7,57,1,5,'14:00:00','22:00:00','THDBVA88R21I926S'),(5,58,1,5,'09:00:00','17:00:00','BCTQYN97E15A555V'),(6,58,1,5,'09:00:00','17:00:00','MGRMGT94P69B124P'),(7,58,1,5,'09:00:00','17:00:00','SGSBDU81L43G274Q'),(4,58,1,5,'09:00:00','17:00:00','VDCWWG84R64A539V'),(7,58,1,5,'09:00:00','17:00:00','YREVHF69D46E976I'),(5,58,1,5,'14:00:00','22:00:00','HJZZNF81M15B602Q'),(6,58,1,5,'14:00:00','22:00:00','LOPDGI81P20G540Y'),(2,58,1,5,'14:00:00','22:00:00','THDBVA88R21I926S'),(8,58,1,5,'14:00:00','22:00:00','TSQTGW74B02A218P'),(7,59,1,5,'09:00:00','17:00:00','BCTQYN97E15A555V'),(4,59,1,5,'09:00:00','17:00:00','CHJVDN64M62B789N'),(2,59,1,5,'09:00:00','17:00:00','MGRMGT94P69B124P'),(4,59,1,5,'09:00:00','17:00:00','RZSTYI77H25A796L'),(3,59,1,5,'09:00:00','17:00:00','SGSBDU81L43G274Q'),(3,59,1,5,'09:00:00','17:00:00','VDCWWG84R64A539V'),(7,59,1,5,'09:00:00','17:00:00','YREVHF69D46E976I'),(7,59,1,5,'14:00:00','22:00:00','HJZZNF81M15B602Q'),(5,59,1,5,'14:00:00','22:00:00','LOPDGI81P20G540Y'),(4,59,1,5,'14:00:00','22:00:00','THDBVA88R21I926S'),(8,59,1,5,'14:00:00','22:00:00','TSQTGW74B02A218P'),(8,60,1,5,'09:00:00','17:00:00','BCTQYN97E15A555V'),(5,60,1,5,'09:00:00','17:00:00','CHJVDN64M62B789N'),(6,60,1,5,'09:00:00','17:00:00','MGRMGT94P69B124P'),(3,60,1,5,'09:00:00','17:00:00','RZSTYI77H25A796L'),(3,60,1,5,'09:00:00','17:00:00','SGSBDU81L43G274Q'),(5,60,1,5,'09:00:00','17:00:00','VDCWWG84R64A539V'),(6,60,1,5,'14:00:00','22:00:00','HJZZNF81M15B602Q'),(3,60,1,5,'14:00:00','22:00:00','LOPDGI81P20G540Y'),(7,60,1,5,'14:00:00','22:00:00','THDBVA88R21I926S'),(4,60,1,5,'14:00:00','22:00:00','TSQTGW74B02A218P'),(4,61,1,5,'09:00:00','17:00:00','CHJVDN64M62B789N'),(2,61,1,5,'09:00:00','17:00:00','RZSTYI77H25A796L'),(4,61,1,5,'09:00:00','17:00:00','SGSBDU81L43G274Q'),(8,61,1,5,'09:00:00','17:00:00','VDCWWG84R64A539V'),(7,61,1,5,'09:00:00','17:00:00','YGDHTZ89D50C487E'),(7,61,1,5,'14:00:00','22:00:00','HJZZNF81M15B602Q'),(2,61,1,5,'14:00:00','22:00:00','TDMYDN81M55B153S'),(8,61,1,5,'14:00:00','22:00:00','THDBVA88R21I926S'),(8,62,1,5,'09:00:00','17:00:00','MGRMGT94P69B124P'),(6,62,1,5,'09:00:00','17:00:00','RZSTYI77H25A796L'),(7,62,1,5,'09:00:00','17:00:00','SGSBDU81L43G274Q'),(4,62,1,5,'09:00:00','17:00:00','VDCWWG84R64A539V'),(5,62,1,5,'09:00:00','17:00:00','YGDHTZ89D50C487E'),(2,62,1,5,'14:00:00','22:00:00','CGOLER71L47B270H'),(2,62,1,5,'14:00:00','22:00:00','HJZZNF81M15B602Q'),(5,62,1,5,'14:00:00','22:00:00','LOPDGI81P20G540Y'),(5,62,1,5,'14:00:00','22:00:00','THDBVA88R21I926S'),(2,63,1,5,'09:00:00','17:00:00','CHJVDN64M62B789N'),(2,63,1,5,'09:00:00','17:00:00','GLOLYJ68P06B542P'),(2,63,1,5,'09:00:00','17:00:00','LYTPWN92E14H778C'),(8,63,1,5,'09:00:00','17:00:00','MGRMGT94P69B124P'),(2,63,1,5,'09:00:00','17:00:00','RZSTYI77H25A796L'),(4,63,1,5,'09:00:00','17:00:00','VDCWWG84R64A539V'),(2,63,1,5,'09:00:00','17:00:00','YGDHTZ89D50C487E'),(7,63,1,5,'14:00:00','22:00:00','HJZZNF81M15B602Q'),(4,63,1,5,'14:00:00','22:00:00','LOPDGI81P20G540Y'),(2,63,1,5,'14:00:00','22:00:00','THDBVA88R21I926S'),(7,63,1,5,'14:00:00','22:00:00','TSQTGW74B02A218P'),(7,64,1,5,'09:00:00','17:00:00','BCTQYN97E15A555V'),(4,64,1,5,'09:00:00','17:00:00','CHJVDN64M62B789N'),(4,64,1,5,'09:00:00','17:00:00','GLOLYJ68P06B542P'),(3,64,1,5,'09:00:00','17:00:00','LYTPWN92E14H778C'),(6,64,1,5,'09:00:00','17:00:00','MGRMGT94P69B124P'),(6,64,1,5,'09:00:00','17:00:00','RZSTYI77H25A796L'),(8,64,1,5,'09:00:00','17:00:00','VDCWWG84R64A539V'),(8,64,1,5,'09:00:00','17:00:00','YGDHTZ89D50C487E'),(8,64,1,5,'09:00:00','17:00:00','YRBYJF64H06F453M'),(3,64,1,5,'09:00:00','17:00:00','YREVHF69D46E976I'),(6,64,1,5,'14:00:00','22:00:00','HJZZNF81M15B602Q'),(2,64,1,5,'14:00:00','22:00:00','LOPDGI81P20G540Y'),(2,64,1,5,'14:00:00','22:00:00','TSQTGW74B02A218P'),(7,65,1,5,'09:00:00','17:00:00','BCTQYN97E15A555V'),(4,65,1,5,'09:00:00','17:00:00','GLOLYJ68P06B542P'),(7,65,1,5,'09:00:00','17:00:00','LYTPWN92E14H778C'),(2,65,1,5,'09:00:00','17:00:00','MGRMGT94P69B124P'),(6,65,1,5,'09:00:00','17:00:00','RZSTYI77H25A796L'),(7,65,1,5,'09:00:00','17:00:00','VDCWWG84R64A539V'),(3,65,1,5,'09:00:00','17:00:00','YGDHTZ89D50C487E'),(8,65,1,5,'09:00:00','17:00:00','YREVHF69D46E976I'),(2,65,1,5,'14:00:00','22:00:00','HJZZNF81M15B602Q'),(8,65,1,5,'14:00:00','22:00:00','POLCSI82R17B227O'),(3,65,1,5,'14:00:00','22:00:00','TSQTGW74B02A218P'),(2,66,1,5,'09:00:00','17:00:00','BCTQYN97E15A555V'),(3,66,1,5,'09:00:00','17:00:00','GLOLYJ68P06B542P'),(7,66,1,5,'09:00:00','17:00:00','MGRMGT94P69B124P'),(8,66,1,5,'09:00:00','17:00:00','RZSTYI77H25A796L'),(4,66,1,5,'09:00:00','17:00:00','VDCWWG84R64A539V'),(5,66,1,5,'09:00:00','17:00:00','YGDHTZ89D50C487E'),(5,66,1,5,'14:00:00','22:00:00','HJZZNF81M15B602Q'),(5,66,1,5,'14:00:00','22:00:00','PPBPQT66D17B463X'),(7,67,1,5,'09:00:00','17:00:00','BCTQYN97E15A555V'),(6,67,1,5,'09:00:00','17:00:00','GLOLYJ68P06B542P'),(6,67,1,5,'09:00:00','17:00:00','LYTPWN92E14H778C'),(7,67,1,5,'09:00:00','17:00:00','MGRMGT94P69B124P'),(4,67,1,5,'09:00:00','17:00:00','RZSTYI77H25A796L'),(2,67,1,5,'09:00:00','17:00:00','VDCWWG84R64A539V'),(8,67,1,5,'09:00:00','17:00:00','YGDHTZ89D50C487E'),(3,67,1,5,'09:00:00','17:00:00','YRBYJF64H06F453M'),(3,67,1,5,'14:00:00','22:00:00','HJZZNF81M15B602Q'),(6,67,1,5,'14:00:00','22:00:00','PPBPQT66D17B463X'),(2,68,1,5,'09:00:00','17:00:00','BCTQYN97E15A555V'),(7,68,1,5,'09:00:00','17:00:00','GLOLYJ68P06B542P'),(6,68,1,5,'09:00:00','17:00:00','MGRMGT94P69B124P'),(8,68,1,5,'09:00:00','17:00:00','RZSTYI77H25A796L'),(3,68,1,5,'09:00:00','17:00:00','SGSBDU81L43G274Q'),(3,68,1,5,'09:00:00','17:00:00','VDCWWG84R64A539V'),(7,68,1,5,'09:00:00','17:00:00','YGDHTZ89D50C487E'),(2,68,1,5,'09:00:00','17:00:00','YRBYJF64H06F453M'),(3,68,1,5,'14:00:00','22:00:00','HJZZNF81M15B602Q'),(8,68,1,5,'14:00:00','22:00:00','PPBPQT66D17B463X'),(7,68,1,5,'14:00:00','22:00:00','TSQTGW74B02A218P'),(4,69,1,5,'09:00:00','17:00:00','BCTQYN97E15A555V'),(2,69,1,5,'09:00:00','17:00:00','GLOLYJ68P06B542P'),(2,69,1,5,'09:00:00','17:00:00','MGRMGT94P69B124P'),(6,69,1,5,'09:00:00','17:00:00','RZSTYI77H25A796L'),(2,69,1,5,'09:00:00','17:00:00','SGSBDU81L43G274Q'),(3,69,1,5,'09:00:00','17:00:00','VDCWWG84R64A539V'),(6,69,1,5,'09:00:00','17:00:00','YGDHTZ89D50C487E'),(6,69,1,5,'09:00:00','17:00:00','YRBYJF64H06F453M'),(8,69,1,5,'09:00:00','17:00:00','YREVHF69D46E976I'),(6,69,1,5,'14:00:00','22:00:00','CGOLER71L47B270H'),(5,69,1,5,'14:00:00','22:00:00','HJZZNF81M15B602Q'),(7,69,1,5,'14:00:00','22:00:00','PPBPQT66D17B463X'),(7,69,1,5,'14:00:00','22:00:00','THDBVA88R21I926S'),(2,69,1,5,'14:00:00','22:00:00','TSQTGW74B02A218P'),(7,70,1,5,'09:00:00','17:00:00','BCTQYN97E15A555V'),(8,70,1,5,'09:00:00','17:00:00','GLOLYJ68P06B542P'),(5,70,1,5,'09:00:00','17:00:00','LYTPWN92E14H778C'),(5,70,1,5,'09:00:00','17:00:00','MGRMGT94P69B124P'),(5,70,1,5,'09:00:00','17:00:00','SGSBDU81L43G274Q'),(8,70,1,5,'09:00:00','17:00:00','VDCWWG84R64A539V'),(4,70,1,5,'09:00:00','17:00:00','YGDHTZ89D50C487E'),(2,70,1,5,'09:00:00','17:00:00','YRBYJF64H06F453M'),(2,70,1,5,'14:00:00','22:00:00','CGOLER71L47B270H'),(2,70,1,5,'14:00:00','22:00:00','HJZZNF81M15B602Q'),(4,70,1,5,'14:00:00','22:00:00','PPBPQT66D17B463X'),(4,70,1,5,'14:00:00','22:00:00','TSQTGW74B02A218P'),(5,71,1,5,'09:00:00','17:00:00','GLOLYJ68P06B542P'),(8,71,1,5,'09:00:00','17:00:00','LYTPWN92E14H778C'),(3,71,1,5,'09:00:00','17:00:00','MGRMGT94P69B124P'),(2,71,1,5,'09:00:00','17:00:00','VDCWWG84R64A539V'),(8,71,1,5,'09:00:00','17:00:00','YGDHTZ89D50C487E'),(8,71,1,5,'09:00:00','17:00:00','YRBYJF64H06F453M'),(3,71,1,5,'14:00:00','22:00:00','CGOLER71L47B270H'),(8,71,1,5,'14:00:00','22:00:00','HJZZNF81M15B602Q'),(2,71,1,5,'14:00:00','22:00:00','PPBPQT66D17B463X'),(5,71,1,5,'14:00:00','22:00:00','TSQTGW74B02A218P'),(3,72,1,5,'09:00:00','17:00:00','GLOLYJ68P06B542P'),(5,72,1,5,'09:00:00','17:00:00','LYTPWN92E14H778C'),(7,72,1,5,'09:00:00','17:00:00','MGRMGT94P69B124P'),(7,72,1,5,'09:00:00','17:00:00','VDCWWG84R64A539V'),(2,72,1,5,'09:00:00','17:00:00','YRBYJF64H06F453M'),(8,72,1,5,'09:00:00','17:00:00','YREVHF69D46E976I'),(5,72,1,5,'14:00:00','22:00:00','CGOLER71L47B270H'),(4,72,1,5,'14:00:00','22:00:00','HJZZNF81M15B602Q'),(2,72,1,5,'14:00:00','22:00:00','PPBPQT66D17B463X'),(7,73,1,5,'09:00:00','17:00:00','CHJVDN64M62B789N'),(2,73,1,5,'09:00:00','17:00:00','LYTPWN92E14H778C'),(5,73,1,5,'09:00:00','17:00:00','MGRMGT94P69B124P'),(4,73,1,5,'09:00:00','17:00:00','VDCWWG84R64A539V'),(3,73,1,5,'09:00:00','17:00:00','YRBYJF64H06F453M'),(5,73,1,5,'14:00:00','22:00:00','CGOLER71L47B270H'),(8,73,1,5,'14:00:00','22:00:00','HJZZNF81M15B602Q'),(8,73,1,5,'14:00:00','22:00:00','PPBPQT66D17B463X'),(4,74,1,5,'09:00:00','17:00:00','CHJVDN64M62B789N'),(5,74,1,5,'09:00:00','17:00:00','LYTPWN92E14H778C'),(7,74,1,5,'09:00:00','17:00:00','MGRMGT94P69B124P'),(6,74,1,5,'09:00:00','17:00:00','VDCWWG84R64A539V'),(8,74,1,5,'09:00:00','17:00:00','YRBYJF64H06F453M'),(2,74,1,5,'09:00:00','17:00:00','YREVHF69D46E976I'),(7,74,1,5,'14:00:00','22:00:00','CGOLER71L47B270H'),(3,74,1,5,'14:00:00','22:00:00','HJZZNF81M15B602Q'),(2,74,1,5,'14:00:00','22:00:00','LOPDGI81P20G540Y'),(2,74,1,5,'14:00:00','22:00:00','PPBPQT66D17B463X'),(2,75,1,5,'09:00:00','17:00:00','CHJVDN64M62B789N'),(2,75,1,5,'09:00:00','17:00:00','LYTPWN92E14H778C'),(8,75,1,5,'09:00:00','17:00:00','MGRMGT94P69B124P'),(3,75,1,5,'09:00:00','17:00:00','VDCWWG84R64A539V'),(4,75,1,5,'09:00:00','17:00:00','YRBYJF64H06F453M'),(2,75,1,5,'09:00:00','17:00:00','YREVHF69D46E976I'),(8,75,1,5,'14:00:00','22:00:00','CGOLER71L47B270H'),(3,75,1,5,'14:00:00','22:00:00','HJZZNF81M15B602Q'),(6,75,1,5,'14:00:00','22:00:00','LOPDGI81P20G540Y'),(8,75,1,5,'14:00:00','22:00:00','PPBPQT66D17B463X'),(8,76,1,5,'09:00:00','17:00:00','CHJVDN64M62B789N'),(5,76,1,5,'09:00:00','17:00:00','LYTPWN92E14H778C'),(2,76,1,5,'09:00:00','17:00:00','MGRMGT94P69B124P'),(7,76,1,5,'09:00:00','17:00:00','VDCWWG84R64A539V'),(4,76,1,5,'09:00:00','17:00:00','YRBYJF64H06F453M'),(5,76,1,5,'09:00:00','17:00:00','YREVHF69D46E976I'),(2,76,1,5,'14:00:00','22:00:00','CGOLER71L47B270H'),(8,76,1,5,'14:00:00','22:00:00','HJZZNF81M15B602Q'),(3,76,1,5,'14:00:00','22:00:00','LOPDGI81P20G540Y'),(5,76,1,5,'14:00:00','22:00:00','PPBPQT66D17B463X');
/*!40000 ALTER TABLE `Svolgimento` ENABLE KEYS */;
UNLOCK TABLES;
/*!50003 SET @saved_cs_client      = @@character_set_client */ ;
/*!50003 SET @saved_cs_results     = @@character_set_results */ ;
/*!50003 SET @saved_col_connection = @@collation_connection */ ;
/*!50003 SET character_set_client  = utf8mb4 */ ;
/*!50003 SET character_set_results = utf8mb4 */ ;
/*!50003 SET collation_connection  = utf8mb4_0900_ai_ci */ ;
/*!50003 SET @saved_sql_mode       = @@sql_mode */ ;
/*!50003 SET sql_mode              = 'ONLY_FULL_GROUP_BY,STRICT_TRANS_TABLES,NO_ZERO_IN_DATE,NO_ZERO_DATE,ERROR_FOR_DIVISION_BY_ZERO,NO_ENGINE_SUBSTITUTION' */ ;
DELIMITER ;;
/*!50003 CREATE*/ /*!50017 DEFINER=`remoteroot`@`%`*/ /*!50003 TRIGGER `set_costo_lavoratori` AFTER INSERT ON `Svolgimento` FOR EACH ROW BEGIN



END */;;
DELIMITER ;
/*!50003 SET sql_mode              = @saved_sql_mode */ ;
/*!50003 SET character_set_client  = @saved_cs_client */ ;
/*!50003 SET character_set_results = @saved_cs_results */ ;
/*!50003 SET collation_connection  = @saved_col_connection */ ;
/*!50003 SET @saved_cs_client      = @@character_set_client */ ;
/*!50003 SET @saved_cs_results     = @@character_set_results */ ;
/*!50003 SET @saved_col_connection = @@collation_connection */ ;
/*!50003 SET character_set_client  = utf8mb4 */ ;
/*!50003 SET character_set_results = utf8mb4 */ ;
/*!50003 SET collation_connection  = utf8mb4_0900_ai_ci */ ;
/*!50003 SET @saved_sql_mode       = @@sql_mode */ ;
/*!50003 SET sql_mode              = 'ONLY_FULL_GROUP_BY,STRICT_TRANS_TABLES,NO_ZERO_IN_DATE,NO_ZERO_DATE,ERROR_FOR_DIVISION_BY_ZERO,NO_ENGINE_SUBSTITUTION' */ ;
DELIMITER ;;
/*!50003 CREATE*/ /*!50017 DEFINER=`remoteroot`@`%`*/ /*!50003 TRIGGER `assegnamento_turno` AFTER INSERT ON `Svolgimento` FOR EACH ROW BEGIN
	DECLARE min_lavoratori INT;
    DECLARE cod_capo VARCHAR(20);
    DECLARE max_lavoratori INT;
    
    SELECT COUNT(DISTINCT L.CodFiscale) / C.MaxLavoratori, L.CodFiscaleCapocantiere, C.MaxLavoratori INTO min_lavoratori, cod_capo, max_lavoratori
    FROM Lavoratore L
    INNER JOIN Capocantiere C ON C.CodFiscale = L.CodFiscaleCapocantiere
    INNER JOIN AsseCapo A ON A.CodFiscale = C.CodFiscale
    WHERE SV.GiornoInizio = NEW.GiornoInizio AND SV.GiornoFine = NEW.GiornoFine AND SV.OraInizio = NEW.OraInizio AND SV.OraFine = NEW.OraFine
    GROUP BY L.CodFiscaleCapocantiere, SV.GiornoInizio, SV.GiornoFine, SV.OraInizio, SV.OraFine
    HAVING COUNT(DISTINCT L.CodFiscale) / C.MaxLavoratori <= ALL (
		SELECT COUNT(DISTINCT L.CodFiscale) / C.MaxLavoratori
		FROM Lavoratore L
		GROUP BY CodFiscaleCapocantiere
	);
    IF min_lavoratori + 1 <= max_lavoratori THEN
		UPDATE Lavoratore
        SET CodFiscaleCapocantiere = cod_capo
        WHERE CodFiscale = NEW.CodFiscale;
    END IF;
    
END */;;
DELIMITER ;
/*!50003 SET sql_mode              = @saved_sql_mode */ ;
/*!50003 SET character_set_client  = @saved_cs_client */ ;
/*!50003 SET character_set_results = @saved_cs_results */ ;
/*!50003 SET collation_connection  = @saved_col_connection */ ;

--
-- Table structure for table `Turno`
--

DROP TABLE IF EXISTS `Turno`;
/*!40101 SET @saved_cs_client     = @@character_set_client */;
/*!50503 SET character_set_client = utf8mb4 */;
CREATE TABLE `Turno` (
  `GiornoInizio` int NOT NULL,
  `GiornoFine` int NOT NULL,
  `OraInizio` time NOT NULL,
  `OraFine` time NOT NULL,
  PRIMARY KEY (`GiornoInizio`,`GiornoFine`,`OraInizio`,`OraFine`),
  CONSTRAINT `Turno_chk_1` CHECK ((`GiornoFine` > `GiornoInizio`)),
  CONSTRAINT `Turno_chk_2` CHECK ((`OraFine` > `OraInizio`)),
  CONSTRAINT `Turno_chk_3` CHECK ((`GiornoInizio` between 1 and 7)),
  CONSTRAINT `Turno_chk_4` CHECK ((`GiornoFine` between 1 and 7))
) ENGINE=InnoDB DEFAULT CHARSET=utf8mb4 COLLATE=utf8mb4_0900_ai_ci;
/*!40101 SET character_set_client = @saved_cs_client */;

--
-- Dumping data for table `Turno`
--

LOCK TABLES `Turno` WRITE;
/*!40000 ALTER TABLE `Turno` DISABLE KEYS */;
INSERT INTO `Turno` VALUES (1,5,'09:00:00','17:00:00'),(1,5,'14:00:00','22:00:00');
/*!40000 ALTER TABLE `Turno` ENABLE KEYS */;
UNLOCK TABLES;

--
-- Table structure for table `Utilizzo`
--

DROP TABLE IF EXISTS `Utilizzo`;
/*!40101 SET @saved_cs_client     = @@character_set_client */;
/*!50503 SET character_set_client = utf8mb4 */;
CREATE TABLE `Utilizzo` (
  `Quantita` float unsigned NOT NULL,
  `CodiceLotto` int unsigned NOT NULL,
  `X` float unsigned NOT NULL,
  `Y` float unsigned NOT NULL,
  `Z` float unsigned NOT NULL,
  `CodiceVano` int unsigned NOT NULL,
  PRIMARY KEY (`CodiceLotto`,`X`,`Y`,`Z`,`CodiceVano`),
  KEY `fk_ElementoStrutturale_Lotto_Lotto1_idx` (`CodiceLotto`),
  KEY `fk_Utilizzo_EleStrutt1_idx` (`X`,`Y`,`Z`,`CodiceVano`),
  CONSTRAINT `fk_Utilizzo_EleStrutt1` FOREIGN KEY (`X`, `Y`, `Z`, `CodiceVano`) REFERENCES `EleStrutt` (`X`, `Y`, `Z`, `CodiceVano`) ON DELETE CASCADE ON UPDATE CASCADE,
  CONSTRAINT `fk_Utilizzo_Lotto1` FOREIGN KEY (`CodiceLotto`) REFERENCES `Lotto` (`CodiceLotto`) ON DELETE CASCADE ON UPDATE CASCADE,
  CONSTRAINT `Utilizzo_chk_1` CHECK ((`Quantita` > 0))
) ENGINE=InnoDB DEFAULT CHARSET=utf8mb4 COLLATE=utf8mb4_0900_ai_ci;
/*!40101 SET character_set_client = @saved_cs_client */;

--
-- Dumping data for table `Utilizzo`
--

LOCK TABLES `Utilizzo` WRITE;
/*!40000 ALTER TABLE `Utilizzo` DISABLE KEYS */;
INSERT INTO `Utilizzo` VALUES (7.7,0,0,0,0,0),(7.7,0,0,0,0,8),(5.6,0,0,5.5,0,0),(6.3,0,0,5.5,0,1),(2.8,0,0,5.5,0,8),(6.3,0,0,5.5,0,9),(5.6,0,0,10,0,1),(5.6,0,0,10,0,9),(4.9,0,4,0,0,6),(8.4,0,4,0,0,10),(5.6,0,4,0.4,0,0),(5.6,0,4,0.4,0,8),(7.7,0,4,5.5,0,0),(2.8,0,4,5.5,0,2),(3.85,0,4,5.5,0,8),(3.15,0,4,10,0,1),(5.6,0,4,10,0,2),(3.15,0,4,10,0,9),(8.4,0,4,10,0,10),(5.6,0,7.5,0,0,6),(2.8,0,7.5,4.5,0,6),(2.8,0,7.5,5.5,0,6),(2.45,0,8,5.5,0,3),(3.15,0,8,10,0,2),(4.9,0,8,10,0,3),(3.5,0,10,0,0,12),(7,0,10,5.5,0,11),(7,0,10,10,0,11),(6.3,0,11.5,0,0,5),(2.45,0,11.5,4.5,0,5),(2.45,0,11.5,5.5,0,4),(2.45,0,11.5,10,0,3),(4.9,0,11.5,10,0,4),(2.45,0,15,0.2,0,5),(7,0,15,0.4,0,12),(6.3,0,15,4.5,0,5),(7,0,15,5.5,0,12),(3.5,0,15,5.9,0,11),(4.9,0,15,10,0,4),(7,0,15,10,0,11),(2.2,1,0,0,0,0),(2.2,1,0,0,0,8),(1.6,1,0,5.5,0,0),(1.8,1,0,5.5,0,1),(0.8,1,0,5.5,0,8),(1.8,1,0,5.5,0,9),(1.6,1,0,10,0,1),(1.6,1,0,10,0,9),(1.4,1,4,0,0,6),(2.4,1,4,0,0,10),(1.6,1,4,0.4,0,0),(1.6,1,4,0.4,0,8),(2.2,1,4,5.5,0,0),(0.8,1,4,5.5,0,2),(1.1,1,4,5.5,0,8),(0.9,1,4,10,0,1),(1.6,1,4,10,0,2),(0.9,1,4,10,0,9),(2.4,1,4,10,0,10),(6,1,4.5,10,0,10),(1.6,1,7.5,0,0,6),(0.8,1,7.5,4.5,0,6),(0.8,1,7.5,5.5,0,6),(0.7,1,8,5.5,0,3),(0.9,1,8,10,0,2),(1.4,1,8,10,0,3),(1,1,10,0,0,12),(2,1,10,5.5,0,11),(2,1,10,10,0,11),(1.8,1,11.5,0,0,5),(0.7,1,11.5,4.5,0,5),(0.7,1,11.5,5.5,0,4),(0.7,1,11.5,10,0,3),(1.4,1,11.5,10,0,4),(0.7,1,15,0.2,0,5),(2,1,15,0.4,0,12),(1.8,1,15,4.5,0,5),(2,1,15,5.5,0,12),(1,1,15,5.9,0,11),(1.4,1,15,10,0,4),(2,1,15,10,0,11),(2.2,2,0,0,0,0),(2.2,2,0,0,0,8),(1.6,2,0,5.5,0,0),(1.8,2,0,5.5,0,1),(0.8,2,0,5.5,0,8),(1.8,2,0,5.5,0,9),(1.6,2,0,10,0,1),(1.6,2,0,10,0,9),(1.4,2,4,0,0,6),(2.4,2,4,0,0,10),(1.6,2,4,0.4,0,0),(1.6,2,4,0.4,0,8),(2.2,2,4,5.5,0,0),(0.8,2,4,5.5,0,2),(1.1,2,4,5.5,0,8),(0.9,2,4,10,0,1),(1.6,2,4,10,0,2),(0.9,2,4,10,0,9),(2.4,2,4,10,0,10),(1.6,2,7.5,0,0,6),(0.8,2,7.5,4.5,0,6),(0.8,2,7.5,5.5,0,6),(0.7,2,8,5.5,0,3),(0.9,2,8,10,0,2),(1.4,2,8,10,0,3),(1,2,10,0,0,12),(2,2,10,5.5,0,11),(2,2,10,10,0,11),(1.8,2,11.5,0,0,5),(0.7,2,11.5,4.5,0,5),(0.7,2,11.5,5.5,0,4),(0.7,2,11.5,10,0,3),(1.4,2,11.5,10,0,4),(0.7,2,15,0.2,0,5),(2,2,15,0.4,0,12),(1.8,2,15,4.5,0,5),(2,2,15,5.5,0,12),(1,2,15,5.9,0,11),(1.4,2,15,10,0,4),(2,2,15,10,0,11),(2.2,3,0,0,0,0),(2.2,3,0,0,0,8),(1.6,3,0,5.5,0,0),(1.8,3,0,5.5,0,1),(0.8,3,0,5.5,0,8),(1.8,3,0,5.5,0,9),(1.6,3,0,10,0,1),(1.6,3,0,10,0,9),(1.4,3,4,0,0,6),(2.4,3,4,0,0,10),(1.6,3,4,0.4,0,0),(1.6,3,4,0.4,0,8),(2.2,3,4,5.5,0,0),(0.8,3,4,5.5,0,2),(1.1,3,4,5.5,0,8),(0.9,3,4,10,0,1),(1.6,3,4,10,0,2),(0.9,3,4,10,0,9),(2.4,3,4,10,0,10),(1.6,3,7.5,0,0,6),(0.8,3,7.5,4.5,0,6),(0.8,3,7.5,5.5,0,6),(0.7,3,8,5.5,0,3),(0.9,3,8,10,0,2),(1.4,3,8,10,0,3),(1,3,10,0,0,12),(2,3,10,5.5,0,11),(2,3,10,10,0,11),(1.8,3,11.5,0,0,5),(0.7,3,11.5,4.5,0,5),(0.7,3,11.5,5.5,0,4),(0.7,3,11.5,10,0,3),(1.4,3,11.5,10,0,4),(0.7,3,15,0.2,0,5),(2,3,15,0.4,0,12),(1.8,3,15,4.5,0,5),(2,3,15,5.5,0,12),(1,3,15,5.9,0,11),(1.4,3,15,10,0,4),(2,3,15,10,0,11),(2.2,4,0,0,0,0),(2.2,4,0,0,0,8),(1.6,4,0,5.5,0,0),(1.8,4,0,5.5,0,1),(0.8,4,0,5.5,0,8),(1.8,4,0,5.5,0,9),(1.6,4,0,10,0,1),(1.6,4,0,10,0,9),(1.4,4,4,0,0,6),(2.4,4,4,0,0,10),(1.6,4,4,0.4,0,0),(1.6,4,4,0.4,0,8),(2.2,4,4,5.5,0,0),(0.8,4,4,5.5,0,2),(1.1,4,4,5.5,0,8),(0.9,4,4,10,0,1),(1.6,4,4,10,0,2),(0.9,4,4,10,0,9),(2.4,4,4,10,0,10),(1.6,4,7.5,0,0,6),(0.8,4,7.5,4.5,0,6),(0.8,4,7.5,5.5,0,6),(0.7,4,8,5.5,0,3),(0.9,4,8,10,0,2),(1.4,4,8,10,0,3),(1,4,10,0,0,12),(2,4,10,5.5,0,11),(2,4,10,10,0,11),(1.8,4,11.5,0,0,5),(0.7,4,11.5,4.5,0,5),(0.7,4,11.5,5.5,0,4),(0.7,4,11.5,10,0,3),(1.4,4,11.5,10,0,4),(0.7,4,15,0.2,0,5),(2,4,15,0.4,0,12),(1.8,4,15,4.5,0,5),(2,4,15,5.5,0,12),(1,4,15,5.9,0,11),(1.4,4,15,10,0,4),(2,4,15,10,0,11),(22,5,0.1,0.1,0.1,0),(18,5,0.1,5.5,0.1,1),(19.25,5,4,0.1,0.1,7),(18,5,4,5.5,0.1,2),(18,5,7.5,0.1,0.1,6),(15.75,5,8,5.5,0.1,3),(15.75,5,11.5,0.1,0.1,5),(15.75,5,11.5,5.5,0.1,4),(22,6,0.1,0.1,0.1,8),(18,6,0.1,5.5,0.1,9),(60,6,4,0.1,0.1,10),(25,6,10,0.1,0.1,12),(25,6,10,5,0.1,11),(8.4,7,4.5,10,0,10),(0.42,8,0,3,0,0),(0.42,8,0,3,0,8),(0.2,8,2,5.7,0,1),(0.2,8,3,5.3,0,9),(0.3,8,3.7,3,0,10),(0.2,8,4,2.5,0,7),(0.2,8,4,7,0,2),(0.2,8,4.3,10,0,2),(0.2,8,6,10,0,10),(0.2,8,7.5,4.5,0,7),(0.1,8,8.4,0.2,0.8,4),(0.2,8,9,4.3,0,6),(0.2,8,9,5.7,0,3),(0.3,8,9.7,3,0,12),(0.3,8,9.7,8,0,11),(0.1,8,12.3,10,0.8,4),(0.1,8,12.5,0.2,0.8,5),(0.2,8,12.5,4.3,0,5),(0.2,8,12.5,5.7,0,4),(0.056,8,14.7,3,0,12),(0.048,8,14.7,8,0,11),(0.1,9,4.3,10,0,2),(0.1,9,6,10,0,10),(0.1,9,8.4,0.2,0.8,4),(0.1,9,12.3,10,0.8,4),(0.1,9,12.5,0.2,0.8,5),(0.07,9,14.7,3,0,12),(0.06,9,14.7,8,0,11);
/*!40000 ALTER TABLE `Utilizzo` ENABLE KEYS */;
UNLOCK TABLES;

--
-- Table structure for table `Vano`
--

DROP TABLE IF EXISTS `Vano`;
/*!40101 SET @saved_cs_client     = @@character_set_client */;
/*!50503 SET character_set_client = utf8mb4 */;
CREATE TABLE `Vano` (
  `CodiceVano` int unsigned NOT NULL AUTO_INCREMENT,
  `Fuga` float unsigned DEFAULT NULL,
  `LunghezzaMax` float unsigned NOT NULL,
  `LarghezzaMax` float unsigned NOT NULL,
  `AltezzaMax` float unsigned NOT NULL,
  `TipoSoffitto` varchar(80) NOT NULL,
  `AltezzaPavimento` float unsigned NOT NULL,
  `CodiceEdificio` int unsigned NOT NULL,
  PRIMARY KEY (`CodiceVano`),
  KEY `fk_Vano_Piano1_idx` (`AltezzaPavimento`,`CodiceEdificio`),
  CONSTRAINT `Piano(CodiceEdificio, AltezzaPavimento)` FOREIGN KEY (`AltezzaPavimento`, `CodiceEdificio`) REFERENCES `Piano` (`AltezzaPavimento`, `CodiceEdificio`) ON DELETE CASCADE ON UPDATE CASCADE,
  CONSTRAINT `Vano_chk_1` CHECK ((`LunghezzaMax` > 0)),
  CONSTRAINT `Vano_chk_2` CHECK ((`LarghezzaMax` > 0)),
  CONSTRAINT `Vano_chk_3` CHECK ((`AltezzaMax` > 0))
) ENGINE=InnoDB AUTO_INCREMENT=19 DEFAULT CHARSET=utf8mb4 COLLATE=utf8mb4_0900_ai_ci;
/*!40101 SET character_set_client = @saved_cs_client */;

--
-- Dumping data for table `Vano`
--

LOCK TABLES `Vano` WRITE;
/*!40000 ALTER TABLE `Vano` DISABLE KEYS */;
INSERT INTO `Vano` VALUES (0,NULL,4.5,5.5,3.5,'Regolare',0,0),(1,0.05,4,4.5,3.5,'Regolare',0,0),(2,0.05,4,4.5,3.5,'Regolare',0,0),(3,0.05,3.5,4.5,3.5,'Regolare',0,0),(4,0.05,3.5,4.5,3.5,'Regolare',0,0),(5,NULL,3.5,4.5,3.5,'Regolare',0,0),(6,0.01,4,4.5,3.5,'Regolare',0,0),(7,0.05,3,5.5,3.5,'Regolare',0,0),(8,0.01,4,5.5,3.5,'Regolare',3.5,0),(9,0.01,4,4.5,3.5,'Regolare',3.5,0),(10,0.01,6,10,3.5,'Regolare',3.5,0),(11,0.01,5,5,3.5,'Regolare',3.5,0),(12,NULL,5,5,3.5,'Regolare',3.5,0),(13,NULL,7,7,3,'Regolare',9,1),(14,NULL,5,3,3,'Regolare',9,1),(15,NULL,4,2,3,'Regolare',9,1),(16,NULL,4,2.5,3,'Regolare',9,1),(17,NULL,4,2.5,3,'Regolare',9,1),(18,NULL,4,3,3,'Regolare',9,1);
/*!40000 ALTER TABLE `Vano` ENABLE KEYS */;
UNLOCK TABLES;

--
-- Table structure for table `VertPiano`
--

DROP TABLE IF EXISTS `VertPiano`;
/*!40101 SET @saved_cs_client     = @@character_set_client */;
/*!50503 SET character_set_client = utf8mb4 */;
CREATE TABLE `VertPiano` (
  `Cardinalità` int unsigned NOT NULL,
  `X` float unsigned NOT NULL,
  `Y` float unsigned NOT NULL,
  `AltezzaPavimento` float unsigned NOT NULL,
  `CodiceEdificio` int unsigned NOT NULL,
  PRIMARY KEY (`Cardinalità`,`AltezzaPavimento`,`CodiceEdificio`),
  KEY `fk_VerticePiano_Piano1_idx` (`AltezzaPavimento`,`CodiceEdificio`),
  CONSTRAINT `fk_VertPiano_Piano1` FOREIGN KEY (`AltezzaPavimento`, `CodiceEdificio`) REFERENCES `Piano` (`AltezzaPavimento`, `CodiceEdificio`) ON DELETE CASCADE ON UPDATE CASCADE
) ENGINE=InnoDB DEFAULT CHARSET=utf8mb4 COLLATE=utf8mb4_0900_ai_ci;
/*!40101 SET character_set_client = @saved_cs_client */;

--
-- Dumping data for table `VertPiano`
--

LOCK TABLES `VertPiano` WRITE;
/*!40000 ALTER TABLE `VertPiano` DISABLE KEYS */;
INSERT INTO `VertPiano` VALUES (0,0,0,0,0),(0,0,0,0,1),(0,0,0,3,1),(0,0,0,3.5,0),(0,0,0,6,1),(0,0,0,9,1),(1,0,10,0,0),(1,0,5,0,1),(1,0,5,3,1),(1,0,10,3.5,0),(1,0,7,6,1),(1,0,7,9,1),(2,15,10,0,0),(2,16,5,0,1),(2,16,5,3,1),(2,15,10,3.5,0),(2,16,7,6,1),(2,16,7,9,1),(3,15,0,0,0),(3,16,0,0,1),(3,16,0,3,1),(3,15,0,3.5,0),(3,16,0,6,1),(3,16,0,9,1);
/*!40000 ALTER TABLE `VertPiano` ENABLE KEYS */;
UNLOCK TABLES;

--
-- Table structure for table `VertVano`
--

DROP TABLE IF EXISTS `VertVano`;
/*!40101 SET @saved_cs_client     = @@character_set_client */;
/*!50503 SET character_set_client = utf8mb4 */;
CREATE TABLE `VertVano` (
  `Cardinalita` int unsigned NOT NULL,
  `X` float unsigned NOT NULL,
  `Y` float unsigned NOT NULL,
  `CodiceVano` int unsigned NOT NULL,
  PRIMARY KEY (`Cardinalita`,`CodiceVano`),
  KEY `fk_VerticeVano_Vano1_idx` (`CodiceVano`),
  CONSTRAINT `fk_VertVano_Vano1` FOREIGN KEY (`CodiceVano`) REFERENCES `Vano` (`CodiceVano`) ON DELETE CASCADE ON UPDATE CASCADE
) ENGINE=InnoDB DEFAULT CHARSET=utf8mb4 COLLATE=utf8mb4_0900_ai_ci;
/*!40101 SET character_set_client = @saved_cs_client */;

--
-- Dumping data for table `VertVano`
--

LOCK TABLES `VertVano` WRITE;
/*!40000 ALTER TABLE `VertVano` DISABLE KEYS */;
INSERT INTO `VertVano` VALUES (0,0,0,0),(0,0,0,1),(0,4,5.5,2),(0,8,5.5,3),(0,11.5,5.5,4),(0,11.5,0,5),(0,7.5,0,6),(0,4,0,7),(0,0,0,8),(0,0,5.5,9),(0,4,0,10),(0,10,5,11),(0,10,0,12),(0,0,0,13),(0,7,4,14),(0,12,5,15),(0,12,2.5,16),(0,12,0,17),(0,7,0,18),(1,0,5.5,0),(1,0,5.5,1),(1,4,10,2),(1,8,10,3),(1,11.5,10,4),(1,11.5,4.5,5),(1,7.5,4.5,6),(1,4,5.5,7),(1,0,5.5,8),(1,0,10,9),(1,4,10,10),(1,10,10,11),(1,10,5,12),(1,0,7,13),(1,7,7,14),(1,12,7,15),(1,12,5,16),(1,12,2.5,17),(1,7,3,18),(2,4,5.5,0),(2,4,5.5,1),(2,8,10,2),(2,11.5,10,3),(2,15,10,4),(2,15,4.5,5),(2,11.5,4.5,6),(2,7.5,5.5,7),(2,4,5.5,8),(2,4,10,9),(2,10,10,10),(2,15,10,11),(2,15,5,12),(2,7,7,13),(2,12,7,14),(2,16,7,15),(2,16,5,16),(2,16,2.5,17),(2,11,3,18),(3,4,0,0),(3,4,0,1),(3,8,5.5,2),(3,11.5,5.5,3),(3,15,5.5,4),(3,15,0,5),(3,11.5,0,6),(3,7.5,0,7),(3,4,0,8),(3,4,5.5,9),(3,10,0,10),(3,15,5,11),(3,15,0,12),(3,7,0,13),(3,12,4,14),(3,16,5,15),(3,16,2.5,16),(3,16,0,17),(3,11,0,18);
/*!40000 ALTER TABLE `VertVano` ENABLE KEYS */;
UNLOCK TABLES;

--
-- Dumping events for database 'SmartBuildings'
--
/*!50106 SET @save_time_zone= @@TIME_ZONE */ ;
/*!50106 DROP EVENT IF EXISTS `set_costo_lavoratori` */;
DELIMITER ;;
/*!50003 SET @saved_cs_client      = @@character_set_client */ ;;
/*!50003 SET @saved_cs_results     = @@character_set_results */ ;;
/*!50003 SET @saved_col_connection = @@collation_connection */ ;;
/*!50003 SET character_set_client  = utf8mb4 */ ;;
/*!50003 SET character_set_results = utf8mb4 */ ;;
/*!50003 SET collation_connection  = utf8mb4_0900_ai_ci */ ;;
/*!50003 SET @saved_sql_mode       = @@sql_mode */ ;;
/*!50003 SET sql_mode              = 'ONLY_FULL_GROUP_BY,STRICT_TRANS_TABLES,NO_ZERO_IN_DATE,NO_ZERO_DATE,ERROR_FOR_DIVISION_BY_ZERO,NO_ENGINE_SUBSTITUTION' */ ;;
/*!50003 SET @saved_time_zone      = @@time_zone */ ;;
/*!50003 SET time_zone             = 'SYSTEM' */ ;;
/*!50106 CREATE*/ /*!50117 DEFINER=`remoteroot`@`%`*/ /*!50106 EVENT `set_costo_lavoratori` ON SCHEDULE EVERY 1 DAY STARTS '2022-07-29 00:00:00' ON COMPLETION NOT PRESERVE ENABLE DO BEGIN

WITH sum_lavoratori AS (SELECT SUM(Parziale) AS Somma, D.CodiceLavoro
						FROM (SELECT L.StipendioOrario * SL.Ore AS Parziale, SL.CodiceLavoro
								FROM Lavoratore L
                                INNER JOIN Svolgimento SL ON L.CodFiscale = SL.CodFiscale) AS D
						GROUP BY D.CodiceLavoro),
sum_capocantieri AS (SELECT SUM(ParzialeCapo) AS SommaCapi, D.CodiceLavoro
					 FROM(SELECT DISTINCT C.StipendioGiornaliero * IfNull(7/
                     (SELECT COUNT(*) FROM Lavoro L1 
                             WHERE L1.DataInizio = SA.DataInizio
                             AND L1.CodiceProgetto = SA.CodiceProgetto), 0) AS ParzialeCapo, L3.CodiceLavoro 
						  FROM Capocantiere C
                          INNER JOIN Lavoratore L2 ON L2.CodFiscaleCapocantiere = C.CodFiscale
                          INNER JOIN Svolgimento SV1 ON SV1.CodFiscale = L2.CodFiscale
                          INNER JOIN Lavoro L3 ON L3.CodiceLavoro = SV1.CodiceLavoro
                          INNER JOIN StadioAva SA ON SA.CodiceProgetto = L3.CodiceProgetto 
                          AND SA.DataInizio = L3.DataInizio) AS D
					 GROUP BY D.CodiceLavoro)
                     
UPDATE Lavoro L
SET L.CostoLavoratori = (SELECT Somma 
						 FROM sum_lavoratori SV 
                         WHERE L.CodiceLavoro = SV.CodiceLavoro)  
                         +
                         (SELECT SommaCapi 
						  FROM sum_capocantieri SC
						  WHERE L.CodiceLavoro = SC.CodiceLavoro);
                          
END */ ;;
/*!50003 SET time_zone             = @saved_time_zone */ ;;
/*!50003 SET sql_mode              = @saved_sql_mode */ ;;
/*!50003 SET character_set_client  = @saved_cs_client */ ;;
/*!50003 SET character_set_results = @saved_cs_results */ ;;
/*!50003 SET collation_connection  = @saved_col_connection */ ;;
/*!50106 DROP EVENT IF EXISTS `StatoEdificio` */;;
DELIMITER ;;
/*!50003 SET @saved_cs_client      = @@character_set_client */ ;;
/*!50003 SET @saved_cs_results     = @@character_set_results */ ;;
/*!50003 SET @saved_col_connection = @@collation_connection */ ;;
/*!50003 SET character_set_client  = utf8mb4 */ ;;
/*!50003 SET character_set_results = utf8mb4 */ ;;
/*!50003 SET collation_connection  = utf8mb4_0900_ai_ci */ ;;
/*!50003 SET @saved_sql_mode       = @@sql_mode */ ;;
/*!50003 SET sql_mode              = 'ONLY_FULL_GROUP_BY,STRICT_TRANS_TABLES,NO_ZERO_IN_DATE,NO_ZERO_DATE,ERROR_FOR_DIVISION_BY_ZERO,NO_ENGINE_SUBSTITUTION' */ ;;
/*!50003 SET @saved_time_zone      = @@time_zone */ ;;
/*!50003 SET time_zone             = 'SYSTEM' */ ;;
/*!50106 CREATE*/ /*!50117 DEFINER=`remoteroot`@`%`*/ /*!50106 EVENT `StatoEdificio` ON SCHEDULE EVERY 1 DAY STARTS '2022-07-29 00:00:00' ON COMPLETION NOT PRESERVE ENABLE DO BEGIN
DECLARE CodiceEdi INT;
DECLARE VulnSismica FLOAT DEFAULT 0;
DECLARE VulnIdrogeologica FLOAT DEFAULT 0;
DECLARE VulnTermica FLOAT DEFAULT 0;
DECLARE VulnStrutturale FLOAT DEFAULT 0;
DECLARE NumSensTotali1D INT DEFAULT 0;
DECLARE NumSensTotali2D INT DEFAULT 0;
DECLARE NumSensTotali3D INT DEFAULT 0;
DECLARE fine INT DEFAULT 0;
DECLARE Edifici CURSOR FOR (SELECT CodiceEdificio FROM Edificio);
DECLARE CONTINUE HANDLER FOR NOT FOUND SET fine = 1;


OPEN Edifici;
ciclo:LOOP
FETCH Edifici INTO CodiceEdi;
	IF fine = 1 THEN LEAVE ciclo;
	END IF;
    SET VulnSismica = 0,
		VulnIdrogeologica = 0,
		VulnTermica = 0,
        VulnStrutturale = 0;
	-- Setto a 0 le vulnerabilità

SELECT COUNT(DISTINCT CodiceSensore) FROM (SELECT CodiceSensore, Tipo, CodiceVano 
				   FROM Sensore1D S1D 
				   NATURAL JOIN Vano V
				   INNER JOIN Edificio E ON V.CodiceEdificio = E.CodiceEdificio
                   WHERE E.CodiceEdificio = CodiceEdi) AS S1D INTO NumSensTotali1D;
SELECT COUNT(DISTINCT CodiceSensore) FROM (SELECT CodiceSensore, Tipo, CodiceVano 
				   FROM Sensore2D S2D 
				   NATURAL JOIN Vano V
				   INNER JOIN Edificio E ON V.CodiceEdificio = E.CodiceEdificio
                   WHERE E.CodiceEdificio = CodiceEdi) AS S2D INTO NumSensTotali2D;
SELECT COUNT(DISTINCT CodiceSensore) FROM (SELECT CodiceSensore, Tipo, CodiceVano 
				   FROM Sensore3D S3D 
				   NATURAL JOIN Vano V
				   INNER JOIN Edificio E ON V.CodiceEdificio = E.CodiceEdificio
                   WHERE E.CodiceEdificio = CodiceEdi) AS S3D INTO NumSensTotali3D;

IF((NumSensTotali1D + NumSensTotali2D + NumSensTotali3D)!=0) THEN
WITH Sensori1D AS (SELECT CodiceSensore, Tipo, CodiceVano 
				   FROM Sensore1D S1D 
				   NATURAL JOIN Vano V
				   INNER JOIN Edificio E ON V.CodiceEdificio = E.CodiceEdificio
                   WHERE E.CodiceEdificio = CodiceEdi),
Sensori2D AS (SELECT CodiceSensore, Tipo, CodiceVano 
				   FROM Sensore2D S2D 
				   NATURAL JOIN Vano V
				   INNER JOIN Edificio E ON V.CodiceEdificio = E.CodiceEdificio
                   WHERE E.CodiceEdificio = CodiceEdi),
Sensori3D AS (SELECT CodiceSensore, Tipo, CodiceVano 
				   FROM Sensore3D S3D 
				   NATURAL JOIN Vano V
				   INNER JOIN Edificio E ON V.CodiceEdificio = E.CodiceEdificio
                   WHERE E.CodiceEdificio = CodiceEdi),
LastAlert1D AS (SELECT Scostamento, Timestamp, CodiceSensore, Tipo FROM Alert1D A1D 
                NATURAL JOIN Sensori1D S1D
                WHERE A1D.Timestamp >= (NOW() - INTERVAL 1 DAY)),
LastAlert2D AS (SELECT ScostamentoX, ScostamentoY, Timestamp, CodiceSensore, Tipo FROM Alert2D A2D 
                NATURAL JOIN Sensori2D S2D
                WHERE A2D.Timestamp >= (NOW() - INTERVAL 1 DAY)),
LastAlert3D AS (SELECT ScostamentoX, ScostamentoY, ScostamentoZ,  Timestamp, CodiceSensore, Tipo FROM Alert3D A3D 
                NATURAL JOIN Sensori3D S3D
                WHERE A3D.Timestamp >= (NOW() - INTERVAL 1 DAY)),
NumSensAlert1D AS (SELECT COUNT(DISTINCT CodiceSensore) FROM (SELECT * FROM LastAlert1D) AS LA1D),
NumSensAlert2D AS (SELECT COUNT(DISTINCT CodiceSensore) FROM (SELECT * FROM LastAlert2D) AS LA2D),
NumSensAlert3D AS (SELECT COUNT(DISTINCT CodiceSensore) FROM (SELECT * FROM LastAlert3D) AS LA3D),
SCLastAlertPos AS (SELECT AVG(Scostamento) FROM (SELECT * FROM LastAlert1D) AS LA1D WHERE LA1D.Tipo = 'Posizione'),
SCLastAlertUmiEst AS (SELECT AVG(Scostamento) FROM (SELECT * FROM LastAlert1D) AS LA1D WHERE LA1D.Tipo = 'UmiditaEsterna'),
SCLastAlertUmiInt AS (SELECT AVG(Scostamento) FROM (SELECT * FROM LastAlert1D) AS LA1D WHERE LA1D.Tipo = 'UmiditaInterna'),
SCLastAlertTempEst AS (SELECT AVG(Scostamento) FROM (SELECT * FROM LastAlert1D) AS LA1D WHERE LA1D.Tipo = 'TemperaturaEsterna'),
SCLastAlertTempInt AS (SELECT AVG(Scostamento) FROM (SELECT * FROM LastAlert1D) AS LA1D WHERE LA1D.Tipo = 'TemperaturaInterna'),
SCLastAlertPrec AS (SELECT AVG(Scostamento) FROM (SELECT * FROM LastAlert1D) AS LA1D WHERE LA1D.Tipo = 'Precipitazione'),
SCLastAlertGir2DX AS (SELECT AVG(ScostamentoX) FROM (SELECT * FROM LastAlert2D WHERE ScostamentoX <> 0) AS LA2D WHERE LA2D.Tipo = 'Giroscopio'),
SCLastAlertGir2DY AS (SELECT AVG(ScostamentoY) FROM (SELECT * FROM LastAlert2D WHERE ScostamentoY <> 0) AS LA2D WHERE LA2D.Tipo = 'Giroscopio'),
SCLastAlertAcc2DX AS (SELECT AVG(ScostamentoX) FROM (SELECT * FROM LastAlert2D WHERE ScostamentoX <> 0) AS LA2D WHERE LA2D.Tipo = 'Accelerometro'),
SCLastAlertAcc2DY AS (SELECT AVG(ScostamentoY) FROM (SELECT * FROM LastAlert2D WHERE ScostamentoY <> 0) AS LA2D WHERE LA2D.Tipo = 'Accelerometro'),
SCLastAlertGir3DX AS (SELECT AVG(ScostamentoX) FROM (SELECT * FROM LastAlert3D WHERE ScostamentoX <> 0) AS LA3D WHERE LA3D.Tipo = 'Giroscopio'),
SCLastAlertGir3DY AS (SELECT AVG(ScostamentoY) FROM (SELECT * FROM LastAlert3D WHERE ScostamentoY <> 0) AS LA3D WHERE LA3D.Tipo = 'Giroscopio'),
SCLastAlertGir3DZ AS (SELECT AVG(ScostamentoZ) FROM (SELECT * FROM LastAlert3D WHERE ScostamentoZ <> 0) AS LA3D WHERE LA3D.Tipo = 'Giroscopio'),
SCLastAlertAcc3DX AS (SELECT AVG(ScostamentoX) FROM (SELECT * FROM LastAlert3D WHERE ScostamentoX <> 0) AS LA3D WHERE LA3D.Tipo = 'Accelerometro'),
SCLastAlertAcc3DY AS (SELECT AVG(ScostamentoY) FROM (SELECT * FROM LastAlert3D WHERE ScostamentoY <> 0) AS LA3D WHERE LA3D.Tipo = 'Accelerometro'),
SCLastAlertAcc3DZ AS (SELECT AVG(ScostamentoZ) FROM (SELECT * FROM LastAlert3D WHERE ScostamentoZ <> 0) AS LA3D WHERE LA3D.Tipo = 'Accelerometro')

SELECT 
-- vulnerabilità sismica
((IfNull((SELECT DISTINCT * FROM SCLastAlertPos),0) + 
		(IfNull((SELECT DISTINCT * FROM SCLastAlertGir2DX), 0) + IfNull((SELECT DISTINCT * FROM SCLastAlertGir2DY), 0))/2 + 
		(IfNull((SELECT DISTINCT * FROM SCLastAlertAcc2DX), 0) + IfNull((SELECT DISTINCT * FROM SCLastAlertAcc2DY), 0))/2 + 
		(IfNull((SELECT DISTINCT * FROM SCLastAlertGir3DX), 0) + 
         IfNull((SELECT DISTINCT * FROM SCLastAlertGir3DY), 0) + 
         IfNull((SELECT DISTINCT * FROM SCLastAlertGir3DZ), 0))/3 +
	    (IfNull((SELECT DISTINCT * FROM SCLastAlertAcc3DX), 0) + 
	     IfNull((SELECT DISTINCT * FROM SCLastAlertAcc3DY), 0) +
         IfNull((SELECT DISTINCT * FROM SCLastAlertAcc3DZ),0))/3) *
		 (
         (IfNull((SELECT DISTINCT * FROM NumSensAlert1D),0) + IfNull((SELECT DISTINCT * FROM NumSensAlert2D), 0) + IfNull((SELECT DISTINCT * FROM NumSensAlert3D),0))/
		 (NumSensTotali1D + NumSensTotali2D + NumSensTotali3D)
         )
		 ),
         
-- vulnerabilità idrogeologica
         ((IfNull((SELECT DISTINCT * FROM SCLastAlertPos),0) + 
         IfNull((SELECT DISTINCT * FROM SCLastAlertUmiEst), 0) + 
	     IfNull((SELECT DISTINCT * FROM SCLastAlertUmiInt), 0) + 
         IfNull((SELECT DISTINCT * FROM SCLastAlertPrec), 0) + 
		(IfNull((SELECT DISTINCT * FROM SCLastAlertAcc2DX), 0) + IfNull((SELECT DISTINCT * FROM SCLastAlertAcc2DY),0))/2 + 
	    (IfNull((SELECT DISTINCT * FROM SCLastAlertAcc3DX), 0) + 
	     IfNull((SELECT DISTINCT * FROM SCLastAlertAcc3DY), 0) +
         IfNull((SELECT DISTINCT * FROM SCLastAlertAcc3DZ),0))/3) *
		 (
         (IfNull((SELECT DISTINCT * FROM NumSensAlert1D), 0) 
         + IfNull((SELECT DISTINCT * FROM NumSensAlert2D),0) 
         + IfNull((SELECT DISTINCT * FROM NumSensAlert3D),0))/
		 (NumSensTotali1D + NumSensTotali2D + NumSensTotali3D)
         )
		 ),
         
-- vulnerabilità termica
         ((IfNull((SELECT DISTINCT * FROM SCLastAlertUmiEst), 0) + 
         IfNull((SELECT DISTINCT * FROM SCLastAlertUmiInt), 0) + 
         IfNull((SELECT DISTINCT * FROM SCLastAlertTempEst),0) + 
         IfNull((SELECT DISTINCT * FROM SCLastAlertTempInt),0)) *
		 (
         (IfNull((SELECT DISTINCT * FROM NumSensAlert1D), 0) + 
         IfNull((SELECT DISTINCT * FROM NumSensAlert2D), 0) + 
         IfNull((SELECT DISTINCT * FROM NumSensAlert3D), 0))/
		 (NumSensTotali1D + NumSensTotali2D + NumSensTotali3D)
         )
		 ),
         
-- vulnerabilità strutturale
         ((IfNull((SELECT DISTINCT * FROM SCLastAlertPos), 0) + 
         IfNull((SELECT DISTINCT * FROM SCLastAlertUmiEst), 0) + 
         IfNull((SELECT DISTINCT * FROM SCLastAlertUmiInt), 0) + 
         IfNull((SELECT DISTINCT * FROM SCLastAlertPrec), 0) + 
		(IfNull((SELECT DISTINCT * FROM SCLastAlertGir2DX), 0) + IfNull((SELECT DISTINCT * FROM SCLastAlertGir2DY), 0))/2 + 
	    (IfNull((SELECT DISTINCT * FROM SCLastAlertGir3DX), 0) + 
	     IfNull((SELECT DISTINCT * FROM SCLastAlertGir3DY), 0) +
         IfNull((SELECT DISTINCT * FROM SCLastAlertGir3DZ), 0))/3 +
         IfNull((SELECT DISTINCT * FROM SCLastAlertTempEst), 0) + 
         IfNull((SELECT DISTINCT * FROM SCLastAlertTempInt), 0)) *
		 (
         (IfNull((SELECT DISTINCT * FROM NumSensAlert1D), 0) + IfNull((SELECT DISTINCT * FROM NumSensAlert2D), 0) + IfNull((SELECT DISTINCT * FROM NumSensAlert3D), 0))/
		 (NumSensTotali1D + NumSensTotali2D + NumSensTotali3D)
         )
		 )
		INTO VulnSismica,
		VulnIdrogeologica,
		VulnTermica,
		VulnStrutturale;
        
        
IF VulnSismica IS NULL THEN
SET VulnSismica = 0;
END IF;

IF VulnIdrogeologica IS NULL THEN
SET VulnIdrogeologica = 0;
END IF;

IF VulnTermica IS NULL THEN
SET VulnTermica = 0;
END IF;

IF VulnStrutturale IS NULL THEN
SET VulnStrutturale = 0;
END IF;

UPDATE Stato S 
SET S.VulnSismica = VulnSismica,
    S.VulnIdrogeologica = VulnIdrogeologica,
    S.VulnTermica = VulnTermica,
    S.VulnStrutturale = VulnStrutturale
WHERE S.CodiceEdificio = CodiceEdi;


END IF;

END LOOP;
CLOSE Edifici;

END */ ;;
/*!50003 SET time_zone             = @saved_time_zone */ ;;
/*!50003 SET sql_mode              = @saved_sql_mode */ ;;
/*!50003 SET character_set_client  = @saved_cs_client */ ;;
/*!50003 SET character_set_results = @saved_cs_results */ ;;
/*!50003 SET collation_connection  = @saved_col_connection */ ;;
DELIMITER ;
/*!50106 SET TIME_ZONE= @save_time_zone */ ;

--
-- Dumping routines for database 'SmartBuildings'
--
/*!50003 DROP FUNCTION IF EXISTS `Distanza` */;
/*!50003 SET @saved_cs_client      = @@character_set_client */ ;
/*!50003 SET @saved_cs_results     = @@character_set_results */ ;
/*!50003 SET @saved_col_connection = @@collation_connection */ ;
/*!50003 SET character_set_client  = utf8mb4 */ ;
/*!50003 SET character_set_results = utf8mb4 */ ;
/*!50003 SET collation_connection  = utf8mb4_0900_ai_ci */ ;
/*!50003 SET @saved_sql_mode       = @@sql_mode */ ;
/*!50003 SET sql_mode              = 'ONLY_FULL_GROUP_BY,STRICT_TRANS_TABLES,NO_ZERO_IN_DATE,NO_ZERO_DATE,ERROR_FOR_DIVISION_BY_ZERO,NO_ENGINE_SUBSTITUTION' */ ;
DELIMITER ;;
CREATE DEFINER=`remoteroot`@`%` FUNCTION `Distanza`(lat1 FLOAT, lat2 FLOAT, lon1 FLOAT, lon2 FLOAT) RETURNS float
    DETERMINISTIC
BEGIN

        RETURN 111.111 *
    DEGREES(ACOS(LEAST(1.0, COS(RADIANS(lat1))
         * COS(RADIANS(lat2))
         * COS(RADIANS(lon1 - lon2))
         + SIN(RADIANS(lat1))
         * SIN(RADIANS(lat2)))));
END ;;
DELIMITER ;
/*!50003 SET sql_mode              = @saved_sql_mode */ ;
/*!50003 SET character_set_client  = @saved_cs_client */ ;
/*!50003 SET character_set_results = @saved_cs_results */ ;
/*!50003 SET collation_connection  = @saved_col_connection */ ;
/*!50003 DROP FUNCTION IF EXISTS `penale_ritardi` */;
/*!50003 SET @saved_cs_client      = @@character_set_client */ ;
/*!50003 SET @saved_cs_results     = @@character_set_results */ ;
/*!50003 SET @saved_col_connection = @@collation_connection */ ;
/*!50003 SET character_set_client  = utf8mb4 */ ;
/*!50003 SET character_set_results = utf8mb4 */ ;
/*!50003 SET collation_connection  = utf8mb4_0900_ai_ci */ ;
/*!50003 SET @saved_sql_mode       = @@sql_mode */ ;
/*!50003 SET sql_mode              = 'ONLY_FULL_GROUP_BY,STRICT_TRANS_TABLES,NO_ZERO_IN_DATE,NO_ZERO_DATE,ERROR_FOR_DIVISION_BY_ZERO,NO_ENGINE_SUBSTITUTION' */ ;
DELIMITER ;;
CREATE DEFINER=`remoteroot`@`%` FUNCTION `penale_ritardi`(codice_progetto INT, data_inizio DATE) RETURNS float
    DETERMINISTIC
BEGIN
	-- costo_derivato_ava è il costo dato solamente dai costi dei lavori, costo_stadio_ava è lo stesso costo, a cui sono aggiunti gli stipendi dei responsabili
	DECLARE costo_derivato_ava FLOAT;
    DECLARE costo_mat FLOAT;
    DECLARE costo_lav FLOAT;
    DECLARE stima_data_fine DATE DEFAULT NULL;
    DECLARE data_fine DATE DEFAULT NULL; 
    DECLARE costo_stadio_ava FLOAT;
    DECLARE multiplier FLOAT DEFAULT 0;
    DECLARE responsabili_daily FLOAT;
    
    SELECT SA.DataFine, SA.StimaDataFine
    FROM StadioAva SA
    WHERE SA.CodiceProgetto = codice_progetto
		  AND SA.DataInizio = data_inizio
	INTO data_fine, stima_data_fine;
          
	-- nel caso in cui lo stadio d'avanzamento non è ancora terminato, allora il suo costo non è ancora calcolabile
	IF data_fine IS NULL THEN
		SET costo_stadio_ava = NULL;
		RETURN costo_stadio_ava;
	END IF;
    
    SELECT SUM(IfNull(L.CostoMateriali, 0)), SUM(IfNull(L.CostoLavoratori, 0)) INTO costo_mat, costo_lav
	FROM Lavoro L
		 NATURAL JOIN
         StadioAva SA
	WHERE SA.CodiceProgetto = codice_progetto
		  AND SA.DataInizio = data_inizio;
          
	SELECT SUM(DISTINCT R.StipendioGiornaliero) INTO responsabili_daily
    FROM Responsabile R
		 NATURAL JOIN
         Gestione G
    WHERE G.CodiceProgetto = codice_progetto
		  AND G.DataInizio = data_inizio;
          
	SET costo_stadio_ava = costo_mat + costo_lav + responsabili_daily * DATEDIFF(data_fine, data_inizio);
	IF data_fine <= stima_data_fine THEN
    -- se la data va bene si ritorna costo derivato
		RETURN costo_stadio_ava;
	END IF;
    SET costo_lav = costo_lav * (DATEDIFF(data_fine, data_inizio)/7);
    SET multiplier = (DATEDIFF(data_fine, stima_data_fine) / DATEDIFF(data_fine, data_inizio)) * 0.7;
    RETURN multiplier * costo_stadio_ava + costo_stadio_ava;
END ;;
DELIMITER ;
/*!50003 SET sql_mode              = @saved_sql_mode */ ;
/*!50003 SET character_set_client  = @saved_cs_client */ ;
/*!50003 SET character_set_results = @saved_cs_results */ ;
/*!50003 SET collation_connection  = @saved_col_connection */ ;
/*!50003 DROP PROCEDURE IF EXISTS `classifica_aziende` */;
/*!50003 SET @saved_cs_client      = @@character_set_client */ ;
/*!50003 SET @saved_cs_results     = @@character_set_results */ ;
/*!50003 SET @saved_col_connection = @@collation_connection */ ;
/*!50003 SET character_set_client  = utf8mb4 */ ;
/*!50003 SET character_set_results = utf8mb4 */ ;
/*!50003 SET collation_connection  = utf8mb4_0900_ai_ci */ ;
/*!50003 SET @saved_sql_mode       = @@sql_mode */ ;
/*!50003 SET sql_mode              = 'ONLY_FULL_GROUP_BY,STRICT_TRANS_TABLES,NO_ZERO_IN_DATE,NO_ZERO_DATE,ERROR_FOR_DIVISION_BY_ZERO,NO_ENGINE_SUBSTITUTION' */ ;
DELIMITER ;;
CREATE DEFINER=`remoteroot`@`%` PROCEDURE `classifica_aziende`()
BEGIN

WITH Lista AS (SELECT El.Tipo, L.NomeFornitore
FROM EleStrutt El
INNER JOIN Utilizzo U ON U.X = El.X AND U.Y = El.Y AND U.Z = El.Z AND U.CodiceVano = El.CodiceVano
INNER JOIN Lotto L ON L.CodiceLotto = U.CodiceLotto)

SELECT D.Tipo, D.NomeFornitore
FROM (SELECT * FROM Lista) AS D
GROUP BY D.Tipo, D.NomeFornitore
HAVING COUNT(*) = (SELECT MAX(Conto) FROM 
				   (SELECT COUNT(*) AS Conto 
                   FROM Lista Li
                   WHERE Li.Tipo = D.Tipo
                   GROUP BY Li.NomeFornitore) AS T);
                   

END ;;
DELIMITER ;
/*!50003 SET sql_mode              = @saved_sql_mode */ ;
/*!50003 SET character_set_client  = @saved_cs_client */ ;
/*!50003 SET character_set_results = @saved_cs_results */ ;
/*!50003 SET collation_connection  = @saved_col_connection */ ;
/*!50003 DROP PROCEDURE IF EXISTS `classifica_punti_critici` */;
/*!50003 SET @saved_cs_client      = @@character_set_client */ ;
/*!50003 SET @saved_cs_results     = @@character_set_results */ ;
/*!50003 SET @saved_col_connection = @@collation_connection */ ;
/*!50003 SET character_set_client  = utf8mb4 */ ;
/*!50003 SET character_set_results = utf8mb4 */ ;
/*!50003 SET collation_connection  = utf8mb4_0900_ai_ci */ ;
/*!50003 SET @saved_sql_mode       = @@sql_mode */ ;
/*!50003 SET sql_mode              = 'ONLY_FULL_GROUP_BY,STRICT_TRANS_TABLES,NO_ZERO_IN_DATE,NO_ZERO_DATE,ERROR_FOR_DIVISION_BY_ZERO,NO_ENGINE_SUBSTITUTION' */ ;
DELIMITER ;;
CREATE DEFINER=`remoteroot`@`%` PROCEDURE `classifica_punti_critici`(IN CodiceEdificio INT)
BEGIN

DROP TABLE IF EXISTS RankPunti;
CREATE TEMPORARY TABLE RankPunti(
						X FLOAT,
                        Y FLOAT,
                        Z FLOAT,
                        CodiceVano INT,
                        Scostamento FLOAT,
                        EntitaDanno INT,
                        PRIMARY KEY(X,Y,Z,CodiceVano));

-- Inserisco i punti dei sensori1D

INSERT INTO RankPunti (X, Y, Z, CodiceVano, Scostamento)
SELECT X, Y, Z, CodiceVano, Scostamento
		FROM Alert1D A1D INNER JOIN Sensore1D S1D ON S1D.CodiceSensore = A1D.CodiceSensore
        WHERE Timestamp = (SELECT MAX(Timestamp) 
							FROM Alert1D A1D2
							WHERE A1D2.CodiceSensore = A1D.CodiceSensore
                            AND A1D2.Timestamp > (NOW() - INTERVAL 1 MONTH))
		AND CodiceVano IN (SELECT CodiceVano FROM Vano V WHERE V.CodiceEdificio = CodiceEdificio);

-- Inserisco i punti dei sensori2D

INSERT INTO RankPunti (X, Y, Z, CodiceVano, Scostamento)
SELECT X, Y, Z, CodiceVano, (ScostamentoX/2 + ScostamentoY/2) AS Scostamento
		FROM Alert2D A2D INNER JOIN Sensore2D S2D ON S2D.CodiceSensore = A2D.CodiceSensore
        WHERE Timestamp = (SELECT MAX(Timestamp) 
							FROM Alert2D A2D2
							WHERE A2D2.CodiceSensore = A2D.CodiceSensore
                            AND A2D2.Timestamp > (NOW() - INTERVAL 1 MONTH))
		AND CodiceVano IN (SELECT CodiceVano FROM Vano V WHERE V.CodiceEdificio = CodiceEdificio)
ON DUPLICATE KEY UPDATE    
Scostamento = (Scostamento + RankPunti.Scostamento)/2;

-- Inserisco i punti dei sensori3D

INSERT INTO RankPunti (X, Y, Z, CodiceVano, Scostamento)
SELECT X, Y, Z, CodiceVano, (ScostamentoX/3 + ScostamentoY/3 + ScostamentoZ/3) AS Scostamento
		FROM Alert3D A3D INNER JOIN Sensore3D S3D ON S3D.CodiceSensore = A3D.CodiceSensore
        WHERE Timestamp = (SELECT MAX(Timestamp) 
							FROM Alert3D A3D2
							WHERE A3D2.CodiceSensore = A3D.CodiceSensore
                            AND A3D2.Timestamp > (NOW() - INTERVAL 1 MONTH))
		AND CodiceVano IN (SELECT CodiceVano FROM Vano V WHERE V.CodiceEdificio = CodiceEdificio)
ON DUPLICATE KEY UPDATE    
Scostamento = (Scostamento + RankPunti.Scostamento)/2;


-- Inserisco i punti dei danni

INSERT INTO RankPunti (X, Y, Z, CodiceVano, EntitaDanno) 
SELECT X, Y, Z, CodiceVano, Entita  FROM Danno D 
INNER JOIN Riferimento R ON R.CodiceDanno = D.CodiceDanno
WHERE D.CodiceVano IN (SELECT CodiceVano FROM Vano V WHERE V.CodiceEdificio = CodiceEdificio)
AND D.Entita <> -1
ON DUPLICATE KEY UPDATE    
EntitaDanno = D.Entita;

SELECT * FROM RankPunti ORDER BY Scostamento, EntitaDanno;

END ;;
DELIMITER ;
/*!50003 SET sql_mode              = @saved_sql_mode */ ;
/*!50003 SET character_set_client  = @saved_cs_client */ ;
/*!50003 SET character_set_results = @saved_cs_results */ ;
/*!50003 SET collation_connection  = @saved_col_connection */ ;
/*!50003 DROP PROCEDURE IF EXISTS `classifica_punti_criticiS` */;
/*!50003 SET @saved_cs_client      = @@character_set_client */ ;
/*!50003 SET @saved_cs_results     = @@character_set_results */ ;
/*!50003 SET @saved_col_connection = @@collation_connection */ ;
/*!50003 SET character_set_client  = utf8mb4 */ ;
/*!50003 SET character_set_results = utf8mb4 */ ;
/*!50003 SET collation_connection  = utf8mb4_0900_ai_ci */ ;
/*!50003 SET @saved_sql_mode       = @@sql_mode */ ;
/*!50003 SET sql_mode              = 'ONLY_FULL_GROUP_BY,STRICT_TRANS_TABLES,NO_ZERO_IN_DATE,NO_ZERO_DATE,ERROR_FOR_DIVISION_BY_ZERO,NO_ENGINE_SUBSTITUTION' */ ;
DELIMITER ;;
CREATE DEFINER=`remoteroot`@`%` PROCEDURE `classifica_punti_criticiS`(IN codice_edificio INT)
BEGIN
DROP TEMPORARY TABLE IF EXISTS RankPunti;
CREATE TEMPORARY TABLE RankPunti(
						X FLOAT DEFAULT 0,
                        Y FLOAT DEFAULT 0,
                        Z FLOAT DEFAULT 0,
                        CodiceVano INT DEFAULT 0,
                        Scostamento FLOAT DEFAULT 0,
                        EntitaDanno INT DEFAULT 0,
                        PRIMARY KEY(X,Y,Z,CodiceVano));

-- Inserisco i punti dei sensori1D

INSERT INTO RankPunti (X, Y, Z, CodiceVano, Scostamento)
SELECT X, Y, Z, CodiceVano, Scostamento
		FROM Alert1D A1D INNER JOIN Sensore1D S1D ON S1D.CodiceSensore = A1D.CodiceSensore
        WHERE Timestamp = (SELECT MAX(Timestamp) 
							FROM Alert1D A1D2
							WHERE A1D2.CodiceSensore = A1D.CodiceSensore
                            AND A1D2.Timestamp > (NOW() - INTERVAL 1 MONTH))
		AND CodiceVano IN (SELECT CodiceVano FROM Vano V WHERE V.CodiceEdificio = codice_edificio);

-- Inserisco i punti dei sensori2D

INSERT INTO RankPunti (X, Y, Z, CodiceVano, Scostamento)
SELECT X, Y, Z, CodiceVano, (ScostamentoX/2 + ScostamentoY/2) AS Scostamento
		FROM Alert2D A2D INNER JOIN Sensore2D S2D ON S2D.CodiceSensore = A2D.CodiceSensore
        WHERE Timestamp = (SELECT MAX(Timestamp) 
							FROM Alert2D A2D2
							WHERE A2D2.CodiceSensore = A2D.CodiceSensore
                            AND A2D2.Timestamp > (NOW() - INTERVAL 1 MONTH))
		AND CodiceVano IN (SELECT CodiceVano FROM Vano V WHERE V.CodiceEdificio = codice_edificio)
ON DUPLICATE KEY UPDATE    
Scostamento = (Scostamento + RankPunti.Scostamento)/2;

-- Inserisco i punti dei sensori3D

INSERT INTO RankPunti (X, Y, Z, CodiceVano, Scostamento)
SELECT X, Y, Z, CodiceVano, (ScostamentoX/3 + ScostamentoY/3 + ScostamentoZ/3) AS Scostamento
		FROM Alert3D A3D INNER JOIN Sensore3D S3D ON S3D.CodiceSensore = A3D.CodiceSensore
        WHERE Timestamp = (SELECT MAX(Timestamp) 
							FROM Alert3D A3D2
							WHERE A3D2.CodiceSensore = A3D.CodiceSensore
                            AND A3D2.Timestamp > (NOW() - INTERVAL 1 MONTH))
		AND CodiceVano IN (SELECT CodiceVano FROM Vano V WHERE V.CodiceEdificio = codice_edificio)
ON DUPLICATE KEY UPDATE    
Scostamento = (Scostamento + RankPunti.Scostamento)/2;


-- Inserisco i punti dei danni

INSERT INTO RankPunti (X, Y, Z, CodiceVano, EntitaDanno) 
SELECT X, Y, Z, CodiceVano, Entita  FROM Danno D 
INNER JOIN Riferimento R ON R.CodiceDanno = D.CodiceDanno
WHERE D.CodiceVano IN (SELECT CodiceVano FROM Vano V WHERE V.CodiceEdificio = codice_edificio)
AND D.Entita <> -1
ON DUPLICATE KEY UPDATE    
EntitaDanno = D.Entita;

END ;;
DELIMITER ;
/*!50003 SET sql_mode              = @saved_sql_mode */ ;
/*!50003 SET character_set_client  = @saved_cs_client */ ;
/*!50003 SET character_set_results = @saved_cs_results */ ;
/*!50003 SET collation_connection  = @saved_col_connection */ ;
/*!50003 DROP PROCEDURE IF EXISTS `consigli_di_intervento` */;
/*!50003 SET @saved_cs_client      = @@character_set_client */ ;
/*!50003 SET @saved_cs_results     = @@character_set_results */ ;
/*!50003 SET @saved_col_connection = @@collation_connection */ ;
/*!50003 SET character_set_client  = utf8mb4 */ ;
/*!50003 SET character_set_results = utf8mb4 */ ;
/*!50003 SET collation_connection  = utf8mb4_0900_ai_ci */ ;
/*!50003 SET @saved_sql_mode       = @@sql_mode */ ;
/*!50003 SET sql_mode              = 'ONLY_FULL_GROUP_BY,STRICT_TRANS_TABLES,NO_ZERO_IN_DATE,NO_ZERO_DATE,ERROR_FOR_DIVISION_BY_ZERO,NO_ENGINE_SUBSTITUTION' */ ;
DELIMITER ;;
CREATE DEFINER=`remoteroot`@`%` PROCEDURE `consigli_di_intervento`(IN CodiceEdificio INT)
BEGIN
DECLARE RischioSismico FLOAT DEFAULT NULL;
DECLARE RischioFrana FLOAT DEFAULT NULL;
DECLARE RischioAlluvione FLOAT DEFAULT NULL;
DECLARE RischioEruzione FLOAT DEFAULT NULL;
DECLARE RischioTsunami FLOAT DEFAULT NULL;
DECLARE RischioLahar FLOAT DEFAULT NULL;


DROP TABLE IF EXISTS AlertDanni;
DROP TABLE IF EXISTS AlertDanniInfluenzati;
DROP TABLE IF EXISTS ElementiStrutturaliCoinvolti;
DROP TABLE IF EXISTS Consigli;
CREATE TEMPORARY TABLE AlertDanni(
						X FLOAT,
                        Y FLOAT,
                        Z FLOAT,
                        CodiceVano INT,
                        Tipo VARCHAR(45),
                        Scostamento FLOAT,
                        EntitaDanno INT,
                        PRIMARY KEY(X,Y,Z,CodiceVano)
                        );
                        
CREATE TEMPORARY TABLE AlertDanniInfluenzati(
						X FLOAT,
                        Y FLOAT,
                        Z FLOAT,
                        CodiceVano INT,
                        Tipo VARCHAR(45),
                        FattoreUrgenza FLOAT,
                        PRIMARY KEY(X,Y,Z,CodiceVano)
                        );

CREATE TEMPORARY TABLE ElementiStrutturaliCoinvolti(
						X FLOAT,
                        Y FLOAT,
                        Z FLOAT,
                        CodiceVano INT,
                        Nome VARCHAR(45),
                        FattoreUrgenza FLOAT,
                        PRIMARY KEY(X,Y,Z,CodiceVano)
						);

CREATE TEMPORARY TABLE Consigli(
						Consiglio VARCHAR(400),
                        Urgenza FLOAT,
                        CodiceVano INT,
                        PRIMARY KEY(Consiglio)
						);

-- Inserisco i punti dei sensori1D

INSERT INTO AlertDanni (X, Y, Z, CodiceVano, Tipo, Scostamento)
SELECT X, Y, Z, CodiceVano, Tipo, AVG(Scostamento)
		FROM Alert1D A1D NATURAL JOIN Sensore1D S1D 
        WHERE Timestamp > (NOW() - INTERVAL 1 WEEK)
        AND CodiceVano IN (SELECT CodiceVano FROM Vano V WHERE V.CodiceEdificio = CodiceEdificio)
GROUP BY CodiceSensore;
-- Inserisco i punti dei sensori2D

INSERT INTO AlertDanni (X, Y, Z, CodiceVano, Tipo, Scostamento)
SELECT X, Y, Z, CodiceVano, Tipo, AVG(ScostamentoX/2 + ScostamentoY/2) AS Scostamento
		FROM Alert2D A2D NATURAL JOIN Sensore2D S2D
        WHERE Timestamp > (NOW() - INTERVAL 1 WEEK)
		AND CodiceVano IN (SELECT CodiceVano FROM Vano V WHERE V.CodiceEdificio = CodiceEdificio)
GROUP BY CodiceSensore
ON DUPLICATE KEY UPDATE    
Scostamento = (Scostamento + AlertDanni.Scostamento)/2;

-- Inserisco i punti dei sensori3D

INSERT INTO AlertDanni (X, Y, Z, CodiceVano, Tipo, Scostamento)
SELECT X, Y, Z, CodiceVano, Tipo, AVG(ScostamentoX/3 + ScostamentoY/3 + ScostamentoZ/3) AS Scostamento
		FROM Alert3D A3D NATURAL JOIN Sensore3D S3D 
        WHERE Timestamp > (NOW() - INTERVAL 1 WEEK)
        AND CodiceVano IN (SELECT CodiceVano FROM Vano V WHERE V.CodiceEdificio = CodiceEdificio)
GROUP BY CodiceSensore
ON DUPLICATE KEY UPDATE    
Scostamento = (Scostamento + AlertDanni.Scostamento)/2;


-- Inserisco i punti dei danni(in questo caso senza la media fatta sugli alert per avere valori più attendibili)

INSERT INTO AlertDanni (X, Y, Z, CodiceVano, Tipo, EntitaDanno) 
SELECT X, Y, Z, CodiceVano, Tipo, Entita  FROM Danno D 
INNER JOIN Riferimento R ON R.CodiceDanno = D.CodiceDanno
WHERE D.CodiceVano IN (SELECT CodiceVano FROM Vano V WHERE V.CodiceEdificio = CodiceEdificio)
AND D.Entita <> -1
ON DUPLICATE KEY UPDATE    
EntitaDanno = D.Entita,
Tipo = D.Tipo;


-- Accedo ai rischi dell'area dell'edificio per incrociarli con i valori di sensori e danni

SELECT Coefficiente
FROM Rischio R
INNER JOIN AreaGeo A ON R.NomeArea = A.NomeArea
INNER JOIN Edificio E ON E.NomeArea = A.NomeArea
WHERE E.CodiceEdificio = CodiceEdificio
AND R.Tipo = 'Terremoto'
INTO RischioSismico;

SELECT Coefficiente
FROM Rischio R
INNER JOIN AreaGeo A ON R.NomeArea = A.NomeArea
INNER JOIN Edificio E ON E.NomeArea = A.NomeArea
WHERE E.CodiceEdificio = CodiceEdificio
AND R.Tipo = 'Frana'
INTO RischioFrana;

SELECT Coefficiente
FROM Rischio R
INNER JOIN AreaGeo A ON R.NomeArea = A.NomeArea
INNER JOIN Edificio E ON E.NomeArea = A.NomeArea
WHERE E.CodiceEdificio = CodiceEdificio
AND R.Tipo = 'Alluvione'
INTO RischioAlluvione;

SELECT Coefficiente
FROM Rischio R
INNER JOIN AreaGeo A ON R.NomeArea = A.NomeArea
INNER JOIN Edificio E ON E.NomeArea = A.NomeArea
WHERE E.CodiceEdificio = CodiceEdificio
AND R.Tipo = 'Eruzione'
INTO RischioEruzione;

SELECT Coefficiente
FROM Rischio R
INNER JOIN AreaGeo A ON R.NomeArea = A.NomeArea
INNER JOIN Edificio E ON E.NomeArea = A.NomeArea
WHERE E.CodiceEdificio = CodiceEdificio
AND R.Tipo = 'Tsunami'
INTO RischioTsunami;

SELECT Coefficiente
FROM Rischio R
INNER JOIN AreaGeo A ON R.NomeArea = A.NomeArea
INNER JOIN Edificio E ON E.NomeArea = A.NomeArea
WHERE E.CodiceEdificio = CodiceEdificio
AND R.Tipo = 'Lahar'
INTO RischioLahar;

-- Inserimento dei punti coperti solo dai sensori

INSERT INTO AlertDanniInfluenzati(X, Y, Z, CodiceVano, Tipo, FattoreUrgenza)
SELECT X, Y, Z, CodiceVano, Tipo, (Scostamento)
FROM AlertDanni
WHERE EntitaDanno IS NULL;

-- Inserimento dei soli punti che coinvolgono danni

INSERT INTO AlertDanniInfluenzati(X, Y, Z, CodiceVano, Tipo, FattoreUrgenza)
SELECT X, Y, Z, CodiceVano, Tipo, (EntitaDanno/9)
FROM AlertDanni
WHERE Scostamento IS NULL;

-- Inserimento dei punti che coinvolgono sensori e danni

INSERT INTO AlertDanniInfluenzati(X, Y, Z, CodiceVano, Tipo, FattoreUrgenza)
SELECT X, Y, Z, CodiceVano, Tipo, (Scostamento + EntitaDanno/9)/2
FROM AlertDanni
WHERE EntitaDanno IS NOT NULL AND Scostamento IS NOT NULL;


-- Aggiornamento del fattore urgenza attraverso i rischi

IF(RischioSismico IS NOT NULL) THEN
UPDATE AlertDanniInfluenzati
SET FattoreUrgenza = 1 -  EXP(LOG(1 - FattoreUrgenza) - RischioSismico)
WHERE Tipo IN ("Giroscopio", "Accelerometro", "Posizione", "Crepa");
END IF;

IF(RischioFrana IS NOT NULL) THEN
UPDATE AlertDanniInfluenzati
SET FattoreUrgenza = 1 -  EXP(LOG(1 - FattoreUrgenza) - RischioFrana)
WHERE Tipo IN ("Accelerometro", "UmiditaInterna", "UmiditaEsterna", "Posizione", "Crepa", "Precipitazione");
END IF;

IF(RischioAlluvione IS NOT NULL) THEN
UPDATE AlertDanniInfluenzati
SET FattoreUrgenza = 1 - EXP(-FattoreUrgenza - RischioAlluvione)
WHERE Tipo IN ("Accelerometro", "UmiditaInterna", "UmiditaEsterna", "Posizione", "Crepa", "Precipitazione", "TemperaturaInterna", "TemperaturaEsterna");
END IF;

IF(RischioEruzione IS NOT NULL) THEN
UPDATE AlertDanniInfluenzati
SET FattoreUrgenza = 1 -  EXP(LOG(1 - FattoreUrgenza) - RischioEruzione); -- colpisce tutto i danni e/o vulnerabilità
END IF;

IF(RischioTsunami IS NOT NULL) THEN
UPDATE AlertDanniInfluenzati
SET FattoreUrgenza = 1 -  EXP(LOG(1 - FattoreUrgenza) - RischioTsunami); -- colpisce tutto i danni e/o vulnerabilità
END IF;

IF(RischioLahar IS NOT NULL) THEN
UPDATE AlertDanniInfluenzati
SET FattoreUrgenza = 1 -  EXP(LOG(1 - FattoreUrgenza) - RischioLahar); -- colpisce tutto i danni e/o vulnerabilità
END IF;

-- Seleziono gli elementi strutturali che si trovano coinvolti nei punti evidenziati(secondo il modello di coordinate descritto)

INSERT INTO ElementiStrutturaliCoinvolti(X, Y, Z, CodiceVano, Nome, FattoreUrgenza)
SELECT E.X, E.Y, E.Z, E.CodiceVano, E.Tipo AS Nome, AVG(FattoreUrgenza) AS FattoreUrgenza 
FROM EleStrutt E
INNER JOIN AlertDanniInfluenzati ADI ON ADI.Codicevano = E.CodiceVano
AND ((ADI.X BETWEEN ((COS(E.Orientazione * 0.0174533) * E.Lunghezza) + E.X) AND (SIN(E.Orientazione * 0.0174533)* E.Larghezza + E.X) ) OR ADI.X BETWEEN (SIN(E.Orientazione * 0.0174533)* E.Larghezza + E.X) AND ((COS(E.Orientazione * 0.0174533) * E.Lunghezza) + E.X))
AND ((ADI.Y BETWEEN ((SIN(E.Orientazione * 0.0174533) * E.Lunghezza) + E.Y) AND (COS((E.Orientazione * 0.0174533))* E.Larghezza + E.Y)) OR ADI.Y BETWEEN (COS((E.Orientazione * 0.0174533))* E.Larghezza + E.Y) AND ((SIN(E.Orientazione * 0.0174533) * E.Lunghezza) + E.Y) )
AND
(ADI.Z BETWEEN E.Z AND (E.Altezza + E.Z))
INNER JOIN Vano V ON V.CodiceVano = E.CodiceVano 
WHERE V.CodiceEdificio = CodiceEdificio
GROUP BY E.X, E.Y, E.Z, E.Tipo, E.CodiceVano;

-- Inserisco i consigli all'interno della tabella finale

INSERT INTO Consigli(Consiglio, Urgenza, CodiceVano)
SELECT CONCAT("Ristruttura l'elemento di tipo ", ESC.Nome, " nel vano numero ", ESC.CodiceVano, " alle coordinate ", ESC.X, ", ", ESC.Y, ", ", ESC.Z),
 ESC.FattoreUrgenza,
 ESC.CodiceVano
 FROM ElementiStrutturaliCoinvolti ESC;
 
 -- Seleziono i consigli ottenuti
 
 SELECT Consiglio, Urgenza, CodiceVano, AVG(Urgenza) OVER(PARTITION BY CodiceVano)  AS UrgenzaMediaVano
 FROM Consigli 
 ORDER BY Urgenza DESC;


END ;;
DELIMITER ;
/*!50003 SET sql_mode              = @saved_sql_mode */ ;
/*!50003 SET character_set_client  = @saved_cs_client */ ;
/*!50003 SET character_set_results = @saved_cs_results */ ;
/*!50003 SET collation_connection  = @saved_col_connection */ ;
/*!50003 DROP PROCEDURE IF EXISTS `edifici_colpiti` */;
/*!50003 SET @saved_cs_client      = @@character_set_client */ ;
/*!50003 SET @saved_cs_results     = @@character_set_results */ ;
/*!50003 SET @saved_col_connection = @@collation_connection */ ;
/*!50003 SET character_set_client  = utf8mb4 */ ;
/*!50003 SET character_set_results = utf8mb4 */ ;
/*!50003 SET collation_connection  = utf8mb4_0900_ai_ci */ ;
/*!50003 SET @saved_sql_mode       = @@sql_mode */ ;
/*!50003 SET sql_mode              = 'ONLY_FULL_GROUP_BY,STRICT_TRANS_TABLES,NO_ZERO_IN_DATE,NO_ZERO_DATE,ERROR_FOR_DIVISION_BY_ZERO,NO_ENGINE_SUBSTITUTION' */ ;
DELIMITER ;;
CREATE DEFINER=`remoteroot`@`%` PROCEDURE `edifici_colpiti`(IN lat_epicentro FLOAT, IN lon_epicentro FLOAT, IN raggio FLOAT)
BEGIN
	DECLARE lat_edificio FLOAT DEFAULT 0;
    DECLARE lon_edificio FLOAT DEFAULT 0;
    DECLARE cod_edificio INTEGER DEFAULT 0;
    DECLARE finito1 BOOLEAN DEFAULT FALSE;
    DECLARE cur CURSOR FOR 
		SELECT Latitudine, Longitudine, CodiceEdificio
        FROM Edificio;
	DECLARE CONTINUE HANDLER FOR NOT FOUND
    SET finito1 = TRUE;
    DROP TEMPORARY TABLE IF EXISTS EdificiColpiti;
    CREATE TEMPORARY TABLE EdificiColpiti(
					CodiceEdificio INT DEFAULT 0,
					DistanzaEpicentro FLOAT,
					PRIMARY KEY(CodiceEdificio));
	OPEN cur;
	WHILE finito1 <> TRUE DO
		FETCH cur INTO lat_edificio, lon_edificio, cod_edificio;
        -- se la distanza è minore del raggio il terremoto ha effetto sull'edificio
        IF Distanza(lat_edificio, lat_epicentro, lon_edificio, lon_epicentro) < raggio THEN
			INSERT INTO EdificiColpiti
			VALUES (cod_edificio, Distanza(lat_edificio, lat_epicentro, lon_edificio, lon_epicentro));
		END IF;
	END WHILE;
END ;;
DELIMITER ;
/*!50003 SET sql_mode              = @saved_sql_mode */ ;
/*!50003 SET character_set_client  = @saved_cs_client */ ;
/*!50003 SET character_set_results = @saved_cs_results */ ;
/*!50003 SET collation_connection  = @saved_col_connection */ ;
/*!50003 DROP PROCEDURE IF EXISTS `gravita_calamita` */;
/*!50003 SET @saved_cs_client      = @@character_set_client */ ;
/*!50003 SET @saved_cs_results     = @@character_set_results */ ;
/*!50003 SET @saved_col_connection = @@collation_connection */ ;
/*!50003 SET character_set_client  = utf8mb4 */ ;
/*!50003 SET character_set_results = utf8mb4 */ ;
/*!50003 SET collation_connection  = utf8mb4_0900_ai_ci */ ;
/*!50003 SET @saved_sql_mode       = @@sql_mode */ ;
/*!50003 SET sql_mode              = 'ONLY_FULL_GROUP_BY,STRICT_TRANS_TABLES,NO_ZERO_IN_DATE,NO_ZERO_DATE,ERROR_FOR_DIVISION_BY_ZERO,NO_ENGINE_SUBSTITUTION' */ ;
DELIMITER ;;
CREATE DEFINER=`remoteroot`@`%` PROCEDURE `gravita_calamita`(IN CodiceCalamita INT)
BEGIN
DECLARE Gravita INT;
DECLARE EntitaVicina FLOAT;
DECLARE EntitaMedia FLOAT;
DECLARE EntitaLontana FLOAT;


WITH Calamita AS (SELECT * FROM Calamita C1 
				  WHERE C1.CodiceCalamita = CodiceCalamita),
   DanniTotali AS (SELECT D.CodiceDanno, E.Latitudine, E.Longitudine, D.Entita
FROM Calamita C
INNER JOIN Danno D ON D.CodiceCalamita = C.CodiceCalamita
INNER JOIN Vano V ON D.CodiceVano = V.CodiceVano
INNER JOIN Edificio E ON E.CodiceEdificio = V.CodiceEdificio
WHERE C.CodiceCalamita = CodiceCalamita
AND D.Entita <> -1)

SELECT (SELECT DISTINCT AVG(Entita)
		FROM (SELECT * FROM DanniTotali) AS T 
        WHERE ((Distanza(T.Latitudine, (SELECT Latitudine FROM Calamita), T.Longitudine, (SELECT Longitudine FROM Calamita))/
        (SELECT Raggio FROM Calamita)) < 0.25)), 
         (SELECT DISTINCT AVG(Entita)
		FROM (SELECT * FROM DanniTotali) AS T 
        WHERE ((Distanza(T.Latitudine, (SELECT Latitudine FROM Calamita), T.Longitudine, (SELECT Longitudine FROM Calamita))/
        (SELECT Raggio FROM Calamita)) BETWEEN 0.25 AND 0.50)),
        (SELECT DISTINCT AVG(Entita)
		FROM (SELECT * FROM DanniTotali) AS T 
        WHERE ((Distanza(T.Latitudine, (SELECT Latitudine FROM Calamita), T.Longitudine, (SELECT Longitudine FROM Calamita))/
        (SELECT Raggio FROM Calamita)) > 0.50))
INTO EntitaVicina, EntitaMedia, EntitaLontana;

IF EntitaVicina IS NULL THEN
SET EntitaVicina = 0;
END IF;

IF EntitaMedia IS NULL THEN
SET EntitaMedia = 0;
END IF;

IF EntitaLontana IS NULL THEN
SET EntitaLontana = 0;
END IF;

SET Gravita = CAST(((3 + EntitaVicina + EntitaMedia + EntitaLontana)/3) AS SIGNED INT);

UPDATE Calamita
SET LivelloGravita = Gravita
WHERE CodiceCalamita = CodiceCalamita;

END ;;
DELIMITER ;
/*!50003 SET sql_mode              = @saved_sql_mode */ ;
/*!50003 SET character_set_client  = @saved_cs_client */ ;
/*!50003 SET character_set_results = @saved_cs_results */ ;
/*!50003 SET collation_connection  = @saved_col_connection */ ;
/*!50003 DROP PROCEDURE IF EXISTS `installazione_sensore` */;
/*!50003 SET @saved_cs_client      = @@character_set_client */ ;
/*!50003 SET @saved_cs_results     = @@character_set_results */ ;
/*!50003 SET @saved_col_connection = @@collation_connection */ ;
/*!50003 SET character_set_client  = utf8mb4 */ ;
/*!50003 SET character_set_results = utf8mb4 */ ;
/*!50003 SET collation_connection  = utf8mb4_0900_ai_ci */ ;
/*!50003 SET @saved_sql_mode       = @@sql_mode */ ;
/*!50003 SET sql_mode              = 'ONLY_FULL_GROUP_BY,STRICT_TRANS_TABLES,NO_ZERO_IN_DATE,NO_ZERO_DATE,ERROR_FOR_DIVISION_BY_ZERO,NO_ENGINE_SUBSTITUTION' */ ;
DELIMITER ;;
CREATE DEFINER=`remoteroot`@`%` PROCEDURE `installazione_sensore`(IN Tipo VARCHAR(45), IN Dimensioni INT, IN CodiceSensore INT, IN CodiceVano INT)
BEGIN
DECLARE fine INT DEFAULT 0;
DECLARE Vertice1C FLOAT;
DECLARE Vertice1X FLOAT;
DECLARE Vertice1Y FLOAT;
DECLARE Vertice2C FLOAT;
DECLARE Vertice2X FLOAT;
DECLARE Vertice2Y FLOAT;
DECLARE X FLOAT DEFAULT -1;
DECLARE Y FLOAT DEFAULT -1;
DECLARE Z FLOAT DEFAULT -1;
DECLARE Vertici CURSOR FOR (SELECT VV.Cardinalita, VV.X, VV.Y FROM VertVano VV
    WHERE VV.CodiceVano = CodiceVano);
DECLARE CONTINUE HANDLER FOR NOT FOUND SET fine = 1;

SET Z = (SELECT AltezzaMax FROM Vano V WHERE V.CodiceVano = CodiceVano)/2;

CASE
-- Sensori a 1 dimensione

    WHEN Dimensioni=1 THEN 
    OPEN Vertici;
    ciclo:LOOP
    FETCH Vertici INTO Vertice2C, Vertice2X, Vertice2Y;
    IF fine = 1 THEN LEAVE ciclo;
	END IF;
    
    IF(Vertice2C > 0) THEN
    SET X = ABS(Vertice2X - Vertice1X)/2;
    SET Y = ABS(Vertice2Y - Vertice2Y)/2;
    
		IF((SELECT COUNT(*) FROM Sensore1D S1D 
		   WHERE S1D.Tipo = Tipo
		   AND S1D.X = X
		   AND S1D.Y = Y
		   AND S1D.Z = Z
           AND S1D.CodiceVano = CodiceVano) = 0) THEN
		   LEAVE ciclo;
		ELSE
			SET X = -1;
            SET Y = -1;
		END IF;
        
    END IF;
    
    SET Vertice1C = Vertice2C;
    SET Vertice1X = Vertice2X;
    SET Vertice1Y = Vertice2Y;
    END LOOP;
	CLOSE Vertici;
    
    IF((X=-1) OR (Y=-1) OR (Z=-1)) THEN
	SIGNAL SQLSTATE '45000'
		SET MESSAGE_TEXT = 'Assenza di spazio per il sensore';
	END IF;
    
    INSERT INTO Sensore1D(CodiceSensore, X, Y, Z, Tipo, DataInstallazione, CodiceVano)
		VALUES(CodiceSensore, X, Y, Z, Tipo, CURRENT_TIMESTAMP, CodiceVano);
        
    IF(Tipo = 'Temperatura') THEN
		INSERT INTO SogliaInferiore(CodiceSensore)
			VALUES(CodiceSensor);
    END IF;    
    
-- Sensori a 2 dimensioni
    
    WHEN Dimensioni=2 THEN 
    OPEN Vertici;
    ciclo:LOOP
    FETCH Vertici INTO Vertice2C, Vertice2X, Vertice2Y;
    IF fine = 1 THEN LEAVE ciclo;
	END IF;
    
    IF(Vertice2C > 0) THEN
    SET X = ABS(Vertice2X - Vertice1X)/2;
    SET Y = ABS(Vertice2Y - Vertice2Y)/2;
    
		IF((SELECT COUNT(*) FROM Sensore2D S2D 
		   WHERE S2D.Tipo = Tipo
		   AND S2D.X = X
		   AND S2D.Y = Y
		   AND S2D.Z = Z
           AND S2D.CodiceVano = CodiceVano) = 0) THEN
		   LEAVE ciclo;
		ELSE
			SET X = -1;
            SET Y = -1;
		END IF;
        
    END IF;
    
    SET Vertice1C = Vertice2C;
    SET Vertice1X = Vertice2X;
    SET Vertice1Y = Vertice2Y;
    END LOOP;
	CLOSE Vertici;
    
    IF((X=-1) OR (Y=-1) OR (Z=-1)) THEN
	SIGNAL SQLSTATE '45000'
		SET MESSAGE_TEXT = 'Assenza di spazio per il sensore';
	END IF;
    
    INSERT INTO Sensore2D(CodiceSensore, X, Y, Z, Tipo, DataInstallazione, CodiceVano)
		VALUES(CodiceSensore, X, Y, Z, Tipo, CURRENT_TIMESTAMP, CodiceVano);

-- Sensori a 3 dimensioni
    
    WHEN Dimensioni=3 THEN 
    OPEN Vertici;
    ciclo:LOOP
    FETCH Vertici INTO Vertice2C, Vertice2X, Vertice2Y;
    IF fine = 1 THEN LEAVE ciclo;
	END IF;
    
    IF(Vertice2C > 0) THEN
    SET X = ABS(Vertice2X - Vertice1X)/2;
    SET Y = ABS(Vertice2Y - Vertice2Y)/2;
    
		IF((SELECT COUNT(*) FROM Sensore3D S3D 
		   WHERE S3D.Tipo = Tipo
		   AND S3D.X = X
		   AND S3D.Y = Y
		   AND S3D.Z = Z
           AND S3D.CodiceVano = CodiceVano) = 0) THEN
		   LEAVE ciclo;
		ELSE
			SET X = -1;
            SET Y = -1;
		END IF;
        
    END IF;
    
    SET Vertice1C = Vertice2C;
    SET Vertice1X = Vertice2X;
    SET Vertice1Y = Vertice2Y;
    END LOOP;
	CLOSE Vertici;
    
    IF((X=-1) OR (Y=-1) OR (Z=-1)) THEN
	SIGNAL SQLSTATE '45000'
		SET MESSAGE_TEXT = 'Assenza di spazio per il sensore';
	END IF;
    
    INSERT INTO Sensore3D(CodiceSensore, X, Y, Z, Tipo, DataInstallazione, CodiceVano)
		VALUES(CodiceSensore, X, Y, Z, Tipo, CURRENT_TIMESTAMP, CodiceVano);

END CASE;


END ;;
DELIMITER ;
/*!50003 SET sql_mode              = @saved_sql_mode */ ;
/*!50003 SET character_set_client  = @saved_cs_client */ ;
/*!50003 SET character_set_results = @saved_cs_results */ ;
/*!50003 SET collation_connection  = @saved_col_connection */ ;
/*!50003 DROP PROCEDURE IF EXISTS `installazione_sensore_con_danni` */;
/*!50003 SET @saved_cs_client      = @@character_set_client */ ;
/*!50003 SET @saved_cs_results     = @@character_set_results */ ;
/*!50003 SET @saved_col_connection = @@collation_connection */ ;
/*!50003 SET character_set_client  = utf8mb4 */ ;
/*!50003 SET character_set_results = utf8mb4 */ ;
/*!50003 SET collation_connection  = utf8mb4_0900_ai_ci */ ;
/*!50003 SET @saved_sql_mode       = @@sql_mode */ ;
/*!50003 SET sql_mode              = 'ONLY_FULL_GROUP_BY,STRICT_TRANS_TABLES,NO_ZERO_IN_DATE,NO_ZERO_DATE,ERROR_FOR_DIVISION_BY_ZERO,NO_ENGINE_SUBSTITUTION' */ ;
DELIMITER ;;
CREATE DEFINER=`remoteroot`@`%` PROCEDURE `installazione_sensore_con_danni`(IN Tipo VARCHAR(45), IN Dimensioni INT, IN CodiceSensore INT, IN CodiceVano INT, IN CodiceDanno INT)
BEGIN
DECLARE X FLOAT DEFAULT -1;
DECLARE Y FLOAT DEFAULT -1;
DECLARE Z FLOAT DEFAULT -1;

SELECT R.X, R.Y, R.Z 
INTO X, Y, Z
FROM Riferimento R 
WHERE R.CodiceDanno = CodiceDanno;

CASE
-- Sensore a 1 dimensione
	WHEN Dimensioni = 1 THEN
	 INSERT INTO Sensore1D(CodiceSensore, X, Y, Z, Tipo, DataInstallazione, CodiceVano)
		VALUES(CodiceSensore, X, Y, Z, Tipo, CURRENT_TIMESTAMP, CodiceVano);
        
     IF(Tipo = 'TemperaturaInterna' OR Tipo = 'TemperaturaEsterna') THEN
		INSERT INTO SogliaInferiore(CodiceSensore)
			VALUES(CodiceSensore);
    END IF;      
    
-- Sensore a 2 dimensioni
    WHEN Dimensioni = 2 THEN
    INSERT INTO Sensore2D(CodiceSensore, X, Y, Z, Tipo, DataInstallazione, CodiceVano)
		VALUES(CodiceSensore, X, Y, Z, Tipo, CURRENT_TIMESTAMP, CodiceVano);
        
-- Sensore a 3 dimensioni
    WHEN Dimensioni = 3 THEN
    
    INSERT INTO Sensore3D(CodiceSensore, X, Y, Z, Tipo, DataInstallazione, CodiceVano)
		VALUES(CodiceSensore, X, Y, Z, Tipo, CURRENT_TIMESTAMP, CodiceVano);
    
END CASE;

END ;;
DELIMITER ;
/*!50003 SET sql_mode              = @saved_sql_mode */ ;
/*!50003 SET character_set_client  = @saved_cs_client */ ;
/*!50003 SET character_set_results = @saved_cs_results */ ;
/*!50003 SET collation_connection  = @saved_col_connection */ ;
/*!50003 DROP PROCEDURE IF EXISTS `report_progettuale` */;
/*!50003 SET @saved_cs_client      = @@character_set_client */ ;
/*!50003 SET @saved_cs_results     = @@character_set_results */ ;
/*!50003 SET @saved_col_connection = @@collation_connection */ ;
/*!50003 SET character_set_client  = utf8mb4 */ ;
/*!50003 SET character_set_results = utf8mb4 */ ;
/*!50003 SET collation_connection  = utf8mb4_0900_ai_ci */ ;
/*!50003 SET @saved_sql_mode       = @@sql_mode */ ;
/*!50003 SET sql_mode              = 'ONLY_FULL_GROUP_BY,STRICT_TRANS_TABLES,NO_ZERO_IN_DATE,NO_ZERO_DATE,ERROR_FOR_DIVISION_BY_ZERO,NO_ENGINE_SUBSTITUTION' */ ;
DELIMITER ;;
CREATE DEFINER=`SmartBuildings`@`%` PROCEDURE `report_progettuale`(IN codice_progetto INT)
BEGIN
	DECLARE giorni INT;
    DECLARE area_geo VARCHAR(40);
    DECLARE vera_fine DATE;
    DECLARE costo_mat INT;
    DECLARE costo_lav INT;
    DECLARE costo_res INT;
    DECLARE costo_tot INT;
    
    SELECT A.NomeArea INTO area_geo
    FROM AreaGeo A
    INNER JOIN Edificio E ON E.NomeArea = A.NomeArea
    INNER JOIN Progetto P ON P.CodiceEdificio = E.CodiceEdificio
    WHERE P.CodiceProgetto = codice_progetto;
    
    SELECT IF(DataFine IS NULL, StimaDataFine, DataFine) INTO vera_fine
    FROM Progetto
    WHERE CodiceProgetto = codice_progetto;
    
    SELECT DATEDIFF(vera_fine, DataInizio) INTO giorni
    FROM Progetto
    WHERE CodiceProgetto = codice_progetto;
    
    SELECT SUM(L.CostoMateriali), SUM(L.CostoLavoratori) INTO costo_mat, costo_lav 
	FROM Progetto P
	INNER JOIN StadioAva S ON S.CodiceProgetto = P.CodiceProgetto
	INNER JOIN Lavoro L ON L.CodiceProgetto = P.CodiceProgetto
    WHERE P.CodiceProgetto = codice_progetto;
    
    SELECT SUM(StipendioGiornaliero) * giorni INTO costo_res
	FROM Progetto P
	INNER JOIN Gestione G ON G.CodiceProgetto = P.CodiceProgetto
	INNER JOIN Responsabile R ON R.CodFiscale = G.CodFiscale
    WHERE P.CodiceProgetto = codice_progetto;
    
    SET costo_tot = costo_mat + costo_lav + costo_res;
    
    DROP TEMPORARY TABLE IF EXISTS Report;
	CREATE TEMPORARY TABLE Report (
		CodiceProgetto INT,
        CostoProgetto INT DEFAULT 0,
        Tempo INT,
        AreaGeografica VARCHAR(40),
        PRIMARY KEY (CodiceProgetto, CostoProgetto, Tempo, AreaGeografica)
	);
    INSERT INTO Report (CodiceProgetto, Tempo, AreaGeografica, CostoProgetto)
    VALUE (codice_progetto, giorni, area_geo, costo_res);

  
  SELECT *
  FROM Report;
END ;;
DELIMITER ;
/*!50003 SET sql_mode              = @saved_sql_mode */ ;
/*!50003 SET character_set_client  = @saved_cs_client */ ;
/*!50003 SET character_set_results = @saved_cs_results */ ;
/*!50003 SET collation_connection  = @saved_col_connection */ ;
/*!50003 DROP PROCEDURE IF EXISTS `stima_danni` */;
/*!50003 SET @saved_cs_client      = @@character_set_client */ ;
/*!50003 SET @saved_cs_results     = @@character_set_results */ ;
/*!50003 SET @saved_col_connection = @@collation_connection */ ;
/*!50003 SET character_set_client  = utf8mb4 */ ;
/*!50003 SET character_set_results = utf8mb4 */ ;
/*!50003 SET collation_connection  = utf8mb4_0900_ai_ci */ ;
/*!50003 SET @saved_sql_mode       = @@sql_mode */ ;
/*!50003 SET sql_mode              = 'ONLY_FULL_GROUP_BY,STRICT_TRANS_TABLES,NO_ZERO_IN_DATE,NO_ZERO_DATE,ERROR_FOR_DIVISION_BY_ZERO,NO_ENGINE_SUBSTITUTION' */ ;
DELIMITER ;;
CREATE DEFINER=`remoteroot`@`%` PROCEDURE `stima_danni`(IN lat_epicentro FLOAT, IN lon_epicentro FLOAT, IN raggio FLOAT, IN magnitudo_100km FLOAT)
BEGIN
	DECLARE finito2 BOOLEAN DEFAULT FALSE;
    DECLARE codice INTEGER DEFAULT 0;
    DECLARE distanza FLOAT DEFAULT 0;
    -- questa variabile indica i danni del solo terremoto (in punti non danneggiati dell'edificio)
    DECLARE danni_terremoto FLOAT DEFAULT 0;
    -- ampiezza_onda rappresenta una costante: l'ampiezza dell'onda nell'epicentro
    DECLARE ampiezza_onda FLOAT DEFAULT 0;
	
	DECLARE curs CURSOR FOR 
		SELECT *
        FROM EdificiColpiti;
	DECLARE CONTINUE HANDLER FOR NOT FOUND
    SET finito2 = TRUE;
	OPEN curs;
    
    IF (SELECT COUNT(*) FROM EdificiColpiti) = 0 THEN
		SIGNAL SQLSTATE '45000'
        SET MESSAGE_TEXT = 'Non ci sono edifici colpiti';
	END IF;
    -- creare una table che contiene rankpunti + CodiceEdificio e i nuovi dati
    DROP TEMPORARY TABLE IF EXISTS StatoDopoTerremoto;
    CREATE TEMPORARY TABLE StatoDopoTerremoto (
		X FLOAT DEFAULT 0,
		Y FLOAT DEFAULT 0,
		Z FLOAT DEFAULT 0,
		CodiceVano INT DEFAULT 0,
		DannoRichter FLOAT DEFAULT 0,
        Stato VARCHAR(40) DEFAULT NULL,
		PRIMARY KEY(X,Y,Z, CodiceVano));
    
    
	WHILE finito2 <> TRUE DO
		FETCH curs INTO codice, distanza;
        -- utilizzo la formula inversa per calcolare l'ampiezza dell'onda
        SET ampiezza_onda = 2.71^(magnitudo_100km - 1.6 * log10(1 + distanza) - 0.15);
        CALL classifica_punti_criticiS(codice);
        -- inserisco in RankPunti un record che indica i punti non danneggiati di quell'edificio
        INSERT INTO RankPunti(X,Y,Z, CodiceVano)
        SELECT DISTINCT -1, -1, -1, V.CodiceVano
        FROM Vano V
        WHERE V.CodiceEdificio = codice
        AND NOT EXISTS(SELECT * FROM Danno D WHERE D.CodiceVano = V.CodiceVano);
        
        -- aggiungo alla tabella magnitudo e danni secondo la scala richter
        ALTER TABLE RankPunti
        ADD Magnitudo FLOAT DEFAULT 0, ADD DannoRichter FLOAT DEFAULT 0, ADD Stato VARCHAR(30) DEFAULT NULL;
		-- calcolo la magnitudo nel punto in cui si trovano gli edifici
        UPDATE RankPunti
        SET Magnitudo = log10(1 + ampiezza_onda) + 1.6 * log10(1 + distanza) + 0.15,
        DannoRichter = Magnitudo;
        -- rendo EntitaDanno compatibile con DannoRichter
        UPDATE RankPunti
        SET EntitaDanno = 0
        WHERE EntitaDanno = -1;
        UPDATE RankPunti
        SET EntitaDanno = EntitaDanno - 1 
        WHERE EntitaDanno BETWEEN 0 AND 9;
        
        -- creo la legge che modifica dannirichter in base ai danni gia presenti
        UPDATE RankPunti
        SET DannoRichter = 0.17 * EntitaDanno + DannoRichter
        WHERE X <> -1;
        
        -- imposto l'effetto del terremoto su ogni vano in base al DannoRichter
        UPDATE RankPunti
		SET Stato = 'Nessun effetto'
		WHERE DannoRichter BETWEEN 0 AND 3.999999;
        UPDATE RankPunti
        SET Stato = 'Danni lievi'
		WHERE DannoRichter BETWEEN 4 AND 4.999999;
        UPDATE RankPunti
        SET Stato = 'Danni medio-gravi'
        WHERE DannoRichter BETWEEN 5 AND 5.499999;
        UPDATE RankPunti
        SET Stato = 'Danni gravi'
		WHERE DannoRichter BETWEEN 5.5 AND 5.999999;
        UPDATE RankPunti
		SET Stato = 'Danni molto gravi'
		WHERE DannoRichter BETWEEN 6 AND 6.49999999;
        UPDATE RankPunti
		SET Stato = 'Danni catastrofici'
		WHERE DannoRichter > 6.5;
        
        -- inserimento nella nuova tabella
        INSERT INTO StatoDopoTerremoto (X, Y, Z, CodiceVano, DannoRichter, Stato)
        SELECT X, Y, Z, CodiceVano, DannoRichter, Stato
        FROM RankPunti;
	END WHILE;
    
    SELECT *
    FROM StatoDopoTerremoto;
END ;;
DELIMITER ;
/*!50003 SET sql_mode              = @saved_sql_mode */ ;
/*!50003 SET character_set_client  = @saved_cs_client */ ;
/*!50003 SET character_set_results = @saved_cs_results */ ;
/*!50003 SET collation_connection  = @saved_col_connection */ ;
/*!40103 SET TIME_ZONE=@OLD_TIME_ZONE */;

/*!40101 SET SQL_MODE=@OLD_SQL_MODE */;
/*!40014 SET FOREIGN_KEY_CHECKS=@OLD_FOREIGN_KEY_CHECKS */;
/*!40014 SET UNIQUE_CHECKS=@OLD_UNIQUE_CHECKS */;
/*!40101 SET CHARACTER_SET_CLIENT=@OLD_CHARACTER_SET_CLIENT */;
/*!40101 SET CHARACTER_SET_RESULTS=@OLD_CHARACTER_SET_RESULTS */;
/*!40101 SET COLLATION_CONNECTION=@OLD_COLLATION_CONNECTION */;
/*!40111 SET SQL_NOTES=@OLD_SQL_NOTES */;

